#
# There is insufficient memory for the Java Runtime Environment to continue.
# Native memory allocation (malloc) failed to allocate 1309984 bytes. Error detail: Chunk::new
# Possible reasons:
#   The system is out of physical RAM or swap space
#   This process is running with CompressedOops enabled, and the Java Heap may be blocking the growth of the native heap
# Possible solutions:
#   Reduce memory load on the system
#   Increase physical memory or swap space
#   Check if swap backing store is full
#   Decrease Java heap size (-Xmx/-Xms)
#   Decrease number of Java threads
#   Decrease Java thread stack sizes (-Xss)
#   Set larger code cache with -XX:ReservedCodeCacheSize=
#   JVM is running with Unscaled Compressed Oops mode in which the Java heap is
#     placed in the first 4GB address space. The Java Heap base address is the
#     maximum limit for the native heap growth. Please use -XX:HeapBaseMinAddress
#     to set the Java Heap base and to place the Java Heap above 4GB virtual address.
# This output file may be truncated or incomplete.
#
#  Out of Memory Error (arena.cpp:168), pid=9180, tid=33628
#
# JRE version: OpenJDK Runtime Environment (21.0.10) (build 21.0.10+-14961533-b1163.108)
# Java VM: OpenJDK 64-Bit Server VM (21.0.10+-14961533-b1163.108, mixed mode, tiered, compressed oops, compressed class ptrs, g1 gc, windows-amd64)
# No core dump will be written. Minidumps are not enabled by default on client versions of Windows
#

---------------  S U M M A R Y ------------

Command Line: --add-opens=java.base/java.lang=ALL-UNNAMED --add-opens=java.base/java.lang.invoke=ALL-UNNAMED --add-opens=java.base/java.util=ALL-UNNAMED --add-opens=java.prefs/java.util.prefs=ALL-UNNAMED --add-exports=jdk.compiler/com.sun.tools.javac.api=ALL-UNNAMED --add-exports=jdk.compiler/com.sun.tools.javac.util=ALL-UNNAMED --add-opens=java.base/java.util=ALL-UNNAMED --add-opens=java.prefs/java.util.prefs=ALL-UNNAMED --add-opens=java.base/java.nio.charset=ALL-UNNAMED --add-opens=java.base/java.net=ALL-UNNAMED --add-opens=java.base/java.util.concurrent=ALL-UNNAMED --add-opens=java.base/java.util.concurrent.atomic=ALL-UNNAMED --add-opens=java.xml/javax.xml.namespace=ALL-UNNAMED --add-opens=java.base/java.time=ALL-UNNAMED -Xmx2048m -Dfile.encoding=UTF-8 -Duser.country=ID -Duser.language=en -Duser.variant -javaagent:C:\Users\Anselmus\.gradle\wrapper\dists\gradle-9.4.1-bin\arn2x92ynaizyzdaamcbpbhtj\gradle-9.4.1\lib\agents\gradle-instrumentation-agent-9.4.1.jar org.gradle.launcher.daemon.bootstrap.GradleDaemon 9.4.1

Host: AMD Ryzen 5 5600H with Radeon Graphics         , 12 cores, 19G,  Windows 11 , 64 bit Build 26100 (10.0.26100.8328)
Time: Fri May 22 18:38:36 2026 SE Asia Standard Time elapsed time: 14.839955 seconds (0d 0h 0m 14s)

---------------  T H R E A D  ---------------

Current thread (0x000001e34df1f010):  JavaThread "C2 CompilerThread2" daemon [_thread_in_native, id=33628, stack(0x00000073aea00000,0x00000073aeb00000) (1024K)]


Current CompileTask:
C2:14840 10897       4       org.jetbrains.org.objectweb.asm.ClassReader::readMethod (1093 bytes)

Stack: [0x00000073aea00000,0x00000073aeb00000]
Native frames: (J=compiled Java code, j=interpreted, Vv=VM code, C=native code)
V  [jvm.dll+0x6d78a9]
V  [jvm.dll+0x8665b3]
V  [jvm.dll+0x868bde]
V  [jvm.dll+0x8692c3]
V  [jvm.dll+0x280ee6]
V  [jvm.dll+0xc07cd]
V  [jvm.dll+0xc0d03]
V  [jvm.dll+0x3ba0cb]
V  [jvm.dll+0x1dfe64]
V  [jvm.dll+0x249d24]
V  [jvm.dll+0x2491a1]
V  [jvm.dll+0x1c76e4]
V  [jvm.dll+0x25891e]
V  [jvm.dll+0x256e66]
V  [jvm.dll+0x3f513e]
V  [jvm.dll+0x80fd28]
V  [jvm.dll+0x6d60fd]
C  [ucrtbase.dll+0x37b0]
C  [KERNEL32.DLL+0x2e957]
C  [ntdll.dll+0x427c]


---------------  P R O C E S S  ---------------

Threads class SMR info:
_java_thread_list=0x000001e34fb90910, length=58, elements={
0x000001e32c1d7ce0, 0x000001e34610c890, 0x000001e346138de0, 0x000001e3461449e0,
0x000001e34614dbb0, 0x000001e34614e220, 0x000001e3461644a0, 0x000001e3461661f0,
0x000001e34616ac00, 0x000001e34616b2b0, 0x000001e34657ee90, 0x000001e34bcf6650,
0x000001e34b4e90f0, 0x000001e34c5a53a0, 0x000001e34cd055a0, 0x000001e34bc41870,
0x000001e34c6380b0, 0x000001e34ca98a80, 0x000001e34cce9010, 0x000001e34cce96a0,
0x000001e34cce82f0, 0x000001e34cce8980, 0x000001e34d89c220, 0x000001e34d89fd30,
0x000001e34d89cf40, 0x000001e34d89e2f0, 0x000001e34d8a03c0, 0x000001e34d8a1770,
0x000001e34d8a1e00, 0x000001e34d8a0a50, 0x000001e34d89e980, 0x000001e34d89f010,
0x000001e34d8a10e0, 0x000001e34d8a2490, 0x000001e34d8a2b20, 0x000001e34d89f6a0,
0x000001e34d8a31b0, 0x000001e34d8a3840, 0x000001e34d90e970, 0x000001e34d90f690,
0x000001e34d90c8a0, 0x000001e34d90dc50, 0x000001e34d90c210, 0x000001e34d90f000,
0x000001e34d90fd20, 0x000001e34d90d5c0, 0x000001e34d912b10, 0x000001e34d9131a0,
0x000001e34d913830, 0x000001e34d9103b0, 0x000001e34d911df0, 0x000001e34d9110d0,
0x000001e34d911760, 0x000001e34d912480, 0x000001e35142ff60, 0x000001e3514326c0,
0x000001e34f42c4e0, 0x000001e34df1f010
}

Java Threads: ( => current thread )
  0x000001e32c1d7ce0 JavaThread "main"                              [_thread_blocked, id=20896, stack(0x00000073abf00000,0x00000073ac000000) (1024K)]
  0x000001e34610c890 JavaThread "Common-Cleaner"             daemon [_thread_blocked, id=7360, stack(0x00000073ac700000,0x00000073ac800000) (1024K)]
  0x000001e346138de0 JavaThread "Reference Handler"          daemon [_thread_blocked, id=10504, stack(0x00000073ac800000,0x00000073ac900000) (1024K)]
  0x000001e3461449e0 JavaThread "Finalizer"                  daemon [_thread_blocked, id=33224, stack(0x00000073ac900000,0x00000073aca00000) (1024K)]
  0x000001e34614dbb0 JavaThread "Signal Dispatcher"          daemon [_thread_blocked, id=19640, stack(0x00000073aca00000,0x00000073acb00000) (1024K)]
  0x000001e34614e220 JavaThread "Attach Listener"            daemon [_thread_blocked, id=30012, stack(0x00000073acb00000,0x00000073acc00000) (1024K)]
  0x000001e3461644a0 JavaThread "Service Thread"             daemon [_thread_blocked, id=13368, stack(0x00000073acc00000,0x00000073acd00000) (1024K)]
  0x000001e3461661f0 JavaThread "Monitor Deflation Thread"   daemon [_thread_blocked, id=22228, stack(0x00000073acd00000,0x00000073ace00000) (1024K)]
  0x000001e34616ac00 JavaThread "C2 CompilerThread0"         daemon [_thread_in_native, id=3108, stack(0x00000073ace00000,0x00000073acf00000) (1024K)]
  0x000001e34616b2b0 JavaThread "C1 CompilerThread0"         daemon [_thread_in_native, id=15340, stack(0x00000073acf00000,0x00000073ad000000) (1024K)]
  0x000001e34657ee90 JavaThread "Notification Thread"        daemon [_thread_blocked, id=5920, stack(0x00000073ad000000,0x00000073ad100000) (1024K)]
  0x000001e34bcf6650 JavaThread "Daemon health stats"               [_thread_blocked, id=33688, stack(0x00000073ad800000,0x00000073ad900000) (1024K)]
  0x000001e34b4e90f0 JavaThread "Incoming local TCP Connector on port 60523"        [_thread_in_native, id=33600, stack(0x00000073ad900000,0x00000073ada00000) (1024K)]
  0x000001e34c5a53a0 JavaThread "Daemon periodic checks"            [_thread_blocked, id=33492, stack(0x00000073ada00000,0x00000073adb00000) (1024K)]
  0x000001e34cd055a0 JavaThread "Daemon"                            [_thread_blocked, id=28316, stack(0x00000073adb00000,0x00000073adc00000) (1024K)]
  0x000001e34bc41870 JavaThread "Handler for socket connection from /127.0.0.1:60523 to /127.0.0.1:60524"        [_thread_in_native, id=26596, stack(0x00000073adc00000,0x00000073add00000) (1024K)]
  0x000001e34c6380b0 JavaThread "Cancel handler"                    [_thread_blocked, id=33608, stack(0x00000073ae200000,0x00000073ae300000) (1024K)]
  0x000001e34ca98a80 JavaThread "Daemon worker"                     [_thread_in_vm, id=33636, stack(0x00000073ae300000,0x00000073ae400000) (1024K)]
  0x000001e34cce9010 JavaThread "Asynchronous log dispatcher for DefaultDaemonConnection: socket connection from /127.0.0.1:60523 to /127.0.0.1:60524"        [_thread_blocked, id=33640, stack(0x00000073ae400000,0x00000073ae500000) (1024K)]
  0x000001e34cce96a0 JavaThread "Stdin handler"                     [_thread_blocked, id=30892, stack(0x00000073ae500000,0x00000073ae600000) (1024K)]
  0x000001e34cce82f0 JavaThread "Daemon client event forwarder"        [_thread_blocked, id=33656, stack(0x00000073ae600000,0x00000073ae700000) (1024K)]
  0x000001e34cce8980 JavaThread "Cache worker for journal cache (C:\Users\Anselmus\.gradle\caches\journal-1)"        [_thread_blocked, id=33788, stack(0x00000073ae700000,0x00000073ae800000) (1024K)]
  0x000001e34d89c220 JavaThread "File lock request listener"        [_thread_in_native, id=5704, stack(0x00000073ae800000,0x00000073ae900000) (1024K)]
  0x000001e34d89fd30 JavaThread "Cache worker for file hash cache (C:\Users\Anselmus\.gradle\caches\9.4.1\fileHashes)"        [_thread_blocked, id=33680, stack(0x00000073ae900000,0x00000073aea00000) (1024K)]
  0x000001e34d89cf40 JavaThread "Cache worker for file hash cache (C:\1. CODING\Semester 4 - Code\Software Engineer\.gradle\9.4.1\fileHashes)"        [_thread_blocked, id=9772, stack(0x00000073aeb00000,0x00000073aec00000) (1024K)]
  0x000001e34d89e2f0 JavaThread "Cache worker for Build Output Cleanup Cache (C:\1. CODING\Semester 4 - Code\Software Engineer\.gradle\buildOutputCleanup)"        [_thread_blocked, id=30592, stack(0x00000073aec00000,0x00000073aed00000) (1024K)]
  0x000001e34d8a03c0 JavaThread "File watcher server"        daemon [_thread_in_native, id=18388, stack(0x00000073aed00000,0x00000073aee00000) (1024K)]
  0x000001e34d8a1770 JavaThread "File watcher consumer"      daemon [_thread_blocked, id=20360, stack(0x00000073aee00000,0x00000073aef00000) (1024K)]
  0x000001e34d8a1e00 JavaThread "jar transforms"                    [_thread_blocked, id=16240, stack(0x00000073aef00000,0x00000073af000000) (1024K)]
  0x000001e34d8a0a50 JavaThread "jar transforms Thread 2"           [_thread_blocked, id=20332, stack(0x00000073af000000,0x00000073af100000) (1024K)]
  0x000001e34d89e980 JavaThread "jar transforms Thread 3"           [_thread_blocked, id=32192, stack(0x00000073af100000,0x00000073af200000) (1024K)]
  0x000001e34d89f010 JavaThread "jar transforms Thread 4"           [_thread_blocked, id=9908, stack(0x00000073af200000,0x00000073af300000) (1024K)]
  0x000001e34d8a10e0 JavaThread "jar transforms Thread 5"           [_thread_blocked, id=31556, stack(0x00000073af300000,0x00000073af400000) (1024K)]
  0x000001e34d8a2490 JavaThread "jar transforms Thread 6"           [_thread_blocked, id=15820, stack(0x00000073af400000,0x00000073af500000) (1024K)]
  0x000001e34d8a2b20 JavaThread "jar transforms Thread 7"           [_thread_blocked, id=33444, stack(0x00000073af500000,0x00000073af600000) (1024K)]
  0x000001e34d89f6a0 JavaThread "jar transforms Thread 8"           [_thread_blocked, id=2876, stack(0x00000073af600000,0x00000073af700000) (1024K)]
  0x000001e34d8a31b0 JavaThread "jar transforms Thread 9"           [_thread_blocked, id=30188, stack(0x00000073af700000,0x00000073af800000) (1024K)]
  0x000001e34d8a3840 JavaThread "jar transforms Thread 10"          [_thread_blocked, id=32316, stack(0x00000073af800000,0x00000073af900000) (1024K)]
  0x000001e34d90e970 JavaThread "jar transforms Thread 11"          [_thread_blocked, id=3892, stack(0x00000073af900000,0x00000073afa00000) (1024K)]
  0x000001e34d90f690 JavaThread "jar transforms Thread 12"          [_thread_blocked, id=21956, stack(0x00000073afa00000,0x00000073afb00000) (1024K)]
  0x000001e34d90c8a0 JavaThread "Cache worker for file content cache (C:\Users\Anselmus\.gradle\caches\9.4.1\fileContent)"        [_thread_blocked, id=15740, stack(0x00000073afb00000,0x00000073afc00000) (1024K)]
  0x000001e34d90dc50 JavaThread "Cache worker for checksums cache (C:\1. CODING\Semester 4 - Code\Software Engineer\.gradle\9.4.1\checksums)"        [_thread_blocked, id=33424, stack(0x00000073afc00000,0x00000073afd00000) (1024K)]
  0x000001e34d90c210 JavaThread "Cache worker for cache directory md-supplier (C:\Users\Anselmus\.gradle\caches\9.4.1\md-supplier)"        [_thread_blocked, id=31148, stack(0x00000073afd00000,0x00000073afe00000) (1024K)]
  0x000001e34d90f000 JavaThread "Cache worker for cache directory md-rule (C:\Users\Anselmus\.gradle\caches\9.4.1\md-rule)"        [_thread_blocked, id=32052, stack(0x00000073afe00000,0x00000073aff00000) (1024K)]
  0x000001e34d90fd20 JavaThread "Build operations"                  [_thread_blocked, id=15824, stack(0x00000073aff00000,0x00000073b0000000) (1024K)]
  0x000001e34d90d5c0 JavaThread "Build operations Thread 2"         [_thread_blocked, id=22448, stack(0x00000073b0000000,0x00000073b0100000) (1024K)]
  0x000001e34d912b10 JavaThread "Build operations Thread 3"         [_thread_blocked, id=31840, stack(0x00000073b0100000,0x00000073b0200000) (1024K)]
  0x000001e34d9131a0 JavaThread "Build operations Thread 4"         [_thread_blocked, id=28608, stack(0x00000073b0200000,0x00000073b0300000) (1024K)]
  0x000001e34d913830 JavaThread "Build operations Thread 5"         [_thread_blocked, id=24004, stack(0x00000073b0300000,0x00000073b0400000) (1024K)]
  0x000001e34d9103b0 JavaThread "Build operations Thread 6"         [_thread_blocked, id=27072, stack(0x00000073b0400000,0x00000073b0500000) (1024K)]
  0x000001e34d911df0 JavaThread "Build operations Thread 7"         [_thread_blocked, id=33620, stack(0x00000073b0500000,0x00000073b0600000) (1024K)]
  0x000001e34d9110d0 JavaThread "Build operations Thread 8"         [_thread_blocked, id=21992, stack(0x00000073b0600000,0x00000073b0700000) (1024K)]
  0x000001e34d911760 JavaThread "Build operations Thread 9"         [_thread_blocked, id=31860, stack(0x00000073b0700000,0x00000073b0800000) (1024K)]
  0x000001e34d912480 JavaThread "Build operations Thread 10"        [_thread_blocked, id=33692, stack(0x00000073b0800000,0x00000073b0900000) (1024K)]
  0x000001e35142ff60 JavaThread "Build operations Thread 11"        [_thread_blocked, id=33720, stack(0x00000073b0900000,0x00000073b0a00000) (1024K)]
  0x000001e3514326c0 JavaThread "Build operations Thread 12"        [_thread_blocked, id=33480, stack(0x00000073b0a00000,0x00000073b0b00000) (1024K)]
  0x000001e34f42c4e0 JavaThread "C2 CompilerThread1"         daemon [_thread_blocked, id=33676, stack(0x00000073ad100000,0x00000073ad200000) (1024K)]
=>0x000001e34df1f010 JavaThread "C2 CompilerThread2"         daemon [_thread_in_native, id=33628, stack(0x00000073aea00000,0x00000073aeb00000) (1024K)]
Total: 58

Other Threads:
  0x000001e34609aae0 VMThread "VM Thread"                           [id=15960, stack(0x00000073ac600000,0x00000073ac700000) (1024K)]
  0x000001e345fcaf10 WatcherThread "VM Periodic Task Thread"        [id=21736, stack(0x00000073ac500000,0x00000073ac600000) (1024K)]
  0x000001e32e5164a0 WorkerThread "GC Thread#0"                     [id=28688, stack(0x00000073ac000000,0x00000073ac100000) (1024K)]
  0x000001e34b176f10 WorkerThread "GC Thread#1"                     [id=33356, stack(0x00000073ad200000,0x00000073ad300000) (1024K)]
  0x000001e34b1772c0 WorkerThread "GC Thread#2"                     [id=31388, stack(0x00000073ad300000,0x00000073ad400000) (1024K)]
  0x000001e34b53e030 WorkerThread "GC Thread#3"                     [id=26880, stack(0x00000073ad400000,0x00000073ad500000) (1024K)]
  0x000001e34b53e3e0 WorkerThread "GC Thread#4"                     [id=13040, stack(0x00000073ad500000,0x00000073ad600000) (1024K)]
  0x000001e34b6a76c0 WorkerThread "GC Thread#5"                     [id=28920, stack(0x00000073ad600000,0x00000073ad700000) (1024K)]
  0x000001e34b733cb0 WorkerThread "GC Thread#6"                     [id=28636, stack(0x00000073ad700000,0x00000073ad800000) (1024K)]
  0x000001e34cab41a0 WorkerThread "GC Thread#7"                     [id=33452, stack(0x00000073add00000,0x00000073ade00000) (1024K)]
  0x000001e34cab3690 WorkerThread "GC Thread#8"                     [id=13600, stack(0x00000073ade00000,0x00000073adf00000) (1024K)]
  0x000001e34cab3df0 WorkerThread "GC Thread#9"                     [id=11452, stack(0x00000073adf00000,0x00000073ae000000) (1024K)]
  0x000001e32e5281e0 ConcurrentGCThread "G1 Main Marker"            [id=29068, stack(0x00000073ac100000,0x00000073ac200000) (1024K)]
  0x000001e32e528c00 WorkerThread "G1 Conc#0"                       [id=33596, stack(0x00000073ac200000,0x00000073ac300000) (1024K)]
  0x000001e34cab4550 WorkerThread "G1 Conc#1"                       [id=26192, stack(0x00000073ae000000,0x00000073ae100000) (1024K)]
  0x000001e34cab4cb0 WorkerThread "G1 Conc#2"                       [id=33704, stack(0x00000073ae100000,0x00000073ae200000) (1024K)]
  0x000001e345f16b40 ConcurrentGCThread "G1 Refine#0"               [id=23232, stack(0x00000073ac300000,0x00000073ac400000) (1024K)]
  0x000001e345f19fa0 ConcurrentGCThread "G1 Service"                [id=33588, stack(0x00000073ac400000,0x00000073ac500000) (1024K)]
Total: 18

Threads with active compile tasks:
C2 CompilerThread0  14859 10867   !   4       org.jetbrains.kotlin.metadata.ProtoBuf$Function::<init> (1811 bytes)
C2 CompilerThread2  14859 10897       4       org.jetbrains.org.objectweb.asm.ClassReader::readMethod (1093 bytes)
Total: 2

VM state: not at safepoint (normal execution)

VM Mutex/Monitor currently owned by a thread: None

Heap address: 0x0000000080000000, size: 2048 MB, Compressed Oops mode: 32-bit

CDS archive(s) not mapped
Compressed class space mapped at: 0x0000000100000000-0x0000000140000000, reserved size: 1073741824
Narrow klass base: 0x0000000000000000, Narrow klass shift: 3, Narrow klass range: 0x140000000

GC Precious Log:
 CardTable entry size: 512
 Card Set container configuration: InlinePtr #cards 5 size 8 Array Of Cards #cards 12 size 40 Howl #buckets 4 coarsen threshold 1843 Howl Bitmap #cards 512 size 80 coarsen threshold 460 Card regions per heap region 1 cards per card region 2048
 CPUs: 12 total, 12 available
 Memory: 20332M
 Large Page Support: Disabled
 NUMA Support: Disabled
 Compressed Oops: Enabled (32-bit)
 Heap Region Size: 1M
 Heap Min Capacity: 8M
 Heap Initial Capacity: 318M
 Heap Max Capacity: 2G
 Pre-touch: Disabled
 Parallel Workers: 10
 Concurrent Workers: 3
 Concurrent Refinement Workers: 10
 Periodic GC: Disabled

Heap:
 garbage-first heap   total 235520K, used 173443K [0x0000000080000000, 0x0000000100000000)
  region size 1024K, 37 young (37888K), 7 survivors (7168K)
 Metaspace       used 128084K, committed 130112K, reserved 1179648K
  class space    used 17128K, committed 18112K, reserved 1048576K

Heap Regions: E=young(eden), S=young(survivor), O=old, HS=humongous(starts), HC=humongous(continues), CS=collection set, F=free, TAMS=top-at-mark-start, PB=parsable bottom
|   0|0x0000000080000000, 0x0000000080100000, 0x0000000080100000|100%|HS|  |TAMS 0x0000000080000000| PB 0x0000000080000000| Complete 
|   1|0x0000000080100000, 0x0000000080200000, 0x0000000080200000|100%|HC|  |TAMS 0x0000000080100000| PB 0x0000000080100000| Complete 
|   2|0x0000000080200000, 0x0000000080300000, 0x0000000080300000|100%|HC|  |TAMS 0x0000000080200000| PB 0x0000000080200000| Complete 
|   3|0x0000000080300000, 0x0000000080400000, 0x0000000080400000|100%|HC|  |TAMS 0x0000000080300000| PB 0x0000000080300000| Complete 
|   4|0x0000000080400000, 0x0000000080500000, 0x0000000080500000|100%| O|  |TAMS 0x0000000080400000| PB 0x0000000080400000| Untracked 
|   5|0x0000000080500000, 0x0000000080600000, 0x0000000080600000|100%| O|  |TAMS 0x0000000080500000| PB 0x0000000080500000| Untracked 
|   6|0x0000000080600000, 0x0000000080700000, 0x0000000080700000|100%| O|  |TAMS 0x0000000080600000| PB 0x0000000080600000| Untracked 
|   7|0x0000000080700000, 0x0000000080800000, 0x0000000080800000|100%| O|  |TAMS 0x0000000080700000| PB 0x0000000080700000| Untracked 
|   8|0x0000000080800000, 0x0000000080900000, 0x0000000080900000|100%| O|  |TAMS 0x0000000080800000| PB 0x0000000080800000| Untracked 
|   9|0x0000000080900000, 0x0000000080a00000, 0x0000000080a00000|100%| O|  |TAMS 0x0000000080900000| PB 0x0000000080900000| Untracked 
|  10|0x0000000080a00000, 0x0000000080b00000, 0x0000000080b00000|100%| O|  |TAMS 0x0000000080a00000| PB 0x0000000080a00000| Untracked 
|  11|0x0000000080b00000, 0x0000000080c00000, 0x0000000080c00000|100%|HS|  |TAMS 0x0000000080b00000| PB 0x0000000080b00000| Complete 
|  12|0x0000000080c00000, 0x0000000080d00000, 0x0000000080d00000|100%| O|  |TAMS 0x0000000080c00000| PB 0x0000000080c00000| Untracked 
|  13|0x0000000080d00000, 0x0000000080e00000, 0x0000000080e00000|100%| O|  |TAMS 0x0000000080d00000| PB 0x0000000080d00000| Untracked 
|  14|0x0000000080e00000, 0x0000000080f00000, 0x0000000080f00000|100%| O|  |TAMS 0x0000000080e00000| PB 0x0000000080e00000| Untracked 
|  15|0x0000000080f00000, 0x0000000081000000, 0x0000000081000000|100%| O|  |TAMS 0x0000000080f00000| PB 0x0000000080f00000| Untracked 
|  16|0x0000000081000000, 0x0000000081100000, 0x0000000081100000|100%| O|  |TAMS 0x0000000081000000| PB 0x0000000081000000| Untracked 
|  17|0x0000000081100000, 0x0000000081200000, 0x0000000081200000|100%| O|  |TAMS 0x0000000081100000| PB 0x0000000081100000| Untracked 
|  18|0x0000000081200000, 0x0000000081300000, 0x0000000081300000|100%| O|  |TAMS 0x0000000081200000| PB 0x0000000081200000| Untracked 
|  19|0x0000000081300000, 0x0000000081400000, 0x0000000081400000|100%| O|  |TAMS 0x0000000081300000| PB 0x0000000081300000| Untracked 
|  20|0x0000000081400000, 0x0000000081500000, 0x0000000081500000|100%| O|  |TAMS 0x0000000081400000| PB 0x0000000081400000| Untracked 
|  21|0x0000000081500000, 0x0000000081600000, 0x0000000081600000|100%| O|  |TAMS 0x0000000081500000| PB 0x0000000081500000| Untracked 
|  22|0x0000000081600000, 0x0000000081700000, 0x0000000081700000|100%| O|  |TAMS 0x0000000081600000| PB 0x0000000081600000| Untracked 
|  23|0x0000000081700000, 0x0000000081800000, 0x0000000081800000|100%|HS|  |TAMS 0x0000000081700000| PB 0x0000000081700000| Complete 
|  24|0x0000000081800000, 0x0000000081900000, 0x0000000081900000|100%|HC|  |TAMS 0x0000000081800000| PB 0x0000000081800000| Complete 
|  25|0x0000000081900000, 0x0000000081a00000, 0x0000000081a00000|100%|HC|  |TAMS 0x0000000081900000| PB 0x0000000081900000| Complete 
|  26|0x0000000081a00000, 0x0000000081b00000, 0x0000000081b00000|100%|HC|  |TAMS 0x0000000081a00000| PB 0x0000000081a00000| Complete 
|  27|0x0000000081b00000, 0x0000000081c00000, 0x0000000081c00000|100%|HC|  |TAMS 0x0000000081b00000| PB 0x0000000081b00000| Complete 
|  28|0x0000000081c00000, 0x0000000081d00000, 0x0000000081d00000|100%|HC|  |TAMS 0x0000000081c00000| PB 0x0000000081c00000| Complete 
|  29|0x0000000081d00000, 0x0000000081e00000, 0x0000000081e00000|100%|HS|  |TAMS 0x0000000081d00000| PB 0x0000000081d00000| Complete 
|  30|0x0000000081e00000, 0x0000000081f00000, 0x0000000081f00000|100%|HC|  |TAMS 0x0000000081e00000| PB 0x0000000081e00000| Complete 
|  31|0x0000000081f00000, 0x0000000082000000, 0x0000000082000000|100%|HS|  |TAMS 0x0000000081f00000| PB 0x0000000081f00000| Complete 
|  32|0x0000000082000000, 0x0000000082100000, 0x0000000082100000|100%|HS|  |TAMS 0x0000000082000000| PB 0x0000000082000000| Complete 
|  33|0x0000000082100000, 0x0000000082200000, 0x0000000082200000|100%|HC|  |TAMS 0x0000000082100000| PB 0x0000000082100000| Complete 
|  34|0x0000000082200000, 0x0000000082300000, 0x0000000082300000|100%|HC|  |TAMS 0x0000000082200000| PB 0x0000000082200000| Complete 
|  35|0x0000000082300000, 0x0000000082400000, 0x0000000082400000|100%|HC|  |TAMS 0x0000000082300000| PB 0x0000000082300000| Complete 
|  36|0x0000000082400000, 0x0000000082500000, 0x0000000082500000|100%|HC|  |TAMS 0x0000000082400000| PB 0x0000000082400000| Complete 
|  37|0x0000000082500000, 0x0000000082600000, 0x0000000082600000|100%|HC|  |TAMS 0x0000000082500000| PB 0x0000000082500000| Complete 
|  38|0x0000000082600000, 0x0000000082700000, 0x0000000082700000|100%|HS|  |TAMS 0x0000000082600000| PB 0x0000000082600000| Complete 
|  39|0x0000000082700000, 0x0000000082800000, 0x0000000082800000|100%|HC|  |TAMS 0x0000000082700000| PB 0x0000000082700000| Complete 
|  40|0x0000000082800000, 0x0000000082900000, 0x0000000082900000|100%|HS|  |TAMS 0x0000000082800000| PB 0x0000000082800000| Complete 
|  41|0x0000000082900000, 0x0000000082a00000, 0x0000000082a00000|100%| O|  |TAMS 0x0000000082900000| PB 0x0000000082900000| Untracked 
|  42|0x0000000082a00000, 0x0000000082b00000, 0x0000000082b00000|100%| O|  |TAMS 0x0000000082a00000| PB 0x0000000082a00000| Untracked 
|  43|0x0000000082b00000, 0x0000000082c00000, 0x0000000082c00000|100%| O|  |TAMS 0x0000000082b00000| PB 0x0000000082b00000| Untracked 
|  44|0x0000000082c00000, 0x0000000082d00000, 0x0000000082d00000|100%| O|  |TAMS 0x0000000082c00000| PB 0x0000000082c00000| Untracked 
|  45|0x0000000082d00000, 0x0000000082e00000, 0x0000000082e00000|100%| O|  |TAMS 0x0000000082d00000| PB 0x0000000082d00000| Untracked 
|  46|0x0000000082e00000, 0x0000000082f00000, 0x0000000082f00000|100%| O|  |TAMS 0x0000000082e00000| PB 0x0000000082e00000| Untracked 
|  47|0x0000000082f00000, 0x0000000083000000, 0x0000000083000000|100%| O|  |TAMS 0x0000000082f00000| PB 0x0000000082f00000| Untracked 
|  48|0x0000000083000000, 0x0000000083100000, 0x0000000083100000|100%|HS|  |TAMS 0x0000000083000000| PB 0x0000000083000000| Complete 
|  49|0x0000000083100000, 0x0000000083200000, 0x0000000083200000|100%|HC|  |TAMS 0x0000000083100000| PB 0x0000000083100000| Complete 
|  50|0x0000000083200000, 0x0000000083300000, 0x0000000083300000|100%| O|  |TAMS 0x0000000083200000| PB 0x0000000083200000| Untracked 
|  51|0x0000000083300000, 0x0000000083400000, 0x0000000083400000|100%| O|  |TAMS 0x0000000083300000| PB 0x0000000083300000| Untracked 
|  52|0x0000000083400000, 0x0000000083500000, 0x0000000083500000|100%| O|  |TAMS 0x0000000083400000| PB 0x0000000083400000| Untracked 
|  53|0x0000000083500000, 0x0000000083600000, 0x0000000083600000|100%| O|Cm|TAMS 0x0000000083500000| PB 0x0000000083500000| Complete 
|  54|0x0000000083600000, 0x0000000083700000, 0x0000000083700000|100%| O|  |TAMS 0x0000000083600000| PB 0x0000000083600000| Untracked 
|  55|0x0000000083700000, 0x0000000083800000, 0x0000000083800000|100%| O|  |TAMS 0x0000000083700000| PB 0x0000000083700000| Untracked 
|  56|0x0000000083800000, 0x0000000083900000, 0x0000000083900000|100%| O|  |TAMS 0x0000000083800000| PB 0x0000000083800000| Untracked 
|  57|0x0000000083900000, 0x0000000083a00000, 0x0000000083a00000|100%| O|  |TAMS 0x0000000083900000| PB 0x0000000083900000| Untracked 
|  58|0x0000000083a00000, 0x0000000083b00000, 0x0000000083b00000|100%| O|  |TAMS 0x0000000083a00000| PB 0x0000000083a00000| Untracked 
|  59|0x0000000083b00000, 0x0000000083c00000, 0x0000000083c00000|100%| O|  |TAMS 0x0000000083b00000| PB 0x0000000083b00000| Untracked 
|  60|0x0000000083c00000, 0x0000000083d00000, 0x0000000083d00000|100%| O|  |TAMS 0x0000000083c00000| PB 0x0000000083c00000| Untracked 
|  61|0x0000000083d00000, 0x0000000083e00000, 0x0000000083e00000|100%| O|  |TAMS 0x0000000083d00000| PB 0x0000000083d00000| Untracked 
|  62|0x0000000083e00000, 0x0000000083f00000, 0x0000000083f00000|100%| O|  |TAMS 0x0000000083e00000| PB 0x0000000083e00000| Untracked 
|  63|0x0000000083f00000, 0x0000000084000000, 0x0000000084000000|100%| O|  |TAMS 0x0000000083f00000| PB 0x0000000083f00000| Untracked 
|  64|0x0000000084000000, 0x0000000084100000, 0x0000000084100000|100%| O|  |TAMS 0x0000000084000000| PB 0x0000000084000000| Untracked 
|  65|0x0000000084100000, 0x0000000084200000, 0x0000000084200000|100%| O|  |TAMS 0x0000000084100000| PB 0x0000000084100000| Untracked 
|  66|0x0000000084200000, 0x0000000084300000, 0x0000000084300000|100%| O|  |TAMS 0x0000000084200000| PB 0x0000000084200000| Untracked 
|  67|0x0000000084300000, 0x0000000084400000, 0x0000000084400000|100%| O|  |TAMS 0x0000000084300000| PB 0x0000000084300000| Untracked 
|  68|0x0000000084400000, 0x0000000084500000, 0x0000000084500000|100%| O|  |TAMS 0x0000000084400000| PB 0x0000000084400000| Untracked 
|  69|0x0000000084500000, 0x0000000084600000, 0x0000000084600000|100%| O|  |TAMS 0x0000000084500000| PB 0x0000000084500000| Untracked 
|  70|0x0000000084600000, 0x0000000084700000, 0x0000000084700000|100%| O|  |TAMS 0x0000000084600000| PB 0x0000000084600000| Untracked 
|  71|0x0000000084700000, 0x0000000084800000, 0x0000000084800000|100%| O|  |TAMS 0x0000000084700000| PB 0x0000000084700000| Untracked 
|  72|0x0000000084800000, 0x0000000084900000, 0x0000000084900000|100%| O|  |TAMS 0x0000000084800000| PB 0x0000000084800000| Untracked 
|  73|0x0000000084900000, 0x0000000084a00000, 0x0000000084a00000|100%| O|  |TAMS 0x0000000084900000| PB 0x0000000084900000| Untracked 
|  74|0x0000000084a00000, 0x0000000084b00000, 0x0000000084b00000|100%|HS|  |TAMS 0x0000000084a00000| PB 0x0000000084a00000| Complete 
|  75|0x0000000084b00000, 0x0000000084c00000, 0x0000000084c00000|100%| O|  |TAMS 0x0000000084b00000| PB 0x0000000084b00000| Untracked 
|  76|0x0000000084c00000, 0x0000000084d00000, 0x0000000084d00000|100%| O|  |TAMS 0x0000000084c00000| PB 0x0000000084c00000| Untracked 
|  77|0x0000000084d00000, 0x0000000084e00000, 0x0000000084e00000|100%| O|  |TAMS 0x0000000084d00000| PB 0x0000000084d00000| Untracked 
|  78|0x0000000084e00000, 0x0000000084f00000, 0x0000000084f00000|100%| O|  |TAMS 0x0000000084e00000| PB 0x0000000084e00000| Untracked 
|  79|0x0000000084f00000, 0x0000000085000000, 0x0000000085000000|100%| O|  |TAMS 0x0000000084f00000| PB 0x0000000084f00000| Untracked 
|  80|0x0000000085000000, 0x0000000085100000, 0x0000000085100000|100%| O|  |TAMS 0x0000000085000000| PB 0x0000000085000000| Untracked 
|  81|0x0000000085100000, 0x0000000085200000, 0x0000000085200000|100%| O|  |TAMS 0x0000000085100000| PB 0x0000000085100000| Untracked 
|  82|0x0000000085200000, 0x0000000085300000, 0x0000000085300000|100%| O|  |TAMS 0x0000000085200000| PB 0x0000000085200000| Untracked 
|  83|0x0000000085300000, 0x0000000085400000, 0x0000000085400000|100%| O|  |TAMS 0x0000000085300000| PB 0x0000000085300000| Untracked 
|  84|0x0000000085400000, 0x0000000085500000, 0x0000000085500000|100%| O|  |TAMS 0x0000000085400000| PB 0x0000000085400000| Untracked 
|  85|0x0000000085500000, 0x0000000085600000, 0x0000000085600000|100%| O|  |TAMS 0x0000000085500000| PB 0x0000000085500000| Untracked 
|  86|0x0000000085600000, 0x0000000085700000, 0x0000000085700000|100%| O|  |TAMS 0x0000000085600000| PB 0x0000000085600000| Untracked 
|  87|0x0000000085700000, 0x0000000085800000, 0x0000000085800000|100%| O|  |TAMS 0x0000000085700000| PB 0x0000000085700000| Untracked 
|  88|0x0000000085800000, 0x0000000085900000, 0x0000000085900000|100%| O|  |TAMS 0x0000000085800000| PB 0x0000000085800000| Untracked 
|  89|0x0000000085900000, 0x0000000085a00000, 0x0000000085a00000|100%| O|  |TAMS 0x0000000085900000| PB 0x0000000085900000| Untracked 
|  90|0x0000000085a00000, 0x0000000085b00000, 0x0000000085b00000|100%| O|  |TAMS 0x0000000085a00000| PB 0x0000000085a00000| Untracked 
|  91|0x0000000085b00000, 0x0000000085c00000, 0x0000000085c00000|100%| O|  |TAMS 0x0000000085b00000| PB 0x0000000085b00000| Untracked 
|  92|0x0000000085c00000, 0x0000000085d00000, 0x0000000085d00000|100%| O|  |TAMS 0x0000000085c00000| PB 0x0000000085c00000| Untracked 
|  93|0x0000000085d00000, 0x0000000085e00000, 0x0000000085e00000|100%| O|  |TAMS 0x0000000085d00000| PB 0x0000000085d00000| Untracked 
|  94|0x0000000085e00000, 0x0000000085f00000, 0x0000000085f00000|100%| O|  |TAMS 0x0000000085e00000| PB 0x0000000085e00000| Untracked 
|  95|0x0000000085f00000, 0x0000000086000000, 0x0000000086000000|100%| O|  |TAMS 0x0000000085f00000| PB 0x0000000085f00000| Untracked 
|  96|0x0000000086000000, 0x0000000086100000, 0x0000000086100000|100%| O|  |TAMS 0x0000000086000000| PB 0x0000000086000000| Untracked 
|  97|0x0000000086100000, 0x0000000086200000, 0x0000000086200000|100%| O|  |TAMS 0x0000000086100000| PB 0x0000000086100000| Untracked 
|  98|0x0000000086200000, 0x0000000086300000, 0x0000000086300000|100%| O|  |TAMS 0x0000000086200000| PB 0x0000000086200000| Untracked 
|  99|0x0000000086300000, 0x0000000086400000, 0x0000000086400000|100%| O|Cm|TAMS 0x0000000086300000| PB 0x0000000086300000| Complete 
| 100|0x0000000086400000, 0x0000000086500000, 0x0000000086500000|100%| O|Cm|TAMS 0x0000000086400000| PB 0x0000000086400000| Complete 
| 101|0x0000000086500000, 0x0000000086600000, 0x0000000086600000|100%| O|  |TAMS 0x0000000086500000| PB 0x0000000086500000| Untracked 
| 102|0x0000000086600000, 0x0000000086700000, 0x0000000086700000|100%| O|  |TAMS 0x0000000086600000| PB 0x0000000086600000| Untracked 
| 103|0x0000000086700000, 0x0000000086800000, 0x0000000086800000|100%| O|  |TAMS 0x0000000086700000| PB 0x0000000086700000| Untracked 
| 104|0x0000000086800000, 0x0000000086900000, 0x0000000086900000|100%| O|  |TAMS 0x0000000086800000| PB 0x0000000086800000| Untracked 
| 105|0x0000000086900000, 0x0000000086a00000, 0x0000000086a00000|100%| O|  |TAMS 0x0000000086900000| PB 0x0000000086900000| Untracked 
| 106|0x0000000086a00000, 0x0000000086b00000, 0x0000000086b00000|100%| O|  |TAMS 0x0000000086a00000| PB 0x0000000086a00000| Untracked 
| 107|0x0000000086b00000, 0x0000000086c00000, 0x0000000086c00000|100%| O|  |TAMS 0x0000000086b00000| PB 0x0000000086b00000| Untracked 
| 108|0x0000000086c00000, 0x0000000086d00000, 0x0000000086d00000|100%| O|  |TAMS 0x0000000086c00000| PB 0x0000000086c00000| Untracked 
| 109|0x0000000086d00000, 0x0000000086e00000, 0x0000000086e00000|100%| O|  |TAMS 0x0000000086d00000| PB 0x0000000086d00000| Untracked 
| 110|0x0000000086e00000, 0x0000000086f00000, 0x0000000086f00000|100%| O|  |TAMS 0x0000000086e00000| PB 0x0000000086e00000| Untracked 
| 111|0x0000000086f00000, 0x0000000087000000, 0x0000000087000000|100%| O|  |TAMS 0x0000000086f00000| PB 0x0000000086f00000| Untracked 
| 112|0x0000000087000000, 0x0000000087100000, 0x0000000087100000|100%| O|  |TAMS 0x0000000087000000| PB 0x0000000087000000| Untracked 
| 113|0x0000000087100000, 0x0000000087200000, 0x0000000087200000|100%| O|  |TAMS 0x0000000087100000| PB 0x0000000087100000| Untracked 
| 114|0x0000000087200000, 0x0000000087300000, 0x0000000087300000|100%| O|  |TAMS 0x0000000087200000| PB 0x0000000087200000| Untracked 
| 115|0x0000000087300000, 0x0000000087360c80, 0x0000000087400000| 37%| O|  |TAMS 0x0000000087300000| PB 0x0000000087300000| Untracked 
| 116|0x0000000087400000, 0x0000000087500000, 0x0000000087500000|100%|HS|  |TAMS 0x0000000087400000| PB 0x0000000087400000| Complete 
| 117|0x0000000087500000, 0x0000000087500000, 0x0000000087600000|  0%| F|  |TAMS 0x0000000087500000| PB 0x0000000087500000| Untracked 
| 118|0x0000000087600000, 0x0000000087600000, 0x0000000087700000|  0%| F|  |TAMS 0x0000000087600000| PB 0x0000000087600000| Untracked 
| 119|0x0000000087700000, 0x0000000087700000, 0x0000000087800000|  0%| F|  |TAMS 0x0000000087700000| PB 0x0000000087700000| Untracked 
| 120|0x0000000087800000, 0x0000000087800000, 0x0000000087900000|  0%| F|  |TAMS 0x0000000087800000| PB 0x0000000087800000| Untracked 
| 121|0x0000000087900000, 0x0000000087900000, 0x0000000087a00000|  0%| F|  |TAMS 0x0000000087900000| PB 0x0000000087900000| Untracked 
| 122|0x0000000087a00000, 0x0000000087a00000, 0x0000000087b00000|  0%| F|  |TAMS 0x0000000087a00000| PB 0x0000000087a00000| Untracked 
| 123|0x0000000087b00000, 0x0000000087b00000, 0x0000000087c00000|  0%| F|  |TAMS 0x0000000087b00000| PB 0x0000000087b00000| Untracked 
| 124|0x0000000087c00000, 0x0000000087c00000, 0x0000000087d00000|  0%| F|  |TAMS 0x0000000087c00000| PB 0x0000000087c00000| Untracked 
| 125|0x0000000087d00000, 0x0000000087d00000, 0x0000000087e00000|  0%| F|  |TAMS 0x0000000087d00000| PB 0x0000000087d00000| Untracked 
| 126|0x0000000087e00000, 0x0000000087e00000, 0x0000000087f00000|  0%| F|  |TAMS 0x0000000087e00000| PB 0x0000000087e00000| Untracked 
| 127|0x0000000087f00000, 0x0000000087f00000, 0x0000000088000000|  0%| F|  |TAMS 0x0000000087f00000| PB 0x0000000087f00000| Untracked 
| 128|0x0000000088000000, 0x0000000088000000, 0x0000000088100000|  0%| F|  |TAMS 0x0000000088000000| PB 0x0000000088000000| Untracked 
| 129|0x0000000088100000, 0x0000000088100000, 0x0000000088200000|  0%| F|  |TAMS 0x0000000088100000| PB 0x0000000088100000| Untracked 
| 130|0x0000000088200000, 0x0000000088200000, 0x0000000088300000|  0%| F|  |TAMS 0x0000000088200000| PB 0x0000000088200000| Untracked 
| 131|0x0000000088300000, 0x0000000088300000, 0x0000000088400000|  0%| F|  |TAMS 0x0000000088300000| PB 0x0000000088300000| Untracked 
| 132|0x0000000088400000, 0x0000000088400000, 0x0000000088500000|  0%| F|  |TAMS 0x0000000088400000| PB 0x0000000088400000| Untracked 
| 133|0x0000000088500000, 0x0000000088500000, 0x0000000088600000|  0%| F|  |TAMS 0x0000000088500000| PB 0x0000000088500000| Untracked 
| 134|0x0000000088600000, 0x0000000088600000, 0x0000000088700000|  0%| F|  |TAMS 0x0000000088600000| PB 0x0000000088600000| Untracked 
| 135|0x0000000088700000, 0x0000000088700000, 0x0000000088800000|  0%| F|  |TAMS 0x0000000088700000| PB 0x0000000088700000| Untracked 
| 136|0x0000000088800000, 0x0000000088800000, 0x0000000088900000|  0%| F|  |TAMS 0x0000000088800000| PB 0x0000000088800000| Untracked 
| 137|0x0000000088900000, 0x0000000088900000, 0x0000000088a00000|  0%| F|  |TAMS 0x0000000088900000| PB 0x0000000088900000| Untracked 
| 138|0x0000000088a00000, 0x0000000088a00000, 0x0000000088b00000|  0%| F|  |TAMS 0x0000000088a00000| PB 0x0000000088a00000| Untracked 
| 139|0x0000000088b00000, 0x0000000088b00000, 0x0000000088c00000|  0%| F|  |TAMS 0x0000000088b00000| PB 0x0000000088b00000| Untracked 
| 140|0x0000000088c00000, 0x0000000088c00000, 0x0000000088d00000|  0%| F|  |TAMS 0x0000000088c00000| PB 0x0000000088c00000| Untracked 
| 141|0x0000000088d00000, 0x0000000088d00000, 0x0000000088e00000|  0%| F|  |TAMS 0x0000000088d00000| PB 0x0000000088d00000| Untracked 
| 142|0x0000000088e00000, 0x0000000088e00000, 0x0000000088f00000|  0%| F|  |TAMS 0x0000000088e00000| PB 0x0000000088e00000| Untracked 
| 143|0x0000000088f00000, 0x0000000088f00000, 0x0000000089000000|  0%| F|  |TAMS 0x0000000088f00000| PB 0x0000000088f00000| Untracked 
| 144|0x0000000089000000, 0x0000000089000000, 0x0000000089100000|  0%| F|  |TAMS 0x0000000089000000| PB 0x0000000089000000| Untracked 
| 145|0x0000000089100000, 0x0000000089100000, 0x0000000089200000|  0%| F|  |TAMS 0x0000000089100000| PB 0x0000000089100000| Untracked 
| 146|0x0000000089200000, 0x0000000089200000, 0x0000000089300000|  0%| F|  |TAMS 0x0000000089200000| PB 0x0000000089200000| Untracked 
| 147|0x0000000089300000, 0x0000000089300000, 0x0000000089400000|  0%| F|  |TAMS 0x0000000089300000| PB 0x0000000089300000| Untracked 
| 148|0x0000000089400000, 0x0000000089400000, 0x0000000089500000|  0%| F|  |TAMS 0x0000000089400000| PB 0x0000000089400000| Untracked 
| 149|0x0000000089500000, 0x0000000089500000, 0x0000000089600000|  0%| F|  |TAMS 0x0000000089500000| PB 0x0000000089500000| Untracked 
| 150|0x0000000089600000, 0x0000000089600000, 0x0000000089700000|  0%| F|  |TAMS 0x0000000089600000| PB 0x0000000089600000| Untracked 
| 151|0x0000000089700000, 0x0000000089800000, 0x0000000089800000|100%| S|CS|TAMS 0x0000000089700000| PB 0x0000000089700000| Complete 
| 152|0x0000000089800000, 0x0000000089900000, 0x0000000089900000|100%| S|CS|TAMS 0x0000000089800000| PB 0x0000000089800000| Complete 
| 153|0x0000000089900000, 0x0000000089a00000, 0x0000000089a00000|100%| S|CS|TAMS 0x0000000089900000| PB 0x0000000089900000| Complete 
| 154|0x0000000089a00000, 0x0000000089b00000, 0x0000000089b00000|100%| S|CS|TAMS 0x0000000089a00000| PB 0x0000000089a00000| Complete 
| 155|0x0000000089b00000, 0x0000000089c00000, 0x0000000089c00000|100%| S|CS|TAMS 0x0000000089b00000| PB 0x0000000089b00000| Complete 
| 156|0x0000000089c00000, 0x0000000089d00000, 0x0000000089d00000|100%| S|CS|TAMS 0x0000000089c00000| PB 0x0000000089c00000| Complete 
| 157|0x0000000089d00000, 0x0000000089e00000, 0x0000000089e00000|100%| S|CS|TAMS 0x0000000089d00000| PB 0x0000000089d00000| Complete 
| 158|0x0000000089e00000, 0x0000000089e00000, 0x0000000089f00000|  0%| F|  |TAMS 0x0000000089e00000| PB 0x0000000089e00000| Untracked 
| 159|0x0000000089f00000, 0x0000000089f00000, 0x000000008a000000|  0%| F|  |TAMS 0x0000000089f00000| PB 0x0000000089f00000| Untracked 
| 160|0x000000008a000000, 0x000000008a000000, 0x000000008a100000|  0%| F|  |TAMS 0x000000008a000000| PB 0x000000008a000000| Untracked 
| 161|0x000000008a100000, 0x000000008a100000, 0x000000008a200000|  0%| F|  |TAMS 0x000000008a100000| PB 0x000000008a100000| Untracked 
| 162|0x000000008a200000, 0x000000008a200000, 0x000000008a300000|  0%| F|  |TAMS 0x000000008a200000| PB 0x000000008a200000| Untracked 
| 163|0x000000008a300000, 0x000000008a300000, 0x000000008a400000|  0%| F|  |TAMS 0x000000008a300000| PB 0x000000008a300000| Untracked 
| 164|0x000000008a400000, 0x000000008a400000, 0x000000008a500000|  0%| F|  |TAMS 0x000000008a400000| PB 0x000000008a400000| Untracked 
| 165|0x000000008a500000, 0x000000008a500000, 0x000000008a600000|  0%| F|  |TAMS 0x000000008a500000| PB 0x000000008a500000| Untracked 
| 166|0x000000008a600000, 0x000000008a600000, 0x000000008a700000|  0%| F|  |TAMS 0x000000008a600000| PB 0x000000008a600000| Untracked 
| 167|0x000000008a700000, 0x000000008a700000, 0x000000008a800000|  0%| F|  |TAMS 0x000000008a700000| PB 0x000000008a700000| Untracked 
| 168|0x000000008a800000, 0x000000008a800000, 0x000000008a900000|  0%| F|  |TAMS 0x000000008a800000| PB 0x000000008a800000| Untracked 
| 169|0x000000008a900000, 0x000000008a900000, 0x000000008aa00000|  0%| F|  |TAMS 0x000000008a900000| PB 0x000000008a900000| Untracked 
| 170|0x000000008aa00000, 0x000000008aa00000, 0x000000008ab00000|  0%| F|  |TAMS 0x000000008aa00000| PB 0x000000008aa00000| Untracked 
| 171|0x000000008ab00000, 0x000000008ab00000, 0x000000008ac00000|  0%| F|  |TAMS 0x000000008ab00000| PB 0x000000008ab00000| Untracked 
| 172|0x000000008ac00000, 0x000000008ac00000, 0x000000008ad00000|  0%| F|  |TAMS 0x000000008ac00000| PB 0x000000008ac00000| Untracked 
| 173|0x000000008ad00000, 0x000000008ad00000, 0x000000008ae00000|  0%| F|  |TAMS 0x000000008ad00000| PB 0x000000008ad00000| Untracked 
| 174|0x000000008ae00000, 0x000000008ae00000, 0x000000008af00000|  0%| F|  |TAMS 0x000000008ae00000| PB 0x000000008ae00000| Untracked 
| 175|0x000000008af00000, 0x000000008af00000, 0x000000008b000000|  0%| F|  |TAMS 0x000000008af00000| PB 0x000000008af00000| Untracked 
| 176|0x000000008b000000, 0x000000008b000000, 0x000000008b100000|  0%| F|  |TAMS 0x000000008b000000| PB 0x000000008b000000| Untracked 
| 177|0x000000008b100000, 0x000000008b100000, 0x000000008b200000|  0%| F|  |TAMS 0x000000008b100000| PB 0x000000008b100000| Untracked 
| 178|0x000000008b200000, 0x000000008b200000, 0x000000008b300000|  0%| F|  |TAMS 0x000000008b200000| PB 0x000000008b200000| Untracked 
| 179|0x000000008b300000, 0x000000008b300000, 0x000000008b400000|  0%| F|  |TAMS 0x000000008b300000| PB 0x000000008b300000| Untracked 
| 180|0x000000008b400000, 0x000000008b400000, 0x000000008b500000|  0%| F|  |TAMS 0x000000008b400000| PB 0x000000008b400000| Untracked 
| 181|0x000000008b500000, 0x000000008b580000, 0x000000008b600000| 50%| E|  |TAMS 0x000000008b500000| PB 0x000000008b500000| Complete 
| 182|0x000000008b600000, 0x000000008b700000, 0x000000008b700000|100%| E|CS|TAMS 0x000000008b600000| PB 0x000000008b600000| Complete 
| 183|0x000000008b700000, 0x000000008b800000, 0x000000008b800000|100%| E|CS|TAMS 0x000000008b700000| PB 0x000000008b700000| Complete 
| 184|0x000000008b800000, 0x000000008b900000, 0x000000008b900000|100%| E|CS|TAMS 0x000000008b800000| PB 0x000000008b800000| Complete 
| 185|0x000000008b900000, 0x000000008ba00000, 0x000000008ba00000|100%| E|CS|TAMS 0x000000008b900000| PB 0x000000008b900000| Complete 
| 186|0x000000008ba00000, 0x000000008bb00000, 0x000000008bb00000|100%| E|CS|TAMS 0x000000008ba00000| PB 0x000000008ba00000| Complete 
| 187|0x000000008bb00000, 0x000000008bc00000, 0x000000008bc00000|100%| E|CS|TAMS 0x000000008bb00000| PB 0x000000008bb00000| Complete 
| 188|0x000000008bc00000, 0x000000008bd00000, 0x000000008bd00000|100%| E|CS|TAMS 0x000000008bc00000| PB 0x000000008bc00000| Complete 
| 189|0x000000008bd00000, 0x000000008be00000, 0x000000008be00000|100%| E|CS|TAMS 0x000000008bd00000| PB 0x000000008bd00000| Complete 
| 190|0x000000008be00000, 0x000000008bf00000, 0x000000008bf00000|100%| E|CS|TAMS 0x000000008be00000| PB 0x000000008be00000| Complete 
| 191|0x000000008bf00000, 0x000000008c000000, 0x000000008c000000|100%| E|CS|TAMS 0x000000008bf00000| PB 0x000000008bf00000| Complete 
| 192|0x000000008c000000, 0x000000008c100000, 0x000000008c100000|100%| E|CS|TAMS 0x000000008c000000| PB 0x000000008c000000| Complete 
| 193|0x000000008c100000, 0x000000008c200000, 0x000000008c200000|100%| E|CS|TAMS 0x000000008c100000| PB 0x000000008c100000| Complete 
| 194|0x000000008c200000, 0x000000008c300000, 0x000000008c300000|100%| E|CS|TAMS 0x000000008c200000| PB 0x000000008c200000| Complete 
| 195|0x000000008c300000, 0x000000008c400000, 0x000000008c400000|100%| E|CS|TAMS 0x000000008c300000| PB 0x000000008c300000| Complete 
| 196|0x000000008c400000, 0x000000008c500000, 0x000000008c500000|100%| E|CS|TAMS 0x000000008c400000| PB 0x000000008c400000| Complete 
| 197|0x000000008c500000, 0x000000008c600000, 0x000000008c600000|100%| E|CS|TAMS 0x000000008c500000| PB 0x000000008c500000| Complete 
| 255|0x000000008ff00000, 0x0000000090000000, 0x0000000090000000|100%| E|CS|TAMS 0x000000008ff00000| PB 0x000000008ff00000| Complete 
| 256|0x0000000090000000, 0x0000000090100000, 0x0000000090100000|100%| E|  |TAMS 0x0000000090000000| PB 0x0000000090000000| Complete 
| 257|0x0000000090100000, 0x0000000090200000, 0x0000000090200000|100%| E|CS|TAMS 0x0000000090100000| PB 0x0000000090100000| Complete 
| 258|0x0000000090200000, 0x0000000090300000, 0x0000000090300000|100%| E|CS|TAMS 0x0000000090200000| PB 0x0000000090200000| Complete 
| 259|0x0000000090300000, 0x0000000090400000, 0x0000000090400000|100%| E|CS|TAMS 0x0000000090300000| PB 0x0000000090300000| Complete 
| 260|0x0000000090400000, 0x0000000090500000, 0x0000000090500000|100%| E|CS|TAMS 0x0000000090400000| PB 0x0000000090400000| Complete 
| 261|0x0000000090500000, 0x0000000090600000, 0x0000000090600000|100%| E|CS|TAMS 0x0000000090500000| PB 0x0000000090500000| Complete 
| 262|0x0000000090600000, 0x0000000090700000, 0x0000000090700000|100%| E|CS|TAMS 0x0000000090600000| PB 0x0000000090600000| Complete 
| 263|0x0000000090700000, 0x0000000090800000, 0x0000000090800000|100%| E|CS|TAMS 0x0000000090700000| PB 0x0000000090700000| Complete 
| 317|0x0000000093d00000, 0x0000000093e00000, 0x0000000093e00000|100%| E|CS|TAMS 0x0000000093d00000| PB 0x0000000093d00000| Complete 
|2026|0x00000000fea00000, 0x00000000feb00000, 0x00000000feb00000|100%| E|CS|TAMS 0x00000000fea00000| PB 0x00000000fea00000| Complete 
|2027|0x00000000feb00000, 0x00000000fec00000, 0x00000000fec00000|100%| E|CS|TAMS 0x00000000feb00000| PB 0x00000000feb00000| Complete 
|2028|0x00000000fec00000, 0x00000000fed00000, 0x00000000fed00000|100%| O|  |TAMS 0x00000000fec00000| PB 0x00000000fec00000| Untracked 
|2029|0x00000000fed00000, 0x00000000fee00000, 0x00000000fee00000|100%| O|  |TAMS 0x00000000fed00000| PB 0x00000000fed00000| Untracked 
|2030|0x00000000fee00000, 0x00000000fef00000, 0x00000000fef00000|100%| O|  |TAMS 0x00000000fee00000| PB 0x00000000fee00000| Untracked 
|2031|0x00000000fef00000, 0x00000000ff000000, 0x00000000ff000000|100%| O|  |TAMS 0x00000000fef00000| PB 0x00000000fef00000| Untracked 
|2032|0x00000000ff000000, 0x00000000ff100000, 0x00000000ff100000|100%| O|  |TAMS 0x00000000ff000000| PB 0x00000000ff000000| Untracked 
|2033|0x00000000ff100000, 0x00000000ff200000, 0x00000000ff200000|100%| O|  |TAMS 0x00000000ff100000| PB 0x00000000ff100000| Untracked 
|2034|0x00000000ff200000, 0x00000000ff300000, 0x00000000ff300000|100%| E|CS|TAMS 0x00000000ff200000| PB 0x00000000ff200000| Complete 
|2035|0x00000000ff300000, 0x00000000ff400000, 0x00000000ff400000|100%| E|CS|TAMS 0x00000000ff300000| PB 0x00000000ff300000| Complete 
|2036|0x00000000ff400000, 0x00000000ff500000, 0x00000000ff500000|100%| O|  |TAMS 0x00000000ff400000| PB 0x00000000ff400000| Untracked 
|2037|0x00000000ff500000, 0x00000000ff600000, 0x00000000ff600000|100%| O|  |TAMS 0x00000000ff500000| PB 0x00000000ff500000| Untracked 
|2038|0x00000000ff600000, 0x00000000ff700000, 0x00000000ff700000|100%| O|  |TAMS 0x00000000ff600000| PB 0x00000000ff600000| Untracked 
|2039|0x00000000ff700000, 0x00000000ff800000, 0x00000000ff800000|100%| O|  |TAMS 0x00000000ff700000| PB 0x00000000ff700000| Untracked 
|2040|0x00000000ff800000, 0x00000000ff900000, 0x00000000ff900000|100%| O|  |TAMS 0x00000000ff800000| PB 0x00000000ff800000| Untracked 
|2041|0x00000000ff900000, 0x00000000ffa00000, 0x00000000ffa00000|100%| O|  |TAMS 0x00000000ff900000| PB 0x00000000ff900000| Untracked 
|2042|0x00000000ffa00000, 0x00000000ffb00000, 0x00000000ffb00000|100%| O|  |TAMS 0x00000000ffa00000| PB 0x00000000ffa00000| Untracked 
|2043|0x00000000ffb00000, 0x00000000ffc00000, 0x00000000ffc00000|100%| O|  |TAMS 0x00000000ffb00000| PB 0x00000000ffb00000| Untracked 
|2044|0x00000000ffc00000, 0x00000000ffd00000, 0x00000000ffd00000|100%| O|  |TAMS 0x00000000ffc00000| PB 0x00000000ffc00000| Untracked 
|2045|0x00000000ffd00000, 0x00000000ffe00000, 0x00000000ffe00000|100%| O|  |TAMS 0x00000000ffd00000| PB 0x00000000ffd00000| Untracked 
|2046|0x00000000ffe00000, 0x00000000fff00000, 0x00000000fff00000|100%| O|  |TAMS 0x00000000ffe00000| PB 0x00000000ffe00000| Untracked 
|2047|0x00000000fff00000, 0x0000000100000000, 0x0000000100000000|100%| O|  |TAMS 0x00000000fff00000| PB 0x00000000fff00000| Untracked 

Card table byte_map: [0x000001e340f70000,0x000001e341370000] _byte_map_base: 0x000001e340b70000

Marking Bits: (CMBitMap*) 0x000001e32e516ac0
 Bits: [0x000001e341370000, 0x000001e343370000)

Polling page: 0x000001e32c360000

Metaspace:

Usage:
  Non-class:    108.41 MB used.
      Class:     16.74 MB used.
       Both:    125.15 MB used.

Virtual space:
  Non-class space:      128.00 MB reserved,     109.44 MB ( 85%) committed,  2 nodes.
      Class space:        1.00 GB reserved,      17.69 MB (  2%) committed,  1 nodes.
             Both:        1.12 GB reserved,     127.12 MB ( 11%) committed. 

Chunk freelists:
   Non-Class:  2.16 MB
       Class:  14.35 MB
        Both:  16.50 MB

MaxMetaspaceSize: unlimited
CompressedClassSpaceSize: 1.00 GB
Initial GC threshold: 21.00 MB
Current GC threshold: 200.31 MB
CDS: off
 - commit_granule_bytes: 65536.
 - commit_granule_words: 8192.
 - virtual_space_node_default_size: 8388608.
 - enlarge_chunks_in_place: 1.
 - use_allocation_guard: 0.


Internal statistics:

num_allocs_failed_limit: 6.
num_arena_births: 3854.
num_arena_deaths: 0.
num_vsnodes_births: 3.
num_vsnodes_deaths: 0.
num_space_committed: 2034.
num_space_uncommitted: 0.
num_chunks_returned_to_freelist: 6.
num_chunks_taken_from_freelist: 8921.
num_chunk_merges: 3.
num_chunk_splits: 6209.
num_chunks_enlarged: 4315.
num_inconsistent_stats: 0.

CodeHeap 'non-profiled nmethods': size=120000Kb used=5460Kb max_used=5460Kb free=114539Kb
 bounds [0x000001e3390f0000, 0x000001e339650000, 0x000001e340620000]
CodeHeap 'profiled nmethods': size=120000Kb used=18092Kb max_used=18092Kb free=101907Kb
 bounds [0x000001e331620000, 0x000001e3327d0000, 0x000001e338b50000]
CodeHeap 'non-nmethods': size=5760Kb used=2179Kb max_used=2218Kb free=3580Kb
 bounds [0x000001e338b50000, 0x000001e338dc0000, 0x000001e3390f0000]
CodeCache: size=245760Kb, used=25731Kb, max_used=25770Kb, free=220026Kb
 total_blobs=10521, nmethods=9481, adapters=943, full_count=0
Compilation: enabled, stopped_count=0, restarted_count=0

Compilation events (20 events):
Event: 12.821 Thread 0x000001e34616b2b0 11227       1       org.jetbrains.kotlin.ir.builders.declarations.IrFunctionBuilder::isSuspend (5 bytes)
Event: 12.821 Thread 0x000001e34616b2b0 nmethod 11227 0x000001e33963fa10 code [0x000001e33963fba0, 0x000001e33963fc70]
Event: 12.821 Thread 0x000001e34616b2b0 11228       1       org.jetbrains.kotlin.ir.builders.declarations.IrFunctionBuilder::isOperator (5 bytes)
Event: 12.821 Thread 0x000001e34616b2b0 nmethod 11228 0x000001e33963fd10 code [0x000001e33963fea0, 0x000001e33963ff70]
Event: 12.821 Thread 0x000001e34616b2b0 11229       1       org.jetbrains.kotlin.ir.builders.declarations.IrFunctionBuilder::isInfix (5 bytes)
Event: 12.821 Thread 0x000001e34616b2b0 nmethod 11229 0x000001e339640010 code [0x000001e3396401a0, 0x000001e339640270]
Event: 12.821 Thread 0x000001e34616b2b0 11230       1       org.jetbrains.kotlin.ir.builders.declarations.IrFunctionBuilder::isFakeOverride (5 bytes)
Event: 12.821 Thread 0x000001e34616b2b0 nmethod 11230 0x000001e339640310 code [0x000001e3396404a0, 0x000001e339640570]
Event: 12.821 Thread 0x000001e34616b2b0 11232       1       org.jetbrains.kotlin.ir.builders.declarations.IrFunctionBuilder::setSuspend (6 bytes)
Event: 12.821 Thread 0x000001e34616b2b0 nmethod 11232 0x000001e339640610 code [0x000001e3396407a0, 0x000001e339640870]
Event: 12.821 Thread 0x000001e34616b2b0 11233       1       org.jetbrains.kotlin.ir.builders.declarations.IrFunctionBuilder::setFakeOverride (6 bytes)
Event: 12.821 Thread 0x000001e34616b2b0 nmethod 11233 0x000001e339640910 code [0x000001e339640aa0, 0x000001e339640b70]
Event: 12.821 Thread 0x000001e34616b2b0 11222       3       org.jetbrains.kotlin.fir.deserialization.FirMemberDeserializer::loadFunction (1408 bytes)
Event: 12.822 Thread 0x000001e34f42c4e0 nmethod 10912 0x000001e339641810 code [0x000001e3396419e0, 0x000001e339642180]
Event: 12.822 Thread 0x000001e34f42c4e0 11224       4       org.jetbrains.kotlin.name.FqName::shortName (8 bytes)
Event: 12.823 Thread 0x000001e34f42c4e0 nmethod 11224 0x000001e339642410 code [0x000001e3396425c0, 0x000001e339642718]
Event: 12.823 Thread 0x000001e34f42c4e0 11170       4       org.jetbrains.kotlin.metadata.jvm.JvmProtoBuf$StringTableTypes$Record$Operation::valueOf (42 bytes)
Event: 12.823 Thread 0x000001e34f42c4e0 nmethod 11170 0x000001e339642890 code [0x000001e339642a20, 0x000001e339642aa8]
Event: 12.823 Thread 0x000001e34f42c4e0 11181       4       java.util.LinkedHashMap$LinkedValues::size (8 bytes)
Event: 12.823 Thread 0x000001e34f42c4e0 nmethod 11181 0x000001e339642b90 code [0x000001e339642d20, 0x000001e339642dc0]

GC Heap History (20 events):
Event: 8.135 GC heap before
{Heap before GC invocations=24 (full 0):
 garbage-first heap   total 152576K, used 139775K [0x0000000080000000, 0x0000000100000000)
  region size 1024K, 62 young (63488K), 5 survivors (5120K)
 Metaspace       used 86988K, committed 88896K, reserved 1179648K
  class space    used 12686K, committed 13632K, reserved 1048576K
}
Event: 8.138 GC heap after
{Heap after GC invocations=25 (full 0):
 garbage-first heap   total 152576K, used 82845K [0x0000000080000000, 0x0000000100000000)
  region size 1024K, 6 young (6144K), 6 survivors (6144K)
 Metaspace       used 86988K, committed 88896K, reserved 1179648K
  class space    used 12686K, committed 13632K, reserved 1048576K
}
Event: 8.509 GC heap before
{Heap before GC invocations=25 (full 0):
 garbage-first heap   total 152576K, used 142237K [0x0000000080000000, 0x0000000100000000)
  region size 1024K, 64 young (65536K), 6 survivors (6144K)
 Metaspace       used 90794K, committed 92800K, reserved 1179648K
  class space    used 13135K, committed 14080K, reserved 1048576K
}
Event: 8.874 GC heap after
{Heap after GC invocations=26 (full 0):
 garbage-first heap   total 163840K, used 96739K [0x0000000080000000, 0x0000000100000000)
  region size 1024K, 8 young (8192K), 8 survivors (8192K)
 Metaspace       used 90794K, committed 92800K, reserved 1179648K
  class space    used 13135K, committed 14080K, reserved 1048576K
}
Event: 9.033 GC heap before
{Heap before GC invocations=26 (full 0):
 garbage-first heap   total 163840K, used 142819K [0x0000000080000000, 0x0000000100000000)
  region size 1024K, 53 young (54272K), 8 survivors (8192K)
 Metaspace       used 90805K, committed 92800K, reserved 1179648K
  class space    used 13136K, committed 14080K, reserved 1048576K
}
Event: 9.043 GC heap after
{Heap after GC invocations=27 (full 0):
 garbage-first heap   total 172032K, used 117760K [0x0000000080000000, 0x0000000100000000)
  region size 1024K, 7 young (7168K), 7 survivors (7168K)
 Metaspace       used 90805K, committed 92800K, reserved 1179648K
  class space    used 13136K, committed 14080K, reserved 1048576K
}
Event: 10.311 GC heap before
{Heap before GC invocations=28 (full 0):
 garbage-first heap   total 198656K, used 148480K [0x0000000080000000, 0x0000000100000000)
  region size 1024K, 36 young (36864K), 7 survivors (7168K)
 Metaspace       used 93181K, committed 95168K, reserved 1179648K
  class space    used 13408K, committed 14400K, reserved 1048576K
}
Event: 10.315 GC heap after
{Heap after GC invocations=29 (full 0):
 garbage-first heap   total 198656K, used 125952K [0x0000000080000000, 0x0000000100000000)
  region size 1024K, 5 young (5120K), 5 survivors (5120K)
 Metaspace       used 93181K, committed 95168K, reserved 1179648K
  class space    used 13408K, committed 14400K, reserved 1048576K
}
Event: 10.678 GC heap before
{Heap before GC invocations=29 (full 0):
 garbage-first heap   total 198656K, used 165888K [0x0000000080000000, 0x0000000100000000)
  region size 1024K, 44 young (45056K), 5 survivors (5120K)
 Metaspace       used 97865K, committed 99840K, reserved 1179648K
  class space    used 13904K, committed 14848K, reserved 1048576K
}
Event: 10.681 GC heap after
{Heap after GC invocations=30 (full 0):
 garbage-first heap   total 198656K, used 128587K [0x0000000080000000, 0x0000000100000000)
  region size 1024K, 3 young (3072K), 3 survivors (3072K)
 Metaspace       used 97865K, committed 99840K, reserved 1179648K
  class space    used 13904K, committed 14848K, reserved 1048576K
}
Event: 10.956 GC heap before
{Heap before GC invocations=30 (full 0):
 garbage-first heap   total 198656K, used 169547K [0x0000000080000000, 0x0000000100000000)
  region size 1024K, 43 young (44032K), 3 survivors (3072K)
 Metaspace       used 101982K, committed 103936K, reserved 1179648K
  class space    used 14287K, committed 15232K, reserved 1048576K
}
Event: 10.958 GC heap after
{Heap after GC invocations=31 (full 0):
 garbage-first heap   total 198656K, used 131626K [0x0000000080000000, 0x0000000100000000)
  region size 1024K, 6 young (6144K), 6 survivors (6144K)
 Metaspace       used 101982K, committed 103936K, reserved 1179648K
  class space    used 14287K, committed 15232K, reserved 1048576K
}
Event: 11.317 GC heap before
{Heap before GC invocations=32 (full 0):
 garbage-first heap   total 220160K, used 172586K [0x0000000080000000, 0x0000000100000000)
  region size 1024K, 47 young (48128K), 6 survivors (6144K)
 Metaspace       used 107963K, committed 109952K, reserved 1179648K
  class space    used 14905K, committed 15872K, reserved 1048576K
}
Event: 11.320 GC heap after
{Heap after GC invocations=33 (full 0):
 garbage-first heap   total 220160K, used 132731K [0x0000000080000000, 0x0000000100000000)
  region size 1024K, 5 young (5120K), 5 survivors (5120K)
 Metaspace       used 107963K, committed 109952K, reserved 1179648K
  class space    used 14905K, committed 15872K, reserved 1048576K
}
Event: 11.719 GC heap before
{Heap before GC invocations=33 (full 0):
 garbage-first heap   total 220160K, used 189051K [0x0000000080000000, 0x0000000100000000)
  region size 1024K, 60 young (61440K), 5 survivors (5120K)
 Metaspace       used 113176K, committed 115200K, reserved 1179648K
  class space    used 15456K, committed 16448K, reserved 1048576K
}
Event: 11.725 GC heap after
{Heap after GC invocations=34 (full 0):
 garbage-first heap   total 220160K, used 136277K [0x0000000080000000, 0x0000000100000000)
  region size 1024K, 8 young (8192K), 8 survivors (8192K)
 Metaspace       used 113176K, committed 115200K, reserved 1179648K
  class space    used 15456K, committed 16448K, reserved 1048576K
}
Event: 12.231 GC heap before
{Heap before GC invocations=34 (full 0):
 garbage-first heap   total 220160K, used 192597K [0x0000000080000000, 0x0000000100000000)
  region size 1024K, 63 young (64512K), 8 survivors (8192K)
 Metaspace       used 120524K, committed 122560K, reserved 1179648K
  class space    used 16372K, committed 17344K, reserved 1048576K
}
Event: 12.234 GC heap after
{Heap after GC invocations=35 (full 0):
 garbage-first heap   total 220160K, used 140358K [0x0000000080000000, 0x0000000100000000)
  region size 1024K, 4 young (4096K), 4 survivors (4096K)
 Metaspace       used 120524K, committed 122560K, reserved 1179648K
  class space    used 16372K, committed 17344K, reserved 1048576K
}
Event: 12.706 GC heap before
{Heap before GC invocations=36 (full 0):
 garbage-first heap   total 235520K, used 196678K [0x0000000080000000, 0x0000000100000000)
  region size 1024K, 58 young (59392K), 4 survivors (4096K)
 Metaspace       used 127517K, committed 129536K, reserved 1179648K
  class space    used 17064K, committed 18048K, reserved 1048576K
}
Event: 12.709 GC heap after
{Heap after GC invocations=37 (full 0):
 garbage-first heap   total 235520K, used 144771K [0x0000000080000000, 0x0000000100000000)
  region size 1024K, 7 young (7168K), 7 survivors (7168K)
 Metaspace       used 127517K, committed 129536K, reserved 1179648K
  class space    used 17064K, committed 18048K, reserved 1048576K
}

Dll operation events (3 events):
Event: 0.008 Loaded shared library C:\Program Files\Android\Android Studio\jbr\bin\java.dll
Event: 0.013 Loaded shared library C:\Program Files\Android\Android Studio\jbr\bin\zip.dll
Event: 0.489 Loaded shared library C:\Program Files\Android\Android Studio\jbr\bin\verify.dll

Deoptimization events (20 events):
Event: 12.738 Thread 0x000001e34ca98a80 DEOPT PACKING pc=0x000001e3394827ec sp=0x00000073ae3f2380
Event: 12.738 Thread 0x000001e34ca98a80 DEOPT UNPACKING pc=0x000001e338ba43a2 sp=0x00000073ae3f2290 mode 2
Event: 12.743 Thread 0x000001e34ca98a80 Uncommon trap: trap_request=0xffffffde fr.pc=0x000001e33960f244 relative=0x00000000000018a4
Event: 12.743 Thread 0x000001e34ca98a80 Uncommon trap: reason=class_check action=maybe_recompile pc=0x000001e33960f244 method=org.jetbrains.org.objectweb.asm.ClassReader.readElementValue(Lorg/jetbrains/org/objectweb/asm/AnnotationVisitor;ILjava/lang/String;[C)I @ 536 c2
Event: 12.743 Thread 0x000001e34ca98a80 DEOPT PACKING pc=0x000001e33960f244 sp=0x00000073ae3f17e0
Event: 12.743 Thread 0x000001e34ca98a80 DEOPT UNPACKING pc=0x000001e338ba43a2 sp=0x00000073ae3f1770 mode 2
Event: 12.749 Thread 0x000001e34ca98a80 Uncommon trap: trap_request=0xffffffde fr.pc=0x000001e33960f244 relative=0x00000000000018a4
Event: 12.749 Thread 0x000001e34ca98a80 Uncommon trap: reason=class_check action=maybe_recompile pc=0x000001e33960f244 method=org.jetbrains.org.objectweb.asm.ClassReader.readElementValue(Lorg/jetbrains/org/objectweb/asm/AnnotationVisitor;ILjava/lang/String;[C)I @ 536 c2
Event: 12.749 Thread 0x000001e34ca98a80 DEOPT PACKING pc=0x000001e33960f244 sp=0x00000073ae3f1820
Event: 12.749 Thread 0x000001e34ca98a80 DEOPT UNPACKING pc=0x000001e338ba43a2 sp=0x00000073ae3f17b0 mode 2
Event: 12.753 Thread 0x000001e34ca98a80 DEOPT PACKING pc=0x000001e3326c8d3c sp=0x00000073ae3f1ea0
Event: 12.753 Thread 0x000001e34ca98a80 DEOPT UNPACKING pc=0x000001e338ba4b42 sp=0x00000073ae3f1308 mode 0
Event: 12.754 Thread 0x000001e34ca98a80 Uncommon trap: trap_request=0xffffffde fr.pc=0x000001e33960f244 relative=0x00000000000018a4
Event: 12.754 Thread 0x000001e34ca98a80 Uncommon trap: reason=class_check action=maybe_recompile pc=0x000001e33960f244 method=org.jetbrains.org.objectweb.asm.ClassReader.readElementValue(Lorg/jetbrains/org/objectweb/asm/AnnotationVisitor;ILjava/lang/String;[C)I @ 536 c2
Event: 12.754 Thread 0x000001e34ca98a80 DEOPT PACKING pc=0x000001e33960f244 sp=0x00000073ae3f1820
Event: 12.754 Thread 0x000001e34ca98a80 DEOPT UNPACKING pc=0x000001e338ba43a2 sp=0x00000073ae3f17b0 mode 2
Event: 12.768 Thread 0x000001e34ca98a80 DEOPT PACKING pc=0x000001e3326c8d3c sp=0x00000073ae3f1310
Event: 12.768 Thread 0x000001e34ca98a80 DEOPT UNPACKING pc=0x000001e338ba4b42 sp=0x00000073ae3f0778 mode 0
Event: 12.770 Thread 0x000001e34ca98a80 DEOPT PACKING pc=0x000001e3326c8d3c sp=0x00000073ae3f1310
Event: 12.770 Thread 0x000001e34ca98a80 DEOPT UNPACKING pc=0x000001e338ba4b42 sp=0x00000073ae3f0778 mode 0

Classes loaded (20 events):
Event: 11.529 Loading class java/text/StringCharacterIterator
Event: 11.529 Loading class java/text/CharacterIterator
Event: 11.529 Loading class java/text/CharacterIterator done
Event: 11.529 Loading class java/text/StringCharacterIterator done
Event: 11.646 Loading class java/util/AbstractList$RandomAccessSubList
Event: 11.646 Loading class java/util/AbstractList$SubList
Event: 11.646 Loading class java/util/AbstractList$SubList done
Event: 11.646 Loading class java/util/AbstractList$RandomAccessSubList done
Event: 11.846 Loading class java/util/AbstractList$SubList$1
Event: 11.846 Loading class java/util/AbstractList$SubList$1 done
Event: 11.884 Loading class java/util/EnumMap$EntrySet
Event: 11.884 Loading class java/util/EnumMap$EntrySet done
Event: 11.884 Loading class java/util/EnumMap$EntryIterator
Event: 11.884 Loading class java/util/EnumMap$EnumMapIterator
Event: 11.884 Loading class java/util/EnumMap$EnumMapIterator done
Event: 11.884 Loading class java/util/EnumMap$EntryIterator done
Event: 11.884 Loading class java/util/EnumMap$EntryIterator$Entry
Event: 11.885 Loading class java/util/EnumMap$EntryIterator$Entry done
Event: 12.433 Loading class java/lang/Byte$ByteCache
Event: 12.433 Loading class java/lang/Byte$ByteCache done

Classes unloaded (0 events):
No events

Classes redefined (0 events):
No events

Internal exceptions (20 events):
Event: 8.406 Thread 0x000001e34ca98a80 Exception <a 'java/lang/NoSuchMethodError'{0x00000000873e56e0}: 'java.lang.Object java.lang.invoke.DirectMethodHandle$Holder.newInvokeSpecial(java.lang.Object, java.lang.Object, java.lang.Object, long)'> (0x00000000873e56e0) 
thrown [s\src\hotspot\share\interpreter\linkResolver.cpp, line 784]
Event: 8.406 Thread 0x000001e34ca98a80 Exception <a 'java/lang/NoSuchMethodError'{0x00000000873eac00}: 'java.lang.Object java.lang.invoke.Invokers$Holder.linkToTargetMethod(java.lang.Object, java.lang.Object, long, java.lang.Object)'> (0x00000000873eac00) 
thrown [s\src\hotspot\share\interpreter\linkResolver.cpp, line 784]
Event: 8.881 Thread 0x000001e34ca98a80 Implicit null exception at 0x000001e33954ffe7 to 0x000001e3395503f0
Event: 8.888 Thread 0x000001e34ca98a80 Implicit null exception at 0x000001e33955d8f2 to 0x000001e33955e3f8
Event: 11.421 Thread 0x000001e34c5a53a0 Exception <a 'sun/nio/fs/WindowsException'{0x000000008b3aeda8}> (0x000000008b3aeda8) 
thrown [s\src\hotspot\share\prims\jni.cpp, line 537]
Event: 11.424 Thread 0x000001e34c5a53a0 Exception <a 'sun/nio/fs/WindowsException'{0x000000008b2054c8}> (0x000000008b2054c8) 
thrown [s\src\hotspot\share\prims\jni.cpp, line 537]
Event: 11.571 Thread 0x000001e34ca98a80 Exception <a 'java/lang/NoSuchMethodError'{0x0000000089f0d2b8}: 'java.lang.Object java.lang.invoke.DirectMethodHandle$Holder.newInvokeSpecial(java.lang.Object, int, java.lang.Object, java.lang.Object)'> (0x0000000089f0d2b8) 
thrown [s\src\hotspot\share\interpreter\linkResolver.cpp, line 784]
Event: 11.676 Thread 0x000001e34ca98a80 Exception <a 'java/lang/NoSuchMethodError'{0x0000000088bae370}: 'java.lang.Object java.lang.invoke.DirectMethodHandle$Holder.invokeStatic(java.lang.Object, java.lang.Object, java.lang.Object, java.lang.Object, int, java.lang.Object, java.lang.Object)'> (0x0000000088bae370) 
thrown [s\src\hotspot\share\interpreter\linkResolver.cpp, line 784]
Event: 11.676 Thread 0x000001e34ca98a80 Exception <a 'java/lang/NoSuchMethodError'{0x0000000088bb92f0}: 'java.lang.Object java.lang.invoke.DirectMethodHandle$Holder.newInvokeSpecial(java.lang.Object, java.lang.Object, java.lang.Object, java.lang.Object, int, java.lang.Object, java.lang.Object)'> (0x0000000088bb92f0) 
thrown [s\src\hotspot\share\interpreter\linkResolver.cpp, line 784]
Event: 11.676 Thread 0x000001e34ca98a80 Exception <a 'java/lang/NoSuchMethodError'{0x0000000088bbf998}: 'java.lang.Object java.lang.invoke.DirectMethodHandle$Holder.invokeSpecial(java.lang.Object, java.lang.Object, java.lang.Object, java.lang.Object, java.lang.Object, int, java.lang.Object, java.lang.Object)'> (0x0000000088bbf998) 
thrown [s\src\hotspot\share\interpreter\linkResolver.cpp, line 784]
Event: 12.461 Thread 0x000001e34ca98a80 Exception <a 'java/lang/NoSuchMethodError'{0x000000008bbacc40}: 'java.lang.Object java.lang.invoke.DirectMethodHandle$Holder.invokeStatic(java.lang.Object, java.lang.Object, java.lang.Object, java.lang.Object, java.lang.Object, int)'> (0x000000008bbacc40) 
thrown [s\src\hotspot\share\interpreter\linkResolver.cpp, line 784]
Event: 12.462 Thread 0x000001e34ca98a80 Exception <a 'java/lang/NoSuchMethodError'{0x000000008bbbaaa0}: 'java.lang.Object java.lang.invoke.DirectMethodHandle$Holder.newInvokeSpecial(java.lang.Object, java.lang.Object, java.lang.Object, java.lang.Object, java.lang.Object, int)'> (0x000000008bbbaaa0) 
thrown [s\src\hotspot\share\interpreter\linkResolver.cpp, line 784]
Event: 12.462 Thread 0x000001e34ca98a80 Exception <a 'java/lang/NoSuchMethodError'{0x000000008bbc0768}: 'java.lang.Object java.lang.invoke.DirectMethodHandle$Holder.invokeSpecial(java.lang.Object, java.lang.Object, java.lang.Object, java.lang.Object, java.lang.Object, java.lang.Object, int)'> (0x000000008bbc0768) 
thrown [s\src\hotspot\share\interpreter\linkResolver.cpp, line 784]
Event: 12.462 Thread 0x000001e34ca98a80 Exception <a 'java/lang/NoSuchMethodError'{0x000000008bbc5ac8}: 'java.lang.Object java.lang.invoke.Invokers$Holder.linkToTargetMethod(java.lang.Object, java.lang.Object, java.lang.Object, java.lang.Object, int, java.lang.Object)'> (0x000000008bbc5ac8) 
thrown [s\src\hotspot\share\interpreter\linkResolver.cpp, line 784]
Event: 12.468 Thread 0x000001e34ca98a80 Exception <a 'java/lang/NoSuchMethodError'{0x000000008ba66a40}: 'java.lang.Object java.lang.invoke.DirectMethodHandle$Holder.newInvokeSpecial(java.lang.Object, java.lang.Object, java.lang.Object, java.lang.Object, java.lang.Object, java.lang.Object, java.lang.Object, java.lang.Object, int)'> (0x000000008ba66a40) 
thrown [s\src\hotspot\share\interpreter\linkResolver.cpp, line 784]
Event: 12.468 Thread 0x000001e34ca98a80 Exception <a 'java/lang/NoSuchMethodError'{0x000000008ba6d170}: 'java.lang.Object java.lang.invoke.DirectMethodHandle$Holder.invokeSpecial(java.lang.Object, java.lang.Object, java.lang.Object, java.lang.Object, java.lang.Object, java.lang.Object, java.lang.Object, java.lang.Object, java.lang.Object, int)'> (0x000000008ba6d170) 
thrown [s\src\hotspot\share\interpreter\linkResolver.cpp, line 784]
Event: 12.468 Thread 0x000001e34ca98a80 Exception <a 'java/lang/NoSuchMethodError'{0x000000008ba73040}: 'java.lang.Object java.lang.invoke.Invokers$Holder.linkToTargetMethod(java.lang.Object, java.lang.Object, java.lang.Object, java.lang.Object, java.lang.Object, java.lang.Object, java.lang.Object, int, java.lang.Object)'> (0x000000008ba73040) 
thrown [s\src\hotspot\share\interpreter\linkResolver.cpp, line 784]
Event: 12.799 Thread 0x000001e34ca98a80 Exception <a 'java/lang/NoSuchMethodError'{0x000000008ba9e958}: 'java.lang.Object java.lang.invoke.DirectMethodHandle$Holder.newInvokeSpecial(java.lang.Object, int, java.lang.Object, int, int)'> (0x000000008ba9e958) 
thrown [s\src\hotspot\share\interpreter\linkResolver.cpp, line 784]
Event: 12.821 Thread 0x000001e34ca98a80 Exception <a 'java/lang/NoSuchMethodError'{0x000000008b856180}: 'java.lang.Object java.lang.invoke.DirectMethodHandle$Holder.newInvokeSpecial(java.lang.Object, int, java.lang.Object, int)'> (0x000000008b856180) 
thrown [s\src\hotspot\share\interpreter\linkResolver.cpp, line 784]
Event: 12.822 Thread 0x000001e34ca98a80 Exception <a 'java/lang/NoSuchMethodError'{0x000000008b85b898}: 'java.lang.Object java.lang.invoke.DirectMethodHandle$Holder.invokeSpecial(java.lang.Object, java.lang.Object, int, java.lang.Object, int)'> (0x000000008b85b898) 
thrown [s\src\hotspot\share\interpreter\linkResolver.cpp, line 784]

ZGC Phase Switch (0 events):
No events

VM Operations (20 events):
Event: 11.830 Executing non-safepoint VM operation: HandshakeAllThreads (Deoptimize)
Event: 11.830 Executing non-safepoint VM operation: HandshakeAllThreads (Deoptimize) done
Event: 11.929 Executing non-safepoint VM operation: HandshakeAllThreads (Deoptimize)
Event: 11.929 Executing non-safepoint VM operation: HandshakeAllThreads (Deoptimize) done
Event: 12.231 Executing safepoint VM operation: G1CollectForAllocation (G1 Evacuation Pause)
Event: 12.234 Executing safepoint VM operation: G1CollectForAllocation (G1 Evacuation Pause) done
Event: 12.279 Executing safepoint VM operation: G1PauseRemark
Event: 12.283 Executing safepoint VM operation: G1PauseRemark done
Event: 12.300 Executing safepoint VM operation: G1PauseCleanup
Event: 12.300 Executing safepoint VM operation: G1PauseCleanup done
Event: 12.484 Executing non-safepoint VM operation: HandshakeAllThreads (Deoptimize)
Event: 12.485 Executing non-safepoint VM operation: HandshakeAllThreads (Deoptimize) done
Event: 12.487 Executing non-safepoint VM operation: HandshakeAllThreads (Deoptimize)
Event: 12.487 Executing non-safepoint VM operation: HandshakeAllThreads (Deoptimize) done
Event: 12.651 Executing non-safepoint VM operation: HandshakeAllThreads (Deoptimize)
Event: 12.652 Executing non-safepoint VM operation: HandshakeAllThreads (Deoptimize) done
Event: 12.706 Executing safepoint VM operation: G1CollectForAllocation (G1 Evacuation Pause)
Event: 12.710 Executing safepoint VM operation: G1CollectForAllocation (G1 Evacuation Pause) done
Event: 13.718 Executing safepoint VM operation: Cleanup
Event: 13.718 Executing safepoint VM operation: Cleanup done

Memory protections (0 events):
No events

Nmethod flushes (20 events):
Event: 12.282 Thread 0x000001e34609aae0 flushing  nmethod 0x000001e3318cea10
Event: 12.282 Thread 0x000001e34609aae0 flushing  nmethod 0x000001e3318cf290
Event: 12.282 Thread 0x000001e34609aae0 flushing  nmethod 0x000001e3318d6d10
Event: 12.282 Thread 0x000001e34609aae0 flushing  nmethod 0x000001e3318d8990
Event: 12.282 Thread 0x000001e34609aae0 flushing  nmethod 0x000001e331d3a410
Event: 12.282 Thread 0x000001e34609aae0 flushing  nmethod 0x000001e331edd710
Event: 12.282 Thread 0x000001e34609aae0 flushing  nmethod 0x000001e33910d190
Event: 12.282 Thread 0x000001e34609aae0 flushing  nmethod 0x000001e339526e90
Event: 12.282 Thread 0x000001e34609aae0 flushing  nmethod 0x000001e331666010
Event: 12.282 Thread 0x000001e34609aae0 flushing  nmethod 0x000001e3316c6490
Event: 12.282 Thread 0x000001e34609aae0 flushing  nmethod 0x000001e3316ce210
Event: 12.282 Thread 0x000001e34609aae0 flushing  nmethod 0x000001e331723590
Event: 12.282 Thread 0x000001e34609aae0 flushing  nmethod 0x000001e331772010
Event: 12.282 Thread 0x000001e34609aae0 flushing  nmethod 0x000001e331772910
Event: 12.282 Thread 0x000001e34609aae0 flushing  nmethod 0x000001e331824c10
Event: 12.282 Thread 0x000001e34609aae0 flushing  nmethod 0x000001e331a1d190
Event: 12.282 Thread 0x000001e34609aae0 flushing  nmethod 0x000001e331db9e10
Event: 12.282 Thread 0x000001e34609aae0 flushing  nmethod 0x000001e331e59f10
Event: 12.282 Thread 0x000001e34609aae0 flushing  nmethod 0x000001e331eaa510
Event: 12.282 Thread 0x000001e34609aae0 flushing  nmethod 0x000001e33228e410

Events (20 events):
Event: 5.827 Thread 0x000001e34eb0af70 Thread exited: 0x000001e34eb0af70
Event: 5.827 Thread 0x000001e3465834c0 Thread exited: 0x000001e3465834c0
Event: 6.193 Thread 0x000001e34616ac00 Thread added: 0x000001e35170ec70
Event: 6.919 Thread 0x000001e34616b2b0 Thread added: 0x000001e34fa12f60
Event: 7.559 Thread 0x000001e34fa12f60 Thread exited: 0x000001e34fa12f60
Event: 7.802 Thread 0x000001e35170ec70 Thread exited: 0x000001e35170ec70
Event: 8.198 Thread 0x000001e34616b2b0 Thread added: 0x000001e34f199020
Event: 8.365 Thread 0x000001e34616b2b0 Thread added: 0x000001e351fa1af0
Event: 8.877 Thread 0x000001e351fa1af0 Thread exited: 0x000001e351fa1af0
Event: 8.883 Thread 0x000001e34616b2b0 Thread added: 0x000001e34cf0e150
Event: 10.326 Thread 0x000001e34cf0e150 Thread exited: 0x000001e34cf0e150
Event: 10.326 Thread 0x000001e34f199020 Thread exited: 0x000001e34f199020
Event: 10.372 Thread 0x000001e34616ac00 Thread added: 0x000001e34dbcb7f0
Event: 10.702 Thread 0x000001e34616b2b0 Thread added: 0x000001e346396ed0
Event: 10.817 Thread 0x000001e346396ed0 Thread exited: 0x000001e346396ed0
Event: 11.042 Thread 0x000001e34dbcb7f0 Thread exited: 0x000001e34dbcb7f0
Event: 11.350 Thread 0x000001e34616b2b0 Thread added: 0x000001e34f42c4e0
Event: 11.358 Thread 0x000001e34616b2b0 Thread added: 0x000001e346396ed0
Event: 12.031 Thread 0x000001e346396ed0 Thread exited: 0x000001e346396ed0
Event: 12.758 Thread 0x000001e34616b2b0 Thread added: 0x000001e34df1f010


Dynamic libraries:
0x00007ff6b7d10000 - 0x00007ff6b7d1a000 	C:\Program Files\Android\Android Studio\jbr\bin\java.exe
0x00007ffba3ba0000 - 0x00007ffba3e07000 	C:\WINDOWS\SYSTEM32\ntdll.dll
0x00007ffba2340000 - 0x00007ffba2409000 	C:\WINDOWS\System32\KERNEL32.DLL
0x00007ffba0990000 - 0x00007ffba0d87000 	C:\WINDOWS\System32\KERNELBASE.dll
0x00007ffba0840000 - 0x00007ffba098b000 	C:\WINDOWS\System32\ucrtbase.dll
0x00007ffb8e6f0000 - 0x00007ffb8e708000 	C:\Program Files\Android\Android Studio\jbr\bin\jli.dll
0x00007ffb84070000 - 0x00007ffb8408b000 	C:\Program Files\Android\Android Studio\jbr\bin\VCRUNTIME140.dll
0x00007ffba24e0000 - 0x00007ffba26a6000 	C:\WINDOWS\System32\USER32.dll
0x00007ffba0d90000 - 0x00007ffba0db7000 	C:\WINDOWS\System32\win32u.dll
0x00007ffb8b1f0000 - 0x00007ffb8b482000 	C:\WINDOWS\WinSxS\amd64_microsoft.windows.common-controls_6595b64144ccf1df_6.0.26100.8457_none_3e0b2faee331e92d\COMCTL32.dll
0x00007ffba1cc0000 - 0x00007ffba1ceb000 	C:\WINDOWS\System32\GDI32.dll
0x00007ffba1cf0000 - 0x00007ffba1d99000 	C:\WINDOWS\System32\msvcrt.dll
0x00007ffba05d0000 - 0x00007ffba06fc000 	C:\WINDOWS\System32\gdi32full.dll
0x00007ffba0790000 - 0x00007ffba0833000 	C:\WINDOWS\System32\msvcp_win.dll
0x00007ffba1c80000 - 0x00007ffba1cb2000 	C:\WINDOWS\System32\IMM32.DLL
0x00007ffb9b8c0000 - 0x00007ffb9b8cc000 	C:\Program Files\Android\Android Studio\jbr\bin\vcruntime140_1.dll
0x00007ffb37850000 - 0x00007ffb378dd000 	C:\Program Files\Android\Android Studio\jbr\bin\msvcp140.dll
0x00007ffae7e30000 - 0x00007ffae8ac6000 	C:\Program Files\Android\Android Studio\jbr\bin\server\jvm.dll
0x00007ffba2970000 - 0x00007ffba2a26000 	C:\WINDOWS\System32\ADVAPI32.dll
0x00007ffba2290000 - 0x00007ffba2337000 	C:\WINDOWS\System32\sechost.dll
0x00007ffba26e0000 - 0x00007ffba27f8000 	C:\WINDOWS\System32\RPCRT4.dll
0x00007ffba2200000 - 0x00007ffba2280000 	C:\WINDOWS\System32\WS2_32.dll
0x00007ffba0450000 - 0x00007ffba04ae000 	C:\WINDOWS\SYSTEM32\POWRPROF.dll
0x00007ffb982a0000 - 0x00007ffb982ab000 	C:\WINDOWS\SYSTEM32\VERSION.dll
0x00007ffb98260000 - 0x00007ffb98296000 	C:\WINDOWS\SYSTEM32\WINMM.dll
0x00007ffba0430000 - 0x00007ffba0444000 	C:\WINDOWS\SYSTEM32\UMPDC.dll
0x00007ffb9f330000 - 0x00007ffb9f34b000 	C:\WINDOWS\SYSTEM32\kernel.appcore.dll
0x00007ffb7e700000 - 0x00007ffb7e70a000 	C:\Program Files\Android\Android Studio\jbr\bin\jimage.dll
0x00007ffb9e600000 - 0x00007ffb9e842000 	C:\WINDOWS\SYSTEM32\DBGHELP.DLL
0x00007ffba37c0000 - 0x00007ffba3b43000 	C:\WINDOWS\System32\combase.dll
0x00007ffba2800000 - 0x00007ffba28d9000 	C:\WINDOWS\System32\OLEAUT32.dll
0x00007ffb78af0000 - 0x00007ffb78b2b000 	C:\WINDOWS\SYSTEM32\dbgcore.DLL
0x00007ffba0f40000 - 0x00007ffba0fe8000 	C:\WINDOWS\System32\bcryptPrimitives.dll
0x00007ffb91d40000 - 0x00007ffb91d4e000 	C:\Program Files\Android\Android Studio\jbr\bin\instrument.dll
0x00007ffb7ce00000 - 0x00007ffb7ce20000 	C:\Program Files\Android\Android Studio\jbr\bin\java.dll
0x00007ffb6adb0000 - 0x00007ffb6adc8000 	C:\Program Files\Android\Android Studio\jbr\bin\zip.dll
0x00007ffba2fb0000 - 0x00007ffba371e000 	C:\WINDOWS\System32\SHELL32.dll
0x00007ffba10b0000 - 0x00007ffba191c000 	C:\WINDOWS\System32\windows.storage.dll
0x00007ffba1e60000 - 0x00007ffba1f56000 	C:\WINDOWS\System32\SHCORE.dll
0x00007ffba2f40000 - 0x00007ffba2fa6000 	C:\WINDOWS\System32\shlwapi.dll
0x00007ffba04f0000 - 0x00007ffba0519000 	C:\WINDOWS\SYSTEM32\profapi.dll
0x00007ffb78ca0000 - 0x00007ffb78cb0000 	C:\Program Files\Android\Android Studio\jbr\bin\net.dll
0x00007ffb99540000 - 0x00007ffb99669000 	C:\WINDOWS\SYSTEM32\WINHTTP.dll
0x00007ffb9f8b0000 - 0x00007ffb9f91c000 	C:\WINDOWS\system32\mswsock.dll
0x00007ffb6ad90000 - 0x00007ffb6ada6000 	C:\Program Files\Android\Android Studio\jbr\bin\nio.dll
0x00007ffb62fe0000 - 0x00007ffb62ff0000 	C:\Program Files\Android\Android Studio\jbr\bin\verify.dll
0x00007ffb8e9a0000 - 0x00007ffb8e9c7000 	C:\Users\Anselmus\.gradle\native\660c5614fbf4a5f2a75b1949f50a0caf5cd603558e7d8a26e50b933a0cfb79d1\windows-amd64\native-platform.dll
0x00007ffb5eb90000 - 0x00007ffb5ec07000 	C:\Users\Anselmus\.gradle\native\0.2.8\x86_64-windows-gnu\gradle-fileevents.dll
0x00007ffb6df40000 - 0x00007ffb6df49000 	C:\Program Files\Android\Android Studio\jbr\bin\management.dll
0x00007ffb653d0000 - 0x00007ffb653db000 	C:\Program Files\Android\Android Studio\jbr\bin\management_ext.dll
0x00007ffba1c70000 - 0x00007ffba1c78000 	C:\WINDOWS\System32\PSAPI.DLL
0x00007ffb9ed10000 - 0x00007ffb9ed42000 	C:\WINDOWS\SYSTEM32\IPHLPAPI.DLL
0x00007ffba37b0000 - 0x00007ffba37ba000 	C:\WINDOWS\System32\NSI.dll
0x00007ffb77d70000 - 0x00007ffb77d79000 	C:\Program Files\Android\Android Studio\jbr\bin\extnet.dll
0x00007ffb9fbb0000 - 0x00007ffb9fbcb000 	C:\WINDOWS\SYSTEM32\CRYPTSP.dll
0x00007ffb9f290000 - 0x00007ffb9f2c9000 	C:\WINDOWS\system32\rsaenh.dll
0x00007ffb9f980000 - 0x00007ffb9f9b3000 	C:\WINDOWS\SYSTEM32\USERENV.dll
0x00007ffba04c0000 - 0x00007ffba04ea000 	C:\WINDOWS\SYSTEM32\bcrypt.dll
0x00007ffb9fbd0000 - 0x00007ffb9fbdc000 	C:\WINDOWS\SYSTEM32\CRYPTBASE.dll
0x00007ffb5f840000 - 0x00007ffb5f848000 	C:\WINDOWS\system32\wshunix.dll

JVMTI agents:
C:\Users\Anselmus\.gradle\wrapper\dists\gradle-9.4.1-bin\arn2x92ynaizyzdaamcbpbhtj\gradle-9.4.1\lib\agents\gradle-instrumentation-agent-9.4.1.jar path:C:\Program Files\Android\Android Studio\jbr\bin\instrument.dll, loaded, initialized, instrumentlib options:none

dbghelp: loaded successfully - version: 4.0.5 - missing functions: none
symbol engine: initialized successfully - sym options: 0x614 - pdb path: .;C:\Program Files\Android\Android Studio\jbr\bin;C:\WINDOWS\SYSTEM32;C:\WINDOWS\WinSxS\amd64_microsoft.windows.common-controls_6595b64144ccf1df_6.0.26100.8457_none_3e0b2faee331e92d;C:\Program Files\Android\Android Studio\jbr\bin\server;C:\Users\Anselmus\.gradle\native\660c5614fbf4a5f2a75b1949f50a0caf5cd603558e7d8a26e50b933a0cfb79d1\windows-amd64;C:\Users\Anselmus\.gradle\native\0.2.8\x86_64-windows-gnu

VM Arguments:
jvm_args: --add-opens=java.base/java.lang=ALL-UNNAMED --add-opens=java.base/java.lang.invoke=ALL-UNNAMED --add-opens=java.base/java.util=ALL-UNNAMED --add-opens=java.prefs/java.util.prefs=ALL-UNNAMED --add-exports=jdk.compiler/com.sun.tools.javac.api=ALL-UNNAMED --add-exports=jdk.compiler/com.sun.tools.javac.util=ALL-UNNAMED --add-opens=java.base/java.util=ALL-UNNAMED --add-opens=java.prefs/java.util.prefs=ALL-UNNAMED --add-opens=java.base/java.nio.charset=ALL-UNNAMED --add-opens=java.base/java.net=ALL-UNNAMED --add-opens=java.base/java.util.concurrent=ALL-UNNAMED --add-opens=java.base/java.util.concurrent.atomic=ALL-UNNAMED --add-opens=java.xml/javax.xml.namespace=ALL-UNNAMED --add-opens=java.base/java.time=ALL-UNNAMED -Xmx2048m -Dfile.encoding=UTF-8 -Duser.country=ID -Duser.language=en -Duser.variant -javaagent:C:\Users\Anselmus\.gradle\wrapper\dists\gradle-9.4.1-bin\arn2x92ynaizyzdaamcbpbhtj\gradle-9.4.1\lib\agents\gradle-instrumentation-agent-9.4.1.jar 
java_command: org.gradle.launcher.daemon.bootstrap.GradleDaemon 9.4.1
java_class_path (initial): C:\Users\Anselmus\.gradle\wrapper\dists\gradle-9.4.1-bin\arn2x92ynaizyzdaamcbpbhtj\gradle-9.4.1\lib\gradle-daemon-main-9.4.1.jar
Launcher Type: SUN_STANDARD

[Global flags]
     intx CICompilerCount                          = 4                                         {product} {ergonomic}
     uint ConcGCThreads                            = 3                                         {product} {ergonomic}
     uint G1ConcRefinementThreads                  = 10                                        {product} {ergonomic}
   size_t G1HeapRegionSize                         = 1048576                                   {product} {ergonomic}
    uintx GCDrainStackTargetSize                   = 64                                        {product} {ergonomic}
   size_t InitialHeapSize                          = 333447168                                 {product} {ergonomic}
   size_t MarkStackSize                            = 4194304                                   {product} {ergonomic}
   size_t MaxHeapSize                              = 2147483648                                {product} {command line}
   size_t MaxNewSize                               = 1287651328                                {product} {ergonomic}
   size_t MinHeapDeltaBytes                        = 1048576                                   {product} {ergonomic}
   size_t MinHeapSize                              = 8388608                                   {product} {ergonomic}
    uintx NonNMethodCodeHeapSize                   = 5839372                                {pd product} {ergonomic}
    uintx NonProfiledCodeHeapSize                  = 122909434                              {pd product} {ergonomic}
    uintx ProfiledCodeHeapSize                     = 122909434                              {pd product} {ergonomic}
    uintx ReservedCodeCacheSize                    = 251658240                              {pd product} {ergonomic}
     bool SegmentedCodeCache                       = true                                      {product} {ergonomic}
   size_t SoftMaxHeapSize                          = 2147483648                             {manageable} {ergonomic}
     bool UseCompressedOops                        = true                           {product lp64_product} {ergonomic}
     bool UseG1GC                                  = true                                      {product} {ergonomic}
     bool UseLargePagesIndividualAllocation        = false                                  {pd product} {ergonomic}

Logging:
Log output configuration:
 #0: stdout all=warning uptime,level,tags foldmultilines=false
 #1: stderr all=off uptime,level,tags foldmultilines=false

Release file:
JAVA_VERSION="21.0.10" 
MODULES="java.base java.compiler java.datatransfer java.xml java.prefs java.desktop java.instrument java.logging java.management java.security.sasl java.naming java.rmi java.management.rmi java.net.http java.scripting java.security.jgss java.transaction.xa java.sql java.sql.rowset java.xml.crypto java.se java.smartcardio jdk.accessibility jdk.internal.jvmstat jdk.attach jdk.charsets jdk.internal.opt jdk.zipfs jdk.compiler jdk.crypto.ec jdk.crypto.cryptoki jdk.dynalink jdk.hotspot.agent jdk.httpserver jdk.internal.ed jdk.internal.le jdk.internal.vm.ci jdk.jartool jdk.javadoc jdk.jcmd jdk.jdeps jdk.jdwp.agent jdk.jdi jdk.jfr jdk.jlink jdk.jsobject jdk.localedata jdk.management jdk.management.agent jdk.management.jfr jdk.naming.dns jdk.naming.rmi jdk.net jdk.sctp jdk.security.auth jdk.security.jgss jdk.unsupported jdk.unsupported.desktop jdk.xml.dom" 
IMPLEMENTOR="JetBrains s.r.o." 
JAVA_RUNTIME_VERSION="21.0.10+-14961533-b1163.108" 
LIBC="default" 
OS_ARCH="x86_64" 
OS_NAME="Windows" 
SOURCE=".:git:1351622c2ff2" 

Environment Variables:
PATH=C:\Program Files\NVIDIA GPU Computing Toolkit\CUDA\v13.2\bin\x64;C:\Program Files\NVIDIA GPU Computing Toolkit\CUDA\v13.2\bin;C:\Program Files (x86)\Common Files\Oracle\Java\java8path;C:\Program Files (x86)\Common Files\Oracle\Java\javapath;C:\Program Files\Eclipse Adoptium\jdk-25.0.2.10-hotspot\bin;C:\Windows\system32;C:\Windows;C:\Windows\System32\Wbem;C:\Windows\System32\WindowsPowerShell\v1.0\;C:\Windows\System32\OpenSSH\;C:\WINDOWS\system32;C:\WINDOWS;C:\WINDOWS\System32\Wbem;C:\WINDOWS\System32\WindowsPowerShell\v1.0\;C:\WINDOWS\System32\OpenSSH\;C:\ProgramData\chocolatey\bin;C:\Program Files (x86)\NVIDIA Corporation\PhysX\Common;C:\MinGW\bin;C:\Program Files\NVIDIA Corporation\NVIDIA App\NvDLISR;C:\Program Files\Git\cmd;C:\Program Files\Docker\Docker\resources\bin;C:\Program Files\nodejs\;C:\Users\Anselmus\AppData\Local\Android\Sdk\platform-tools;C:\Program Files\OpenSSL-Win64;C:\Program Files\CMake\bin;C:\Users\Anselmus\.unsloth\studio\bin;C:\Program Files\NVIDIA GPU Computing Toolkit\CUDA\v13.2\bin;C:\Users\Anselmus\AppData\Local\Programs\Python\Launcher\;C:\Users\Anselmus\AppData\Local\Microsoft\WindowsApps;C:\Users\Anselmus\AppData\Local\Programs\Microsoft VS Code\bin;C:\Users\Anselmus\AppData\Local\spicetify;C:\Program Files\JetBrains\CLion 2024.1.1\bin;C:\Users\Anselmus\Downloads\Programs\mingw-w64-v11.0.0\mingw-w64-v11.0.0\mingw64\bin;C:\Users\Anselmus\AppData\Local\Microsoft\WindowsApps;D:\Ansel\Kuliah\Binus\Semester 3\2. Code - Kuliah\OOP\flutter\bin;C:\1. CODING\Semester 4 - Code\DEX2JAR\dex-tools-2.1;C:\Users\Anselmus\AppData\Roaming\npm;C:\Users\Anselmus\AppData\Local\Packages\PythonSoftwareFoundation.Python.3.13_qbz5n2kfra8p0\LocalCache\local-packages\Python313\Scripts;C:\Users\Anselmus\AppData\Local\Microsoft\WinGet\Packages\astral-sh.uv_Microsoft.Winget.Source_8wekyb3d8bbwe;
USERNAME=Anselmus
OS=Windows_NT
PROCESSOR_IDENTIFIER=AMD64 Family 25 Model 80 Stepping 0, AuthenticAMD
TMP=C:\Users\Anselmus\AppData\Local\Temp
TEMP=C:\Users\Anselmus\AppData\Local\Temp




Periodic native trim disabled

JNI global refs:
JNI global refs: 29, weak refs: 0

JNI global refs memory usage: 835, weak refs: 833

Process memory usage:
Resident Set Size: 569208K (2% of 20820028K total physical memory with 5496140K free physical memory)

OOME stack traces (most recent first):
Classloader memory used:
Loader org.gradle.internal.classloader.VisitableURLClassLoader                         : 90805K
Loader bootstrap                                                                       : 23425K
Loader org.gradle.initialization.MixInLegacyTypesClassLoader                           : 11169K
Loader org.gradle.internal.classloader.VisitableURLClassLoader                         : 1050K
Loader org.gradle.internal.classloader.VisitableURLClassLoader$InstrumentingVisitableURLClassLoader: 738K
Loader jdk.internal.jrtfs.JrtFileSystemProvider$JrtFsLoader                            : 330K
Loader jdk.internal.reflect.DelegatingClassLoader                                      : 301K
Loader jdk.internal.loader.ClassLoaders$PlatformClassLoader                            : 196K
Loader jdk.internal.loader.ClassLoaders$AppClassLoader                                 : 189K
Loader org.gradle.groovy.scripts.internal.DefaultScriptCompilationHandler$ScriptClassLoader: 91520B

Classes loaded by more than one classloader:
Class org.gradle.internal.IoActions                                                   : loaded 3 times (x 71B)
Class org.gradle.api.Action                                                           : loaded 3 times (x 70B)
Class org.gradle.internal.Cast                                                        : loaded 3 times (x 71B)
Class org.gradle.api.GradleException                                                  : loaded 3 times (x 82B)
Class Program                                                                         : loaded 3 times (x 72B)
Class com.google.common.collect.UnmodifiableListIterator                              : loaded 2 times (x 95B)
Class org.gradle.internal.operations.MultipleBuildOperationFailures                   : loaded 2 times (x 95B)
Class org.gradle.internal.classloader.DefaultClassLoaderFactory                       : loaded 2 times (x 82B)
Class kotlin.collections.AbstractList$Companion                                       : loaded 2 times (x 71B)
Class org.gradle.tooling.internal.gradle.DefaultProjectIdentifier                     : loaded 2 times (x 86B)
Class org.gradle.api.internal.DefaultClassPathProvider                                : loaded 2 times (x 76B)
Class [Lorg.gradle.api.internal.ClassPathProvider;                                    : loaded 2 times (x 69B)
Class org.gradle.api.internal.ClassPathProvider                                       : loaded 2 times (x 70B)
Class org.gradle.internal.service.UnknownServiceException                             : loaded 2 times (x 83B)
Class sync_studio_tooling6_90xtsnvf9wmhwz5vv4orveu2t                                  : loaded 2 times (x 171B)
Class org.gradle.internal.classpath.TransformedClassPath                              : loaded 2 times (x 96B)
Class org.gradle.internal.classloader.InstrumentingClassLoader                        : loaded 2 times (x 70B)
Class com.google.common.collect.Iterators$ArrayItr                                    : loaded 2 times (x 97B)
Class kotlin.enums.EnumEntriesList                                                    : loaded 2 times (x 223B)
Class com.google.common.collect.UnmodifiableIterator                                  : loaded 2 times (x 80B)
Class org.gradle.internal.service.ServiceLocator                                      : loaded 2 times (x 70B)
Class jdk.internal.jrtfs.JrtFileSystemProvider                                        : loaded 2 times (x 101B)
Class com.intellij.gradle.toolingExtension.util.GradleVersionUtil                     : loaded 2 times (x 71B)
Class com.google.common.collect.Iterators$SingletonIterator                           : loaded 2 times (x 81B)
Class sync_studio_tooling6_90xtsnvf9wmhwz5vv4orveu2t$_run_closure1                    : loaded 2 times (x 139B)
Class org.gradle.tooling.model.UnsupportedMethodException                             : loaded 2 times (x 82B)
Class com.google.common.collect.Iterators                                             : loaded 2 times (x 71B)
Class jdk.internal.jimage.ImageLocation                                               : loaded 2 times (x 90B)
Class com.google.common.collect.Lists$StringAsImmutableList                           : loaded 2 times (x 207B)
Class jdk.internal.jimage.ImageBufferCache$1                                          : loaded 2 times (x 83B)
Class org.gradle.internal.time.DefaultTimer                                           : loaded 2 times (x 80B)
Class jdk.internal.jimage.ImageBufferCache$2                                          : loaded 2 times (x 91B)
Class org.gradle.api.internal.classpath.DefaultModuleRegistry$DefaultModule           : loaded 2 times (x 82B)
Class com.google.common.collect.AbstractIterator                                      : loaded 2 times (x 82B)
Class com.google.common.collect.AbstractIndexedListIterator                           : loaded 2 times (x 96B)
Class org.gradle.internal.time.DefaultCountdownTimer                                  : loaded 2 times (x 88B)
Class org.gradle.tooling.internal.gradle.DefaultBuildIdentifier                       : loaded 2 times (x 79B)
Class org.gradle.api.internal.classpath.Module                                        : loaded 2 times (x 70B)
Class org.gradle.api.internal.classpath.UnknownModuleException                        : loaded 2 times (x 82B)
Class jdk.internal.jimage.ImageHeader                                                 : loaded 2 times (x 71B)
Class org.gradle.tooling.internal.gradle.GradleProjectIdentity                        : loaded 2 times (x 70B)
Class org.gradle.api.internal.DefaultClassPathRegistry                                : loaded 2 times (x 76B)
Class org.gradle.internal.classpath.DefaultClassPath$ImmutableUniqueList              : loaded 2 times (x 199B)
Class org.gradle.api.internal.ClassPathRegistry                                       : loaded 2 times (x 70B)
Class jdk.internal.jimage.decompressor.ResourceDecompressor                           : loaded 2 times (x 70B)
Class jdk.internal.jimage.decompressor.StringSharingDecompressorFactory               : loaded 2 times (x 74B)
Class Settings_gradle$1                                                               : loaded 2 times (x 74B)
Class org.gradle.internal.classpath.ClassPath                                         : loaded 2 times (x 70B)
Class org.gradle.api.internal.classpath.DefaultModuleRegistry$DefaultModuleAlias      : loaded 2 times (x 80B)
Class jdk.internal.jimage.ImageStringsReader                                          : loaded 2 times (x 80B)
Class com.google.common.collect.Iterators$1                                           : loaded 2 times (x 81B)
Class org.gradle.tooling.model.Model                                                  : loaded 2 times (x 70B)
Class org.gradle.internal.classloader.ClassLoaderHierarchy                            : loaded 2 times (x 70B)
Class jdk.internal.jimage.ImageReader                                                 : loaded 2 times (x 75B)
Class jdk.internal.jimage.ImageReader$SharedImageReader                               : loaded 2 times (x 95B)
Class com.google.common.collect.Iterators$4                                           : loaded 2 times (x 82B)
Class org.gradle.api.internal.classpath.ModuleRegistry                                : loaded 2 times (x 70B)
Class org.gradle.internal.installation.GradleInstallation$1                           : loaded 2 times (x 75B)
Class jdk.internal.jimage.decompressor.ResourceDecompressorFactory                    : loaded 2 times (x 74B)
Class com.google.common.collect.Iterators$5                                           : loaded 2 times (x 82B)
Class jdk.internal.jimage.ImageReader$Node                                            : loaded 2 times (x 84B)
Class com.google.common.collect.ImmutableCollection                                   : loaded 2 times (x 125B)
Class ijInit2_ev2w9dgqt5idxuana4ibepw91                                               : loaded 2 times (x 171B)
Class org.gradle.api.internal.classpath.DefaultModuleRegistry                         : loaded 2 times (x 84B)
Class jdk.internal.jimage.BasicImageReader$1                                          : loaded 2 times (x 77B)
Class com.google.common.collect.Lists                                                 : loaded 2 times (x 71B)
Class com.google.common.collect.Iterators$9                                           : loaded 2 times (x 81B)
Class jdk.internal.jimage.decompressor.Decompressor                                   : loaded 2 times (x 72B)
Class org.gradle.internal.time.MonotonicClock                                         : loaded 2 times (x 77B)
Class org.gradle.internal.service.ServiceLookupException                              : loaded 2 times (x 82B)
Class org.gradle.internal.classloader.ClassLoaderFactory                              : loaded 2 times (x 70B)
Class org.gradle.internal.service.CachingServiceLocator                               : loaded 2 times (x 82B)
Class org.gradle.internal.time.TimeSource                                             : loaded 2 times (x 70B)
Class org.gradle.tooling.internal.gradle.GradleBuildIdentity                          : loaded 2 times (x 70B)
Class kotlin.enums.EnumEntries                                                        : loaded 2 times (x 70B)
Class org.gradle.internal.exceptions.ResolutionProvider                               : loaded 2 times (x 70B)
Class jdk.internal.jimage.ImageBufferCache                                            : loaded 2 times (x 71B)
Class jdk.internal.jrtfs.JrtPath                                                      : loaded 2 times (x 118B)
Class org.gradle.tooling.model.ProjectIdentifier                                      : loaded 2 times (x 70B)
Class org.gradle.internal.classloader.ClasspathUtil                                   : loaded 2 times (x 71B)
Class org.gradle.internal.time.TimeSource$1                                           : loaded 2 times (x 77B)
Class kotlin.jvm.internal.DefaultConstructorMarker                                    : loaded 2 times (x 71B)
Class org.gradle.api.specs.Spec                                                       : loaded 2 times (x 70B)
Class jdk.internal.jimage.decompressor.ResourceDecompressorRepository                 : loaded 2 times (x 71B)
Class com.intellij.gradle.toolingExtension.impl.model.utilDummyModel.DummyModel       : loaded 2 times (x 70B)
Class org.gradle.internal.time.Clock                                                  : loaded 2 times (x 70B)
Class jdk.internal.jimage.ImageReader$Directory                                       : loaded 2 times (x 84B)
Class kotlin.collections.AbstractList                                                 : loaded 2 times (x 197B)
Class kotlin.collections.AbstractCollection                                           : loaded 2 times (x 117B)
Class org.gradle.internal.classloader.VisitableURLClassLoader$InstrumentingVisitableURLClassLoader: loaded 2 times (x 123B)
Class org.gradle.internal.classloader.VisitableURLClassLoader$Spec                    : loaded 2 times (x 74B)
Class org.gradle.internal.classpath.DefaultClassPath                                  : loaded 2 times (x 90B)
Class jdk.internal.jimage.decompressor.ZipDecompressorFactory                         : loaded 2 times (x 74B)
Class org.gradle.util.internal.DefaultGradleVersion                                   : loaded 2 times (x 82B)
Class org.gradle.internal.classloader.ClassLoaderSpec                                 : loaded 2 times (x 71B)
Class Settings_gradle$1$1                                                             : loaded 2 times (x 74B)
Class org.gradle.api.internal.classpath.Module$ModuleAlias                            : loaded 2 times (x 70B)
Class org.gradle.internal.classloader.VisitableURLClassLoader                         : loaded 2 times (x 117B)
Class Settings_gradle                                                                 : loaded 2 times (x 124B)
Class jdk.internal.jimage.BasicImageReader                                            : loaded 2 times (x 95B)
Class org.gradle.internal.classloader.FilteringClassLoader                            : loaded 2 times (x 105B)
Class jdk.internal.jimage.decompressor.ZipDecompressor                                : loaded 2 times (x 75B)
Class org.gradle.internal.classpath.DefaultClassPath$ImmutableUniqueList$Builder      : loaded 2 times (x 75B)
Class kotlin.UninitializedPropertyAccessException                                     : loaded 2 times (x 82B)
Class org.gradle.internal.exceptions.NonGradleCauseExceptionsHolder                   : loaded 2 times (x 70B)
Class jdk.internal.jimage.ImageStrings                                                : loaded 2 times (x 70B)
Class kotlin.NotImplementedError                                                      : loaded 2 times (x 82B)
Class kotlin.enums.EnumEntriesKt                                                      : loaded 2 times (x 71B)
Class org.gradle.internal.exceptions.MultiCauseException                              : loaded 2 times (x 70B)
Class org.gradle.internal.time.CountdownTimer                                         : loaded 2 times (x 70B)
Class kotlin.jvm.internal.Intrinsics                                                  : loaded 2 times (x 71B)
Class jdk.internal.jrtfs.JrtFileSystem                                                : loaded 2 times (x 102B)
Class ijInit2_ev2w9dgqt5idxuana4ibepw91$_run_closure1                                 : loaded 2 times (x 140B)
Class org.gradle.tooling.model.ProjectModel                                           : loaded 2 times (x 70B)
Class jdk.internal.jimage.decompressor.CompressedResourceHeader                       : loaded 2 times (x 71B)
Class kotlin.KotlinNullPointerException                                               : loaded 2 times (x 83B)
Class org.gradle.internal.exceptions.DefaultMultiCauseException                       : loaded 2 times (x 95B)
Class com.google.common.base.Preconditions                                            : loaded 2 times (x 71B)
Class com.google.common.collect.PeekingIterator                                       : loaded 2 times (x 70B)
Class org.gradle.internal.time.Time                                                   : loaded 2 times (x 71B)
Class org.gradle.tooling.model.BuildIdentifier                                        : loaded 2 times (x 70B)
Class kotlin.NoWhenBranchMatchedException                                             : loaded 2 times (x 82B)
Class org.gradle.internal.time.Timer                                                  : loaded 2 times (x 70B)
Class kotlin.jvm.internal.markers.KMappedMarker                                       : loaded 2 times (x 70B)
Class org.gradle.internal.installation.CurrentGradleInstallationLocator               : loaded 2 times (x 71B)
Class com.google.common.collect.ImmutableList                                         : loaded 2 times (x 206B)
Class org.gradle.internal.service.DefaultServiceLocator                               : loaded 2 times (x 83B)
Class org.gradle.util.GradleVersion                                                   : loaded 2 times (x 81B)
Class org.gradle.internal.installation.CurrentGradleInstallation                      : loaded 2 times (x 73B)
Class org.gradle.util.internal.GUtil                                                  : loaded 2 times (x 71B)
Class com.google.common.collect.Iterators$MergingIterator                             : loaded 2 times (x 81B)
Class org.gradle.internal.installation.GradleInstallation                             : loaded 2 times (x 75B)
Class jdk.internal.jimage.decompressor.ResourceDecompressor$StringsProvider           : loaded 2 times (x 70B)

---------------  S Y S T E M  ---------------

OS:
 Windows 11 , 64 bit Build 26100 (10.0.26100.8328)
OS uptime: 0 days 8:14 hours
Hyper-V role detected

CPU: total 12 (initial active 12) (12 cores per cpu, 2 threads per core) family 25 model 80 stepping 0 microcode 0xa50000d, cx8, cmov, fxsr, ht, mmx, 3dnowpref, sse, sse2, sse3, ssse3, sse4a, sse4.1, sse4.2, popcnt, lzcnt, tsc, tscinvbit, avx, avx2, aes, erms, clmul, bmi1, bmi2, adx, sha, fma, vzeroupper, clflush, clflushopt, hv, rdtscp, rdpid, fsrm, f16c, cet_ss
Processor Information for the first 12 processors :
  Max Mhz: 3301, Current Mhz: 3301, Mhz Limit: 3301

Memory: 4k page, system-wide physical 20332M (5367M free)
TotalPageFile size 20332M (AvailPageFile size 6M)
current process WorkingSet (physical memory assigned to process): 555M, peak: 555M
current process commit charge ("private bytes"): 595M, peak: 597M

vm_info: OpenJDK 64-Bit Server VM (21.0.10+-14961533-b1163.108) for windows-amd64 JRE (21.0.10+-14961533-b1163.108), built on 2026-03-02T19:58:50Z by "builder" with MS VC++ 16.10 / 16.11 (VS2019)

END.
