#
# There is insufficient memory for the Java Runtime Environment to continue.
# Native memory allocation (malloc) failed to allocate 1837136 bytes. Error detail: Chunk::new
# Possible reasons:
#   The system is out of physical RAM or swap space
#   This process is running with CompressedOops enabled, and the Java Heap may be blocking the growth of the native heap
# Possible solutions:
#   Reduce memory load on the system
#   Increase physical memory or swap space
#   Check if swap backing store is full
#   Decrease Java heap size (-Xmx/-Xms)
#   Decrease number of Java threads
#   Decrease Java thread stack sizes (-Xss)
#   Set larger code cache with -XX:ReservedCodeCacheSize=
#   JVM is running with Unscaled Compressed Oops mode in which the Java heap is
#     placed in the first 4GB address space. The Java Heap base address is the
#     maximum limit for the native heap growth. Please use -XX:HeapBaseMinAddress
#     to set the Java Heap base and to place the Java Heap above 4GB virtual address.
# This output file may be truncated or incomplete.
#
#  Out of Memory Error (arena.cpp:168), pid=5660, tid=9852
#
# JRE version: OpenJDK Runtime Environment (21.0.10) (build 21.0.10+-14961533-b1163.108)
# Java VM: OpenJDK 64-Bit Server VM (21.0.10+-14961533-b1163.108, mixed mode, tiered, compressed oops, compressed class ptrs, g1 gc, windows-amd64)
# No core dump will be written. Minidumps are not enabled by default on client versions of Windows
#

---------------  S U M M A R Y ------------

Command Line: --add-opens=java.base/java.lang=ALL-UNNAMED --add-opens=java.base/java.lang.invoke=ALL-UNNAMED --add-opens=java.base/java.util=ALL-UNNAMED --add-opens=java.prefs/java.util.prefs=ALL-UNNAMED --add-exports=jdk.compiler/com.sun.tools.javac.api=ALL-UNNAMED --add-exports=jdk.compiler/com.sun.tools.javac.util=ALL-UNNAMED --add-opens=java.base/java.util=ALL-UNNAMED --add-opens=java.prefs/java.util.prefs=ALL-UNNAMED --add-opens=java.base/java.nio.charset=ALL-UNNAMED --add-opens=java.base/java.net=ALL-UNNAMED --add-opens=java.base/java.util.concurrent=ALL-UNNAMED --add-opens=java.base/java.util.concurrent.atomic=ALL-UNNAMED --add-opens=java.xml/javax.xml.namespace=ALL-UNNAMED --add-opens=java.base/java.time=ALL-UNNAMED -Xmx2048m -Dfile.encoding=UTF-8 -Duser.country=ID -Duser.language=en -Duser.variant -javaagent:C:\Users\Anselmus\.gradle\wrapper\dists\gradle-9.4.1-bin\arn2x92ynaizyzdaamcbpbhtj\gradle-9.4.1\lib\agents\gradle-instrumentation-agent-9.4.1.jar org.gradle.launcher.daemon.bootstrap.GradleDaemon 9.4.1

Host: AMD Ryzen 5 5600H with Radeon Graphics         , 12 cores, 19G,  Windows 11 , 64 bit Build 26100 (10.0.26100.8328)
Time: Fri May 22 00:04:35 2026 SE Asia Standard Time elapsed time: 26.157951 seconds (0d 0h 0m 26s)

---------------  T H R E A D  ---------------

Current thread (0x000001bfb6c41370):  JavaThread "C2 CompilerThread2" daemon [_thread_in_native, id=9852, stack(0x000000a971700000,0x000000a971800000) (1024K)]


Current CompileTask:
C2:26158 19189 %     4       com.android.tools.r8.internal.e8::b @ 569 (1495 bytes)

Stack: [0x000000a971700000,0x000000a971800000]
Native frames: (J=compiled Java code, j=interpreted, Vv=VM code, C=native code)
V  [jvm.dll+0x6d78a9]
V  [jvm.dll+0x8665b3]
V  [jvm.dll+0x868bde]
V  [jvm.dll+0x8692c3]
V  [jvm.dll+0x280ee6]
V  [jvm.dll+0xc07cd]
V  [jvm.dll+0xc0d03]
V  [jvm.dll+0x3ba091]
V  [jvm.dll+0x385df7]
V  [jvm.dll+0x38526a]
V  [jvm.dll+0x249bd2]
V  [jvm.dll+0x2491a1]
V  [jvm.dll+0x1c76e4]
V  [jvm.dll+0x25891e]
V  [jvm.dll+0x256e66]
V  [jvm.dll+0x3f513e]
V  [jvm.dll+0x80fd28]
V  [jvm.dll+0x6d60fd]
C  [ucrtbase.dll+0x37b0]
C  [KERNEL32.DLL+0x2e957]
C  [ntdll.dll+0x427c]


---------------  P R O C E S S  ---------------

Threads class SMR info:
_java_thread_list=0x000001bfb693d2e0, length=87, elements={
0x000001bf8b6aafe0, 0x000001bfa57488b0, 0x000001bfa574af30, 0x000001bfa574b5a0,
0x000001bfa5756640, 0x000001bfa5756cb0, 0x000001bfa5757320, 0x000001bfa5789650,
0x000001bfa576ff70, 0x000001bfa57a0920, 0x000001bfa5788930, 0x000001bfa5789ce0,
0x000001bfa578a370, 0x000001bfa578aa00, 0x000001bfa578b090, 0x000001bfa5788fc0,
0x000001bfa578b720, 0x000001bfab724180, 0x000001bfab724810, 0x000001bfab724ea0,
0x000001bfab722dd0, 0x000001bfab725530, 0x000001bfab723460, 0x000001bfab728320,
0x000001bfab726f70, 0x000001bfab727600, 0x000001bfab725bc0, 0x000001bfab7296d0,
0x000001bfab7268e0, 0x000001bfab72a3f0, 0x000001bfaf8eb250, 0x000001bfaf8eb8e0,
0x000001bfaf8ebf70, 0x000001bfaf8eabc0, 0x000001bfaf8ee040, 0x000001bfaf8ecc90,
0x000001bfaf8ef3f0, 0x000001bfaf8ed9b0, 0x000001bfaf8ec600, 0x000001bfaf8ee6d0,
0x000001bfaf8eed60, 0x000001bfaf8efa80, 0x000001bfaf8f0110, 0x000001bfb000b960,
0x000001bfb000d3a0, 0x000001bfb000da30, 0x000001bfb000e0c0, 0x000001bfb000cd10,
0x000001bfb000c680, 0x000001bfb000e750, 0x000001bfb000ede0, 0x000001bfb000f470,
0x000001bfae4b3f10, 0x000001bfae4b24d0, 0x000001bfae4b45a0, 0x000001bfae4b5950,
0x000001bfae4b52c0, 0x000001bfae4b5fe0, 0x000001bfae4b2b60, 0x000001bfae4b6670,
0x000001bfae4b6d00, 0x000001bfad17af50, 0x000001bfad179510, 0x000001bfad178e80,
0x000001bfad17b5e0, 0x000001bfad17c300, 0x000001bfad17d6b0, 0x000001bfad17c990,
0x000001bfad17dd40, 0x000001bfab187ff0, 0x000001bfb1a70160, 0x000001bfb1a728c0,
0x000001bfab18e8f0, 0x000001bfab18b470, 0x000001bfab18a750, 0x000001bfab188680,
0x000001bfab189a30, 0x000001bfab18ade0, 0x000001bfab18a0c0, 0x000001bfab18bb00,
0x000001bfab18c820, 0x000001bfab1893a0, 0x000001bfab18ceb0, 0x000001bfab18d540,
0x000001bfb1a70e80, 0x000001bfb6c3ea90, 0x000001bfb6c41370
}

Java Threads: ( => current thread )
  0x000001bf8b6aafe0 JavaThread "main"                              [_thread_blocked, id=25488, stack(0x000000a970400000,0x000000a970500000) (1024K)]
  0x000001bfa57488b0 JavaThread "Common-Cleaner"             daemon [_thread_blocked, id=2280, stack(0x000000a970c00000,0x000000a970d00000) (1024K)]
  0x000001bfa574af30 JavaThread "Reference Handler"          daemon [_thread_blocked, id=21640, stack(0x000000a970d00000,0x000000a970e00000) (1024K)]
  0x000001bfa574b5a0 JavaThread "Finalizer"                  daemon [_thread_blocked, id=7708, stack(0x000000a970e00000,0x000000a970f00000) (1024K)]
  0x000001bfa5756640 JavaThread "Signal Dispatcher"          daemon [_thread_blocked, id=13324, stack(0x000000a970f00000,0x000000a971000000) (1024K)]
  0x000001bfa5756cb0 JavaThread "Attach Listener"            daemon [_thread_blocked, id=27056, stack(0x000000a971000000,0x000000a971100000) (1024K)]
  0x000001bfa5757320 JavaThread "Service Thread"             daemon [_thread_blocked, id=21148, stack(0x000000a971100000,0x000000a971200000) (1024K)]
  0x000001bfa5789650 JavaThread "Monitor Deflation Thread"   daemon [_thread_blocked, id=9952, stack(0x000000a971200000,0x000000a971300000) (1024K)]
  0x000001bfa576ff70 JavaThread "C2 CompilerThread0"         daemon [_thread_in_vm, id=25788, stack(0x000000a971300000,0x000000a971400000) (1024K)]
  0x000001bfa57a0920 JavaThread "C1 CompilerThread0"         daemon [_thread_blocked, id=5792, stack(0x000000a971400000,0x000000a971500000) (1024K)]
  0x000001bfa5788930 JavaThread "Notification Thread"        daemon [_thread_blocked, id=7432, stack(0x000000a971500000,0x000000a971600000) (1024K)]
  0x000001bfa5789ce0 JavaThread "Daemon health stats"               [_thread_blocked, id=19720, stack(0x000000a971e00000,0x000000a971f00000) (1024K)]
  0x000001bfa578a370 JavaThread "Incoming local TCP Connector on port 64944"        [_thread_in_native, id=23092, stack(0x000000a971f00000,0x000000a972000000) (1024K)]
  0x000001bfa578aa00 JavaThread "Daemon periodic checks"            [_thread_blocked, id=21232, stack(0x000000a972000000,0x000000a972100000) (1024K)]
  0x000001bfa578b090 JavaThread "Daemon"                            [_thread_blocked, id=18860, stack(0x000000a972100000,0x000000a972200000) (1024K)]
  0x000001bfa5788fc0 JavaThread "Handler for socket connection from /127.0.0.1:64944 to /127.0.0.1:64945"        [_thread_in_native, id=7884, stack(0x000000a972200000,0x000000a972300000) (1024K)]
  0x000001bfa578b720 JavaThread "Cancel handler"                    [_thread_blocked, id=26908, stack(0x000000a972300000,0x000000a972400000) (1024K)]
  0x000001bfab724180 JavaThread "Daemon worker"                     [_thread_blocked, id=18884, stack(0x000000a972900000,0x000000a972a00000) (1024K)]
  0x000001bfab724810 JavaThread "Asynchronous log dispatcher for DefaultDaemonConnection: socket connection from /127.0.0.1:64944 to /127.0.0.1:64945"        [_thread_blocked, id=20840, stack(0x000000a972a00000,0x000000a972b00000) (1024K)]
  0x000001bfab724ea0 JavaThread "Stdin handler"                     [_thread_blocked, id=24776, stack(0x000000a972b00000,0x000000a972c00000) (1024K)]
  0x000001bfab722dd0 JavaThread "Daemon client event forwarder"        [_thread_blocked, id=11072, stack(0x000000a972c00000,0x000000a972d00000) (1024K)]
  0x000001bfab725530 JavaThread "Cache worker for journal cache (C:\Users\Anselmus\.gradle\caches\journal-1)"        [_thread_blocked, id=2948, stack(0x000000a972d00000,0x000000a972e00000) (1024K)]
  0x000001bfab723460 JavaThread "File lock request listener"        [_thread_in_native, id=26812, stack(0x000000a972e00000,0x000000a972f00000) (1024K)]
  0x000001bfab728320 JavaThread "Cache worker for file hash cache (C:\Users\Anselmus\.gradle\caches\9.4.1\fileHashes)"        [_thread_blocked, id=13236, stack(0x000000a972f00000,0x000000a973000000) (1024K)]
  0x000001bfab726f70 JavaThread "Cache worker for file hash cache (C:\1. CODING\Semester 4 - Code\Software Engineer\.gradle\9.4.1\fileHashes)"        [_thread_blocked, id=21888, stack(0x000000a973000000,0x000000a973100000) (1024K)]
  0x000001bfab727600 JavaThread "Cache worker for Build Output Cleanup Cache (C:\1. CODING\Semester 4 - Code\Software Engineer\.gradle\buildOutputCleanup)"        [_thread_blocked, id=25692, stack(0x000000a973100000,0x000000a973200000) (1024K)]
  0x000001bfab725bc0 JavaThread "File watcher server"        daemon [_thread_in_native, id=22180, stack(0x000000a973200000,0x000000a973300000) (1024K)]
  0x000001bfab7296d0 JavaThread "File watcher consumer"      daemon [_thread_blocked, id=9760, stack(0x000000a973300000,0x000000a973400000) (1024K)]
  0x000001bfab7268e0 JavaThread "Cache worker for file content cache (C:\Users\Anselmus\.gradle\caches\9.4.1\fileContent)"        [_thread_blocked, id=25404, stack(0x000000a973400000,0x000000a973500000) (1024K)]
  0x000001bfab72a3f0 JavaThread "Cache worker for checksums cache (C:\1. CODING\Semester 4 - Code\Software Engineer\.gradle\9.4.1\checksums)"        [_thread_blocked, id=21316, stack(0x000000a973500000,0x000000a973600000) (1024K)]
  0x000001bfaf8eb250 JavaThread "Cache worker for cache directory md-supplier (C:\Users\Anselmus\.gradle\caches\9.4.1\md-supplier)"        [_thread_blocked, id=12256, stack(0x000000a973600000,0x000000a973700000) (1024K)]
  0x000001bfaf8eb8e0 JavaThread "Cache worker for cache directory md-rule (C:\Users\Anselmus\.gradle\caches\9.4.1\md-rule)"        [_thread_blocked, id=7272, stack(0x000000a973700000,0x000000a973800000) (1024K)]
  0x000001bfaf8ebf70 JavaThread "jar transforms"                    [_thread_blocked, id=27252, stack(0x000000a973800000,0x000000a973900000) (1024K)]
  0x000001bfaf8eabc0 JavaThread "jar transforms Thread 2"           [_thread_blocked, id=25800, stack(0x000000a973900000,0x000000a973a00000) (1024K)]
  0x000001bfaf8ee040 JavaThread "jar transforms Thread 3"           [_thread_blocked, id=2708, stack(0x000000a973a00000,0x000000a973b00000) (1024K)]
  0x000001bfaf8ecc90 JavaThread "Build operations"                  [_thread_blocked, id=10264, stack(0x000000a973b00000,0x000000a973c00000) (1024K)]
  0x000001bfaf8ef3f0 JavaThread "Build operations Thread 2"         [_thread_blocked, id=24976, stack(0x000000a973c00000,0x000000a973d00000) (1024K)]
  0x000001bfaf8ed9b0 JavaThread "Build operations Thread 3"         [_thread_blocked, id=3328, stack(0x000000a973d00000,0x000000a973e00000) (1024K)]
  0x000001bfaf8ec600 JavaThread "Build operations Thread 4"         [_thread_blocked, id=24420, stack(0x000000a973e00000,0x000000a973f00000) (1024K)]
  0x000001bfaf8ee6d0 JavaThread "Build operations Thread 5"         [_thread_blocked, id=22084, stack(0x000000a973f00000,0x000000a974000000) (1024K)]
  0x000001bfaf8eed60 JavaThread "Build operations Thread 6"         [_thread_blocked, id=21444, stack(0x000000a974000000,0x000000a974100000) (1024K)]
  0x000001bfaf8efa80 JavaThread "Build operations Thread 7"         [_thread_blocked, id=6876, stack(0x000000a974100000,0x000000a974200000) (1024K)]
  0x000001bfaf8f0110 JavaThread "Build operations Thread 8"         [_thread_blocked, id=26620, stack(0x000000a974200000,0x000000a974300000) (1024K)]
  0x000001bfb000b960 JavaThread "Build operations Thread 9"         [_thread_blocked, id=12284, stack(0x000000a974300000,0x000000a974400000) (1024K)]
  0x000001bfb000d3a0 JavaThread "Build operations Thread 10"        [_thread_blocked, id=14156, stack(0x000000a974400000,0x000000a974500000) (1024K)]
  0x000001bfb000da30 JavaThread "Build operations Thread 11"        [_thread_blocked, id=26420, stack(0x000000a974500000,0x000000a974600000) (1024K)]
  0x000001bfb000e0c0 JavaThread "Build operations Thread 12"        [_thread_blocked, id=26160, stack(0x000000a974600000,0x000000a974700000) (1024K)]
  0x000001bfb000cd10 JavaThread "jar transforms Thread 4"           [_thread_blocked, id=12936, stack(0x000000a974700000,0x000000a974800000) (1024K)]
  0x000001bfb000c680 JavaThread "jar transforms Thread 5"           [_thread_blocked, id=24220, stack(0x000000a974800000,0x000000a974900000) (1024K)]
  0x000001bfb000e750 JavaThread "jar transforms Thread 6"           [_thread_blocked, id=11276, stack(0x000000a974900000,0x000000a974a00000) (1024K)]
  0x000001bfb000ede0 JavaThread "jar transforms Thread 7"           [_thread_blocked, id=26132, stack(0x000000a974a00000,0x000000a974b00000) (1024K)]
  0x000001bfb000f470 JavaThread "jar transforms Thread 8"           [_thread_blocked, id=21180, stack(0x000000a974b00000,0x000000a974c00000) (1024K)]
  0x000001bfae4b3f10 JavaThread "build event listener"              [_thread_blocked, id=27508, stack(0x000000a974c00000,0x000000a974d00000) (1024K)]
  0x000001bfae4b24d0 JavaThread "Memory manager"                    [_thread_blocked, id=10940, stack(0x000000a974d00000,0x000000a974e00000) (1024K)]
  0x000001bfae4b45a0 JavaThread "build event listener"              [_thread_blocked, id=7540, stack(0x000000a974e00000,0x000000a974f00000) (1024K)]
  0x000001bfae4b5950 JavaThread "included builds"                   [_thread_blocked, id=9088, stack(0x000000a974f00000,0x000000a975000000) (1024K)]
  0x000001bfae4b52c0 JavaThread "Execution worker"                  [_thread_blocked, id=10104, stack(0x000000a975000000,0x000000a975100000) (1024K)]
  0x000001bfae4b5fe0 JavaThread "Execution worker Thread 2"         [_thread_blocked, id=26536, stack(0x000000a975100000,0x000000a975200000) (1024K)]
  0x000001bfae4b2b60 JavaThread "Execution worker Thread 3"         [_thread_in_native, id=16256, stack(0x000000a975200000,0x000000a975300000) (1024K)]
  0x000001bfae4b6670 JavaThread "Execution worker Thread 4"         [_thread_blocked, id=20268, stack(0x000000a975300000,0x000000a975400000) (1024K)]
  0x000001bfae4b6d00 JavaThread "Execution worker Thread 5"         [_thread_blocked, id=20940, stack(0x000000a975400000,0x000000a975500000) (1024K)]
  0x000001bfad17af50 JavaThread "Execution worker Thread 6"         [_thread_blocked, id=14356, stack(0x000000a975500000,0x000000a975600000) (1024K)]
  0x000001bfad179510 JavaThread "Execution worker Thread 7"         [_thread_blocked, id=10060, stack(0x000000a975600000,0x000000a975700000) (1024K)]
  0x000001bfad178e80 JavaThread "Execution worker Thread 8"         [_thread_blocked, id=14388, stack(0x000000a975700000,0x000000a975800000) (1024K)]
  0x000001bfad17b5e0 JavaThread "Execution worker Thread 9"         [_thread_blocked, id=26584, stack(0x000000a975800000,0x000000a975900000) (1024K)]
  0x000001bfad17c300 JavaThread "Execution worker Thread 10"        [_thread_blocked, id=7756, stack(0x000000a975900000,0x000000a975a00000) (1024K)]
  0x000001bfad17d6b0 JavaThread "Execution worker Thread 11"        [_thread_blocked, id=13268, stack(0x000000a975a00000,0x000000a975b00000) (1024K)]
  0x000001bfad17c990 JavaThread "Cache worker for execution history cache (C:\1. CODING\Semester 4 - Code\Software Engineer\.gradle\9.4.1\executionHistory)"        [_thread_blocked, id=24956, stack(0x000000a975b00000,0x000000a975c00000) (1024K)]
  0x000001bfad17dd40 JavaThread "WorkerExecutor Queue"              [_thread_blocked, id=11648, stack(0x000000a975c00000,0x000000a975d00000) (1024K)]
  0x000001bfab187ff0 JavaThread "WorkerExecutor Queue Thread 2"        [_thread_blocked, id=13940, stack(0x000000a975d00000,0x000000a975e00000) (1024K)]
  0x000001bfb1a70160 JavaThread "WorkerExecutor Queue Thread 3"        [_thread_blocked, id=23544, stack(0x000000a975e00000,0x000000a975f00000) (1024K)]
  0x000001bfb1a728c0 JavaThread "Cache worker for Java compile cache (C:\Users\Anselmus\.gradle\caches\9.4.1\javaCompile)"        [_thread_blocked, id=13892, stack(0x000000a975f00000,0x000000a976000000) (1024K)]
  0x000001bfab18e8f0 JavaThread "WorkerExecutor Queue Thread 4"        [_thread_blocked, id=4212, stack(0x000000a976000000,0x000000a976100000) (1024K)]
  0x000001bfab18b470 JavaThread "pool-3-thread-1"                   [_thread_blocked, id=24552, stack(0x000000a976100000,0x000000a976200000) (1024K)]
  0x000001bfab18a750 JavaThread "stderr"                            [_thread_in_native, id=23408, stack(0x000000a976200000,0x000000a976300000) (1024K)]
  0x000001bfab188680 JavaThread "stdout"                            [_thread_in_native, id=26532, stack(0x000000a976300000,0x000000a976400000) (1024K)]
  0x000001bfab189a30 JavaThread "WorkerExecutor Queue Thread 5"        [_thread_blocked, id=10348, stack(0x000000a976400000,0x000000a976500000) (1024K)]
  0x000001bfab18ade0 JavaThread "WorkerExecutor Queue Thread 6"        [_thread_blocked, id=9340, stack(0x000000a976500000,0x000000a976600000) (1024K)]
  0x000001bfab18a0c0 JavaThread "WorkerExecutor Queue Thread 7"        [_thread_blocked, id=2012, stack(0x000000a976600000,0x000000a976700000) (1024K)]
  0x000001bfab18bb00 JavaThread "WorkerExecutor Queue Thread 8"        [_thread_blocked, id=5608, stack(0x000000a976700000,0x000000a976800000) (1024K)]
  0x000001bfab18c820 JavaThread "WorkerExecutor Queue Thread 9"        [_thread_blocked, id=9620, stack(0x000000a976800000,0x000000a976900000) (1024K)]
  0x000001bfab1893a0 JavaThread "WorkerExecutor Queue Thread 10"        [_thread_blocked, id=20524, stack(0x000000a976900000,0x000000a976a00000) (1024K)]
  0x000001bfab18ceb0 JavaThread "WorkerExecutor Queue Thread 11"        [_thread_blocked, id=22628, stack(0x000000a976a00000,0x000000a976b00000) (1024K)]
  0x000001bfab18d540 JavaThread "WorkerExecutor Queue Thread 12"        [_thread_blocked, id=26656, stack(0x000000a976b00000,0x000000a976c00000) (1024K)]
  0x000001bfb1a70e80 JavaThread "WorkerExecutor Queue Thread 13"        [_thread_blocked, id=4064, stack(0x000000a976c00000,0x000000a976d00000) (1024K)]
  0x000001bfb6c3ea90 JavaThread "C2 CompilerThread1"         daemon [_thread_in_native, id=22112, stack(0x000000a971600000,0x000000a971700000) (1024K)]
=>0x000001bfb6c41370 JavaThread "C2 CompilerThread2"         daemon [_thread_in_native, id=9852, stack(0x000000a971700000,0x000000a971800000) (1024K)]
Total: 87

Other Threads:
  0x000001bfa562ea40 VMThread "VM Thread"                           [id=18768, stack(0x000000a970b00000,0x000000a970c00000) (1024K)]
  0x000001bfa56b09d0 WatcherThread "VM Periodic Task Thread"        [id=14164, stack(0x000000a970a00000,0x000000a970b00000) (1024K)]
  0x000001bf8db37970 WorkerThread "GC Thread#0"                     [id=6592, stack(0x000000a970500000,0x000000a970600000) (1024K)]
  0x000001bfaadcb280 WorkerThread "GC Thread#1"                     [id=25000, stack(0x000000a971800000,0x000000a971900000) (1024K)]
  0x000001bfaadcb630 WorkerThread "GC Thread#2"                     [id=20620, stack(0x000000a971900000,0x000000a971a00000) (1024K)]
  0x000001bfaadcb9e0 WorkerThread "GC Thread#3"                     [id=12056, stack(0x000000a971a00000,0x000000a971b00000) (1024K)]
  0x000001bfaa7e89e0 WorkerThread "GC Thread#4"                     [id=27528, stack(0x000000a971b00000,0x000000a971c00000) (1024K)]
  0x000001bfaa7e9160 WorkerThread "GC Thread#5"                     [id=5372, stack(0x000000a971c00000,0x000000a971d00000) (1024K)]
  0x000001bfaa7e98e0 WorkerThread "GC Thread#6"                     [id=10212, stack(0x000000a971d00000,0x000000a971e00000) (1024K)]
  0x000001bfac3e37f0 WorkerThread "GC Thread#7"                     [id=25908, stack(0x000000a972400000,0x000000a972500000) (1024K)]
  0x000001bfac3e3ba0 WorkerThread "GC Thread#8"                     [id=6224, stack(0x000000a972500000,0x000000a972600000) (1024K)]
  0x000001bfac3e4300 WorkerThread "GC Thread#9"                     [id=24064, stack(0x000000a972600000,0x000000a972700000) (1024K)]
  0x000001bf8db489d0 ConcurrentGCThread "G1 Main Marker"            [id=25560, stack(0x000000a970600000,0x000000a970700000) (1024K)]
  0x000001bf8db49f60 WorkerThread "G1 Conc#0"                       [id=8228, stack(0x000000a970700000,0x000000a970800000) (1024K)]
  0x000001bfac3e46b0 WorkerThread "G1 Conc#1"                       [id=24696, stack(0x000000a972700000,0x000000a972800000) (1024K)]
  0x000001bfac3e4a60 WorkerThread "G1 Conc#2"                       [id=27216, stack(0x000000a972800000,0x000000a972900000) (1024K)]
  0x000001bfa5541780 ConcurrentGCThread "G1 Refine#0"               [id=6672, stack(0x000000a970800000,0x000000a970900000) (1024K)]
  0x000001bfa5541cc0 ConcurrentGCThread "G1 Service"                [id=4788, stack(0x000000a970900000,0x000000a970a00000) (1024K)]
Total: 18

Threads with active compile tasks:
C2 CompilerThread0  26199 20006       4       org.gradle.internal.instantiation.generator.AbstractClassGenerator::inspectType (602 bytes)
C2 CompilerThread1  26199 19931       4       com.android.tools.r8.graph.i2::n0 (2 bytes)
C2 CompilerThread2  26199 19189 %     4       com.android.tools.r8.internal.e8::b @ 569 (1495 bytes)
Total: 3

VM state: not at safepoint (normal execution)

VM Mutex/Monitor currently owned by a thread: None

Heap address: 0x0000000080000000, size: 2048 MB, Compressed Oops mode: 32-bit

CDS archive(s) not mapped
Compressed class space mapped at: 0x0000000100000000-0x0000000140000000, reserved size: 1073741824
Narrow klass base: 0x0000000000000000, Narrow klass shift: 3, Narrow klass range: 0x140000000

GC Precious Log:
 CardTable entry size: 512
 Card Set container configuration: InlinePtr #cards 5 size 8 Array Of Cards #cards 12 size 40 Howl #buckets 4 coarsen threshold 1843 Howl Bitmap #cards 512 size 80 coarsen threshold 460 Card regions per heap region 1 cards per card region 2048
 CPUs: 12 total, 12 available
 Memory: 20332M
 Large Page Support: Disabled
 NUMA Support: Disabled
 Compressed Oops: Enabled (32-bit)
 Heap Region Size: 1M
 Heap Min Capacity: 8M
 Heap Initial Capacity: 318M
 Heap Max Capacity: 2G
 Pre-touch: Disabled
 Parallel Workers: 10
 Concurrent Workers: 3
 Concurrent Refinement Workers: 10
 Periodic GC: Disabled

Heap:
 garbage-first heap   total 299008K, used 223166K [0x0000000080000000, 0x0000000100000000)
  region size 1024K, 49 young (50176K), 4 survivors (4096K)
 Metaspace       used 154971K, committed 157504K, reserved 1245184K
  class space    used 22398K, committed 23616K, reserved 1048576K

Heap Regions: E=young(eden), S=young(survivor), O=old, HS=humongous(starts), HC=humongous(continues), CS=collection set, F=free, TAMS=top-at-mark-start, PB=parsable bottom
|   0|0x0000000080000000, 0x0000000080100000, 0x0000000080100000|100%|HS|  |TAMS 0x0000000080000000| PB 0x0000000080000000| Complete 
|   1|0x0000000080100000, 0x0000000080200000, 0x0000000080200000|100%|HC|  |TAMS 0x0000000080100000| PB 0x0000000080100000| Complete 
|   2|0x0000000080200000, 0x0000000080300000, 0x0000000080300000|100%|HC|  |TAMS 0x0000000080200000| PB 0x0000000080200000| Complete 
|   3|0x0000000080300000, 0x0000000080400000, 0x0000000080400000|100%|HC|  |TAMS 0x0000000080300000| PB 0x0000000080300000| Complete 
|   4|0x0000000080400000, 0x0000000080500000, 0x0000000080500000|100%| O|  |TAMS 0x0000000080400000| PB 0x0000000080400000| Untracked 
|   5|0x0000000080500000, 0x0000000080600000, 0x0000000080600000|100%| O|  |TAMS 0x0000000080500000| PB 0x0000000080500000| Untracked 
|   6|0x0000000080600000, 0x0000000080700000, 0x0000000080700000|100%| O|  |TAMS 0x0000000080600000| PB 0x0000000080600000| Untracked 
|   7|0x0000000080700000, 0x0000000080800000, 0x0000000080800000|100%| O|  |TAMS 0x0000000080700000| PB 0x0000000080700000| Untracked 
|   8|0x0000000080800000, 0x0000000080900000, 0x0000000080900000|100%| O|  |TAMS 0x0000000080800000| PB 0x0000000080800000| Untracked 
|   9|0x0000000080900000, 0x0000000080a00000, 0x0000000080a00000|100%| O|  |TAMS 0x0000000080900000| PB 0x0000000080900000| Untracked 
|  10|0x0000000080a00000, 0x0000000080b00000, 0x0000000080b00000|100%| O|  |TAMS 0x0000000080a00000| PB 0x0000000080a00000| Untracked 
|  11|0x0000000080b00000, 0x0000000080c00000, 0x0000000080c00000|100%|HS|  |TAMS 0x0000000080b00000| PB 0x0000000080b00000| Complete 
|  12|0x0000000080c00000, 0x0000000080d00000, 0x0000000080d00000|100%| O|  |TAMS 0x0000000080c00000| PB 0x0000000080c00000| Untracked 
|  13|0x0000000080d00000, 0x0000000080e00000, 0x0000000080e00000|100%| O|  |TAMS 0x0000000080d00000| PB 0x0000000080d00000| Untracked 
|  14|0x0000000080e00000, 0x0000000080f00000, 0x0000000080f00000|100%| O|  |TAMS 0x0000000080e00000| PB 0x0000000080e00000| Untracked 
|  15|0x0000000080f00000, 0x0000000081000000, 0x0000000081000000|100%| O|  |TAMS 0x0000000080f00000| PB 0x0000000080f00000| Untracked 
|  16|0x0000000081000000, 0x0000000081100000, 0x0000000081100000|100%| O|  |TAMS 0x0000000081000000| PB 0x0000000081000000| Untracked 
|  17|0x0000000081100000, 0x0000000081200000, 0x0000000081200000|100%| O|  |TAMS 0x0000000081100000| PB 0x0000000081100000| Untracked 
|  18|0x0000000081200000, 0x0000000081300000, 0x0000000081300000|100%| O|  |TAMS 0x0000000081200000| PB 0x0000000081200000| Untracked 
|  19|0x0000000081300000, 0x0000000081400000, 0x0000000081400000|100%| O|  |TAMS 0x0000000081300000| PB 0x0000000081300000| Untracked 
|  20|0x0000000081400000, 0x0000000081500000, 0x0000000081500000|100%| O|  |TAMS 0x0000000081400000| PB 0x0000000081400000| Untracked 
|  21|0x0000000081500000, 0x0000000081600000, 0x0000000081600000|100%| O|  |TAMS 0x0000000081500000| PB 0x0000000081500000| Untracked 
|  22|0x0000000081600000, 0x0000000081700000, 0x0000000081700000|100%| O|  |TAMS 0x0000000081600000| PB 0x0000000081600000| Untracked 
|  23|0x0000000081700000, 0x0000000081800000, 0x0000000081800000|100%| O|  |TAMS 0x0000000081700000| PB 0x0000000081700000| Untracked 
|  24|0x0000000081800000, 0x0000000081900000, 0x0000000081900000|100%| O|  |TAMS 0x0000000081800000| PB 0x0000000081800000| Untracked 
|  25|0x0000000081900000, 0x0000000081a00000, 0x0000000081a00000|100%| O|  |TAMS 0x0000000081900000| PB 0x0000000081900000| Untracked 
|  26|0x0000000081a00000, 0x0000000081b00000, 0x0000000081b00000|100%| O|  |TAMS 0x0000000081a00000| PB 0x0000000081a00000| Untracked 
|  27|0x0000000081b00000, 0x0000000081c00000, 0x0000000081c00000|100%| O|  |TAMS 0x0000000081b00000| PB 0x0000000081b00000| Untracked 
|  28|0x0000000081c00000, 0x0000000081d00000, 0x0000000081d00000|100%| O|  |TAMS 0x0000000081c00000| PB 0x0000000081c00000| Untracked 
|  29|0x0000000081d00000, 0x0000000081e00000, 0x0000000081e00000|100%| O|  |TAMS 0x0000000081d00000| PB 0x0000000081d00000| Untracked 
|  30|0x0000000081e00000, 0x0000000081f00000, 0x0000000081f00000|100%| O|  |TAMS 0x0000000081e00000| PB 0x0000000081e00000| Untracked 
|  31|0x0000000081f00000, 0x0000000082000000, 0x0000000082000000|100%|HS|  |TAMS 0x0000000081f00000| PB 0x0000000081f00000| Complete 
|  32|0x0000000082000000, 0x0000000082100000, 0x0000000082100000|100%|HC|  |TAMS 0x0000000082000000| PB 0x0000000082000000| Complete 
|  33|0x0000000082100000, 0x0000000082200000, 0x0000000082200000|100%| O|  |TAMS 0x0000000082100000| PB 0x0000000082100000| Untracked 
|  34|0x0000000082200000, 0x0000000082300000, 0x0000000082300000|100%| O|  |TAMS 0x0000000082200000| PB 0x0000000082200000| Untracked 
|  35|0x0000000082300000, 0x0000000082400000, 0x0000000082400000|100%| O|  |TAMS 0x0000000082300000| PB 0x0000000082300000| Untracked 
|  36|0x0000000082400000, 0x0000000082500000, 0x0000000082500000|100%| O|  |TAMS 0x0000000082400000| PB 0x0000000082400000| Untracked 
|  37|0x0000000082500000, 0x0000000082600000, 0x0000000082600000|100%| O|  |TAMS 0x0000000082500000| PB 0x0000000082500000| Untracked 
|  38|0x0000000082600000, 0x0000000082700000, 0x0000000082700000|100%| O|  |TAMS 0x0000000082600000| PB 0x0000000082600000| Untracked 
|  39|0x0000000082700000, 0x0000000082800000, 0x0000000082800000|100%| O|  |TAMS 0x0000000082700000| PB 0x0000000082700000| Untracked 
|  40|0x0000000082800000, 0x0000000082900000, 0x0000000082900000|100%| O|  |TAMS 0x0000000082800000| PB 0x0000000082800000| Untracked 
|  41|0x0000000082900000, 0x0000000082a00000, 0x0000000082a00000|100%| O|  |TAMS 0x0000000082900000| PB 0x0000000082900000| Untracked 
|  42|0x0000000082a00000, 0x0000000082b00000, 0x0000000082b00000|100%| O|  |TAMS 0x0000000082a00000| PB 0x0000000082a00000| Untracked 
|  43|0x0000000082b00000, 0x0000000082c00000, 0x0000000082c00000|100%|HS|  |TAMS 0x0000000082b00000| PB 0x0000000082b00000| Complete 
|  44|0x0000000082c00000, 0x0000000082d00000, 0x0000000082d00000|100%|HS|  |TAMS 0x0000000082c00000| PB 0x0000000082c00000| Complete 
|  45|0x0000000082d00000, 0x0000000082e00000, 0x0000000082e00000|100%|HS|  |TAMS 0x0000000082d00000| PB 0x0000000082d00000| Complete 
|  46|0x0000000082e00000, 0x0000000082f00000, 0x0000000082f00000|100%|HC|  |TAMS 0x0000000082e00000| PB 0x0000000082e00000| Complete 
|  47|0x0000000082f00000, 0x0000000083000000, 0x0000000083000000|100%| O|  |TAMS 0x0000000082f00000| PB 0x0000000082f00000| Untracked 
|  48|0x0000000083000000, 0x0000000083100000, 0x0000000083100000|100%| O|  |TAMS 0x0000000083000000| PB 0x0000000083000000| Untracked 
|  49|0x0000000083100000, 0x0000000083200000, 0x0000000083200000|100%| O|  |TAMS 0x0000000083100000| PB 0x0000000083100000| Untracked 
|  50|0x0000000083200000, 0x0000000083300000, 0x0000000083300000|100%| O|  |TAMS 0x0000000083200000| PB 0x0000000083200000| Untracked 
|  51|0x0000000083300000, 0x0000000083400000, 0x0000000083400000|100%| O|  |TAMS 0x0000000083300000| PB 0x0000000083300000| Untracked 
|  52|0x0000000083400000, 0x0000000083500000, 0x0000000083500000|100%| O|  |TAMS 0x0000000083400000| PB 0x0000000083400000| Untracked 
|  53|0x0000000083500000, 0x0000000083600000, 0x0000000083600000|100%| O|  |TAMS 0x0000000083500000| PB 0x0000000083500000| Untracked 
|  54|0x0000000083600000, 0x0000000083700000, 0x0000000083700000|100%| O|  |TAMS 0x0000000083600000| PB 0x0000000083600000| Untracked 
|  55|0x0000000083700000, 0x0000000083800000, 0x0000000083800000|100%| O|  |TAMS 0x0000000083700000| PB 0x0000000083700000| Untracked 
|  56|0x0000000083800000, 0x0000000083900000, 0x0000000083900000|100%| O|  |TAMS 0x0000000083800000| PB 0x0000000083800000| Untracked 
|  57|0x0000000083900000, 0x0000000083a00000, 0x0000000083a00000|100%|HS|  |TAMS 0x0000000083900000| PB 0x0000000083900000| Complete 
|  58|0x0000000083a00000, 0x0000000083b00000, 0x0000000083b00000|100%|HS|  |TAMS 0x0000000083a00000| PB 0x0000000083a00000| Complete 
|  59|0x0000000083b00000, 0x0000000083c00000, 0x0000000083c00000|100%| O|  |TAMS 0x0000000083b00000| PB 0x0000000083b00000| Untracked 
|  60|0x0000000083c00000, 0x0000000083d00000, 0x0000000083d00000|100%|HS|  |TAMS 0x0000000083c00000| PB 0x0000000083c00000| Complete 
|  61|0x0000000083d00000, 0x0000000083e00000, 0x0000000083e00000|100%|HS|  |TAMS 0x0000000083d00000| PB 0x0000000083d00000| Complete 
|  62|0x0000000083e00000, 0x0000000083f00000, 0x0000000083f00000|100%|HS|  |TAMS 0x0000000083e00000| PB 0x0000000083e00000| Complete 
|  63|0x0000000083f00000, 0x0000000084000000, 0x0000000084000000|100%|HC|  |TAMS 0x0000000083f00000| PB 0x0000000083f00000| Complete 
|  64|0x0000000084000000, 0x0000000084100000, 0x0000000084100000|100%| O|  |TAMS 0x0000000084000000| PB 0x0000000084000000| Untracked 
|  65|0x0000000084100000, 0x0000000084200000, 0x0000000084200000|100%| O|  |TAMS 0x0000000084100000| PB 0x0000000084100000| Untracked 
|  66|0x0000000084200000, 0x0000000084300000, 0x0000000084300000|100%| O|  |TAMS 0x0000000084200000| PB 0x0000000084200000| Untracked 
|  67|0x0000000084300000, 0x0000000084400000, 0x0000000084400000|100%| O|  |TAMS 0x0000000084300000| PB 0x0000000084300000| Untracked 
|  68|0x0000000084400000, 0x0000000084500000, 0x0000000084500000|100%| O|  |TAMS 0x0000000084400000| PB 0x0000000084400000| Untracked 
|  69|0x0000000084500000, 0x0000000084600000, 0x0000000084600000|100%| O|  |TAMS 0x0000000084500000| PB 0x0000000084500000| Untracked 
|  70|0x0000000084600000, 0x0000000084700000, 0x0000000084700000|100%|HS|  |TAMS 0x0000000084600000| PB 0x0000000084600000| Complete 
|  71|0x0000000084700000, 0x0000000084800000, 0x0000000084800000|100%| O|  |TAMS 0x0000000084700000| PB 0x0000000084700000| Untracked 
|  72|0x0000000084800000, 0x0000000084900000, 0x0000000084900000|100%| O|  |TAMS 0x0000000084800000| PB 0x0000000084800000| Untracked 
|  73|0x0000000084900000, 0x0000000084a00000, 0x0000000084a00000|100%| O|  |TAMS 0x0000000084900000| PB 0x0000000084900000| Untracked 
|  74|0x0000000084a00000, 0x0000000084b00000, 0x0000000084b00000|100%| O|  |TAMS 0x0000000084a00000| PB 0x0000000084a00000| Untracked 
|  75|0x0000000084b00000, 0x0000000084c00000, 0x0000000084c00000|100%| O|  |TAMS 0x0000000084b00000| PB 0x0000000084b00000| Untracked 
|  76|0x0000000084c00000, 0x0000000084d00000, 0x0000000084d00000|100%| O|  |TAMS 0x0000000084c00000| PB 0x0000000084c00000| Untracked 
|  77|0x0000000084d00000, 0x0000000084e00000, 0x0000000084e00000|100%| O|  |TAMS 0x0000000084d00000| PB 0x0000000084d00000| Untracked 
|  78|0x0000000084e00000, 0x0000000084f00000, 0x0000000084f00000|100%| O|  |TAMS 0x0000000084e00000| PB 0x0000000084e00000| Untracked 
|  79|0x0000000084f00000, 0x0000000085000000, 0x0000000085000000|100%| O|  |TAMS 0x0000000084f00000| PB 0x0000000084f00000| Untracked 
|  80|0x0000000085000000, 0x0000000085100000, 0x0000000085100000|100%| O|  |TAMS 0x0000000085000000| PB 0x0000000085000000| Untracked 
|  81|0x0000000085100000, 0x0000000085200000, 0x0000000085200000|100%| O|  |TAMS 0x0000000085100000| PB 0x0000000085100000| Untracked 
|  82|0x0000000085200000, 0x0000000085300000, 0x0000000085300000|100%| O|  |TAMS 0x0000000085200000| PB 0x0000000085200000| Untracked 
|  83|0x0000000085300000, 0x0000000085400000, 0x0000000085400000|100%| O|  |TAMS 0x0000000085300000| PB 0x0000000085300000| Untracked 
|  84|0x0000000085400000, 0x0000000085500000, 0x0000000085500000|100%| O|  |TAMS 0x0000000085400000| PB 0x0000000085400000| Untracked 
|  85|0x0000000085500000, 0x0000000085600000, 0x0000000085600000|100%| O|  |TAMS 0x0000000085500000| PB 0x0000000085500000| Untracked 
|  86|0x0000000085600000, 0x0000000085700000, 0x0000000085700000|100%| O|  |TAMS 0x0000000085600000| PB 0x0000000085600000| Untracked 
|  87|0x0000000085700000, 0x0000000085800000, 0x0000000085800000|100%| O|  |TAMS 0x0000000085700000| PB 0x0000000085700000| Untracked 
|  88|0x0000000085800000, 0x0000000085900000, 0x0000000085900000|100%| O|  |TAMS 0x0000000085800000| PB 0x0000000085800000| Untracked 
|  89|0x0000000085900000, 0x0000000085a00000, 0x0000000085a00000|100%| O|  |TAMS 0x0000000085900000| PB 0x0000000085900000| Untracked 
|  90|0x0000000085a00000, 0x0000000085b00000, 0x0000000085b00000|100%| O|  |TAMS 0x0000000085a00000| PB 0x0000000085a00000| Untracked 
|  91|0x0000000085b00000, 0x0000000085c00000, 0x0000000085c00000|100%| O|Cm|TAMS 0x0000000085b00000| PB 0x0000000085b00000| Complete 
|  92|0x0000000085c00000, 0x0000000085d00000, 0x0000000085d00000|100%| O|Cm|TAMS 0x0000000085c00000| PB 0x0000000085c00000| Complete 
|  93|0x0000000085d00000, 0x0000000085e00000, 0x0000000085e00000|100%| O|  |TAMS 0x0000000085d00000| PB 0x0000000085d00000| Untracked 
|  94|0x0000000085e00000, 0x0000000085f00000, 0x0000000085f00000|100%| O|  |TAMS 0x0000000085e00000| PB 0x0000000085e00000| Untracked 
|  95|0x0000000085f00000, 0x0000000086000000, 0x0000000086000000|100%| O|  |TAMS 0x0000000085f00000| PB 0x0000000085f00000| Untracked 
|  96|0x0000000086000000, 0x0000000086100000, 0x0000000086100000|100%| O|  |TAMS 0x0000000086000000| PB 0x0000000086000000| Untracked 
|  97|0x0000000086100000, 0x0000000086200000, 0x0000000086200000|100%| O|  |TAMS 0x0000000086100000| PB 0x0000000086100000| Untracked 
|  98|0x0000000086200000, 0x0000000086300000, 0x0000000086300000|100%| O|  |TAMS 0x0000000086200000| PB 0x0000000086200000| Untracked 
|  99|0x0000000086300000, 0x0000000086400000, 0x0000000086400000|100%| O|  |TAMS 0x0000000086300000| PB 0x0000000086300000| Untracked 
| 100|0x0000000086400000, 0x0000000086500000, 0x0000000086500000|100%| O|  |TAMS 0x0000000086400000| PB 0x0000000086400000| Untracked 
| 101|0x0000000086500000, 0x0000000086600000, 0x0000000086600000|100%| O|  |TAMS 0x0000000086500000| PB 0x0000000086500000| Untracked 
| 102|0x0000000086600000, 0x0000000086700000, 0x0000000086700000|100%| O|  |TAMS 0x0000000086600000| PB 0x0000000086600000| Untracked 
| 103|0x0000000086700000, 0x0000000086800000, 0x0000000086800000|100%| O|  |TAMS 0x0000000086700000| PB 0x0000000086700000| Untracked 
| 104|0x0000000086800000, 0x0000000086900000, 0x0000000086900000|100%|HS|  |TAMS 0x0000000086800000| PB 0x0000000086800000| Complete 
| 105|0x0000000086900000, 0x0000000086a00000, 0x0000000086a00000|100%|HC|  |TAMS 0x0000000086900000| PB 0x0000000086900000| Complete 
| 106|0x0000000086a00000, 0x0000000086b00000, 0x0000000086b00000|100%| O|Cm|TAMS 0x0000000086a00000| PB 0x0000000086a00000| Complete 
| 107|0x0000000086b00000, 0x0000000086c00000, 0x0000000086c00000|100%| O|  |TAMS 0x0000000086b00000| PB 0x0000000086b00000| Untracked 
| 108|0x0000000086c00000, 0x0000000086d00000, 0x0000000086d00000|100%| O|  |TAMS 0x0000000086c00000| PB 0x0000000086c00000| Untracked 
| 109|0x0000000086d00000, 0x0000000086e00000, 0x0000000086e00000|100%| O|  |TAMS 0x0000000086d00000| PB 0x0000000086d00000| Untracked 
| 110|0x0000000086e00000, 0x0000000086f00000, 0x0000000086f00000|100%| O|  |TAMS 0x0000000086e00000| PB 0x0000000086e00000| Untracked 
| 111|0x0000000086f00000, 0x0000000087000000, 0x0000000087000000|100%| O|  |TAMS 0x0000000086f00000| PB 0x0000000086f00000| Untracked 
| 112|0x0000000087000000, 0x0000000087100000, 0x0000000087100000|100%| O|Cm|TAMS 0x0000000087000000| PB 0x0000000087000000| Complete 
| 113|0x0000000087100000, 0x0000000087200000, 0x0000000087200000|100%|HS|  |TAMS 0x0000000087100000| PB 0x0000000087100000| Complete 
| 114|0x0000000087200000, 0x0000000087300000, 0x0000000087300000|100%| O|  |TAMS 0x0000000087200000| PB 0x0000000087200000| Untracked 
| 115|0x0000000087300000, 0x0000000087400000, 0x0000000087400000|100%| O|Cm|TAMS 0x0000000087300000| PB 0x0000000087300000| Complete 
| 116|0x0000000087400000, 0x0000000087500000, 0x0000000087500000|100%| O|  |TAMS 0x0000000087400000| PB 0x0000000087400000| Untracked 
| 117|0x0000000087500000, 0x0000000087600000, 0x0000000087600000|100%| O|  |TAMS 0x0000000087500000| PB 0x0000000087500000| Untracked 
| 118|0x0000000087600000, 0x0000000087700000, 0x0000000087700000|100%| O|  |TAMS 0x0000000087600000| PB 0x0000000087600000| Untracked 
| 119|0x0000000087700000, 0x0000000087800000, 0x0000000087800000|100%| O|Cm|TAMS 0x0000000087700000| PB 0x0000000087700000| Complete 
| 120|0x0000000087800000, 0x0000000087900000, 0x0000000087900000|100%| O|  |TAMS 0x0000000087800000| PB 0x0000000087800000| Untracked 
| 121|0x0000000087900000, 0x0000000087a00000, 0x0000000087a00000|100%| O|  |TAMS 0x0000000087900000| PB 0x0000000087900000| Untracked 
| 122|0x0000000087a00000, 0x0000000087b00000, 0x0000000087b00000|100%| O|Cm|TAMS 0x0000000087a00000| PB 0x0000000087a00000| Complete 
| 123|0x0000000087b00000, 0x0000000087c00000, 0x0000000087c00000|100%| O|Cm|TAMS 0x0000000087b00000| PB 0x0000000087b00000| Complete 
| 124|0x0000000087c00000, 0x0000000087d00000, 0x0000000087d00000|100%| O|Cm|TAMS 0x0000000087c00000| PB 0x0000000087c00000| Complete 
| 125|0x0000000087d00000, 0x0000000087e00000, 0x0000000087e00000|100%| O|Cm|TAMS 0x0000000087d00000| PB 0x0000000087d00000| Complete 
| 126|0x0000000087e00000, 0x0000000087f00000, 0x0000000087f00000|100%| O|Cm|TAMS 0x0000000087e00000| PB 0x0000000087e00000| Complete 
| 127|0x0000000087f00000, 0x0000000088000000, 0x0000000088000000|100%| O|Cm|TAMS 0x0000000087f00000| PB 0x0000000087f00000| Complete 
| 128|0x0000000088000000, 0x0000000088100000, 0x0000000088100000|100%| O|  |TAMS 0x0000000088000000| PB 0x0000000088000000| Untracked 
| 129|0x0000000088100000, 0x0000000088100000, 0x0000000088200000|  0%| F|  |TAMS 0x0000000088100000| PB 0x0000000088100000| Untracked 
| 130|0x0000000088200000, 0x0000000088300000, 0x0000000088300000|100%| O|Cm|TAMS 0x0000000088200000| PB 0x0000000088200000| Complete 
| 131|0x0000000088300000, 0x0000000088400000, 0x0000000088400000|100%| O|  |TAMS 0x0000000088300000| PB 0x0000000088300000| Untracked 
| 132|0x0000000088400000, 0x0000000088500000, 0x0000000088500000|100%| O|  |TAMS 0x0000000088400000| PB 0x0000000088400000| Untracked 
| 133|0x0000000088500000, 0x0000000088600000, 0x0000000088600000|100%| O|Cm|TAMS 0x0000000088500000| PB 0x0000000088500000| Complete 
| 134|0x0000000088600000, 0x0000000088700000, 0x0000000088700000|100%| O|Cm|TAMS 0x0000000088600000| PB 0x0000000088600000| Complete 
| 135|0x0000000088700000, 0x0000000088800000, 0x0000000088800000|100%| O|  |TAMS 0x0000000088700000| PB 0x0000000088700000| Untracked 
| 136|0x0000000088800000, 0x0000000088900000, 0x0000000088900000|100%| O|  |TAMS 0x0000000088800000| PB 0x0000000088800000| Untracked 
| 137|0x0000000088900000, 0x0000000088900000, 0x0000000088a00000|  0%| F|  |TAMS 0x0000000088900000| PB 0x0000000088900000| Untracked 
| 138|0x0000000088a00000, 0x0000000088b00000, 0x0000000088b00000|100%| O|  |TAMS 0x0000000088a00000| PB 0x0000000088a00000| Untracked 
| 139|0x0000000088b00000, 0x0000000088c00000, 0x0000000088c00000|100%| O|  |TAMS 0x0000000088b00000| PB 0x0000000088b00000| Untracked 
| 140|0x0000000088c00000, 0x0000000088d00000, 0x0000000088d00000|100%| O|  |TAMS 0x0000000088c00000| PB 0x0000000088c00000| Untracked 
| 141|0x0000000088d00000, 0x0000000088e00000, 0x0000000088e00000|100%| O|Cm|TAMS 0x0000000088d00000| PB 0x0000000088d00000| Complete 
| 142|0x0000000088e00000, 0x0000000088f00000, 0x0000000088f00000|100%| O|  |TAMS 0x0000000088e00000| PB 0x0000000088e00000| Untracked 
| 143|0x0000000088f00000, 0x0000000089000000, 0x0000000089000000|100%| O|  |TAMS 0x0000000088f00000| PB 0x0000000088f00000| Untracked 
| 144|0x0000000089000000, 0x0000000089100000, 0x0000000089100000|100%| O|Cm|TAMS 0x0000000089000000| PB 0x0000000089000000| Complete 
| 145|0x0000000089100000, 0x0000000089200000, 0x0000000089200000|100%| O|Cm|TAMS 0x0000000089100000| PB 0x0000000089100000| Complete 
| 146|0x0000000089200000, 0x0000000089300000, 0x0000000089300000|100%| O|  |TAMS 0x0000000089200000| PB 0x0000000089200000| Untracked 
| 147|0x0000000089300000, 0x0000000089400000, 0x0000000089400000|100%| O|  |TAMS 0x0000000089300000| PB 0x0000000089300000| Untracked 
| 148|0x0000000089400000, 0x0000000089500000, 0x0000000089500000|100%| O|  |TAMS 0x0000000089400000| PB 0x0000000089400000| Untracked 
| 149|0x0000000089500000, 0x0000000089600000, 0x0000000089600000|100%| O|  |TAMS 0x0000000089500000| PB 0x0000000089500000| Untracked 
| 150|0x0000000089600000, 0x0000000089700000, 0x0000000089700000|100%| O|  |TAMS 0x0000000089600000| PB 0x0000000089600000| Untracked 
| 151|0x0000000089700000, 0x0000000089800000, 0x0000000089800000|100%| O|  |TAMS 0x0000000089700000| PB 0x0000000089700000| Untracked 
| 152|0x0000000089800000, 0x0000000089900000, 0x0000000089900000|100%| O|  |TAMS 0x0000000089800000| PB 0x0000000089800000| Untracked 
| 153|0x0000000089900000, 0x0000000089a00000, 0x0000000089a00000|100%| O|  |TAMS 0x0000000089900000| PB 0x0000000089900000| Untracked 
| 154|0x0000000089a00000, 0x0000000089b00000, 0x0000000089b00000|100%| O|  |TAMS 0x0000000089a00000| PB 0x0000000089a00000| Untracked 
| 155|0x0000000089b00000, 0x0000000089b00000, 0x0000000089c00000|  0%| F|  |TAMS 0x0000000089b00000| PB 0x0000000089b00000| Untracked 
| 156|0x0000000089c00000, 0x0000000089c00000, 0x0000000089d00000|  0%| F|  |TAMS 0x0000000089c00000| PB 0x0000000089c00000| Untracked 
| 157|0x0000000089d00000, 0x0000000089d00000, 0x0000000089e00000|  0%| F|  |TAMS 0x0000000089d00000| PB 0x0000000089d00000| Untracked 
| 158|0x0000000089e00000, 0x0000000089e00000, 0x0000000089f00000|  0%| F|  |TAMS 0x0000000089e00000| PB 0x0000000089e00000| Untracked 
| 159|0x0000000089f00000, 0x000000008a000000, 0x000000008a000000|100%| O|  |TAMS 0x0000000089f00000| PB 0x0000000089f00000| Untracked 
| 160|0x000000008a000000, 0x000000008a100000, 0x000000008a100000|100%| O|  |TAMS 0x000000008a000000| PB 0x000000008a000000| Untracked 
| 161|0x000000008a100000, 0x000000008a200000, 0x000000008a200000|100%| O|  |TAMS 0x000000008a100000| PB 0x000000008a100000| Untracked 
| 162|0x000000008a200000, 0x000000008a300000, 0x000000008a300000|100%| O|  |TAMS 0x000000008a200000| PB 0x000000008a200000| Untracked 
| 163|0x000000008a300000, 0x000000008a400000, 0x000000008a400000|100%| O|  |TAMS 0x000000008a300000| PB 0x000000008a300000| Untracked 
| 164|0x000000008a400000, 0x000000008a500000, 0x000000008a500000|100%| O|  |TAMS 0x000000008a400000| PB 0x000000008a400000| Untracked 
| 165|0x000000008a500000, 0x000000008a600000, 0x000000008a600000|100%| O|  |TAMS 0x000000008a500000| PB 0x000000008a500000| Untracked 
| 166|0x000000008a600000, 0x000000008a600000, 0x000000008a700000|  0%| F|  |TAMS 0x000000008a600000| PB 0x000000008a600000| Untracked 
| 167|0x000000008a700000, 0x000000008a700000, 0x000000008a800000|  0%| F|  |TAMS 0x000000008a700000| PB 0x000000008a700000| Untracked 
| 168|0x000000008a800000, 0x000000008a800000, 0x000000008a900000|  0%| F|  |TAMS 0x000000008a800000| PB 0x000000008a800000| Untracked 
| 169|0x000000008a900000, 0x000000008a900000, 0x000000008aa00000|  0%| F|  |TAMS 0x000000008a900000| PB 0x000000008a900000| Untracked 
| 170|0x000000008aa00000, 0x000000008aa00000, 0x000000008ab00000|  0%| F|  |TAMS 0x000000008aa00000| PB 0x000000008aa00000| Untracked 
| 171|0x000000008ab00000, 0x000000008ab00000, 0x000000008ac00000|  0%| F|  |TAMS 0x000000008ab00000| PB 0x000000008ab00000| Untracked 
| 172|0x000000008ac00000, 0x000000008ac00000, 0x000000008ad00000|  0%| F|  |TAMS 0x000000008ac00000| PB 0x000000008ac00000| Untracked 
| 173|0x000000008ad00000, 0x000000008ad00000, 0x000000008ae00000|  0%| F|  |TAMS 0x000000008ad00000| PB 0x000000008ad00000| Untracked 
| 174|0x000000008ae00000, 0x000000008ae00000, 0x000000008af00000|  0%| F|  |TAMS 0x000000008ae00000| PB 0x000000008ae00000| Untracked 
| 175|0x000000008af00000, 0x000000008af00000, 0x000000008b000000|  0%| F|  |TAMS 0x000000008af00000| PB 0x000000008af00000| Untracked 
| 176|0x000000008b000000, 0x000000008b000000, 0x000000008b100000|  0%| F|  |TAMS 0x000000008b000000| PB 0x000000008b000000| Untracked 
| 177|0x000000008b100000, 0x000000008b100000, 0x000000008b200000|  0%| F|  |TAMS 0x000000008b100000| PB 0x000000008b100000| Untracked 
| 178|0x000000008b200000, 0x000000008b200000, 0x000000008b300000|  0%| F|  |TAMS 0x000000008b200000| PB 0x000000008b200000| Untracked 
| 179|0x000000008b300000, 0x000000008b300000, 0x000000008b400000|  0%| F|  |TAMS 0x000000008b300000| PB 0x000000008b300000| Untracked 
| 180|0x000000008b400000, 0x000000008b400000, 0x000000008b500000|  0%| F|  |TAMS 0x000000008b400000| PB 0x000000008b400000| Untracked 
| 181|0x000000008b500000, 0x000000008b500000, 0x000000008b600000|  0%| F|  |TAMS 0x000000008b500000| PB 0x000000008b500000| Untracked 
| 182|0x000000008b600000, 0x000000008b600000, 0x000000008b700000|  0%| F|  |TAMS 0x000000008b600000| PB 0x000000008b600000| Untracked 
| 183|0x000000008b700000, 0x000000008b700000, 0x000000008b800000|  0%| F|  |TAMS 0x000000008b700000| PB 0x000000008b700000| Untracked 
| 184|0x000000008b800000, 0x000000008b800000, 0x000000008b900000|  0%| F|  |TAMS 0x000000008b800000| PB 0x000000008b800000| Untracked 
| 185|0x000000008b900000, 0x000000008b900000, 0x000000008ba00000|  0%| F|  |TAMS 0x000000008b900000| PB 0x000000008b900000| Untracked 
| 186|0x000000008ba00000, 0x000000008ba00000, 0x000000008bb00000|  0%| F|  |TAMS 0x000000008ba00000| PB 0x000000008ba00000| Untracked 
| 187|0x000000008bb00000, 0x000000008bb00000, 0x000000008bc00000|  0%| F|  |TAMS 0x000000008bb00000| PB 0x000000008bb00000| Untracked 
| 188|0x000000008bc00000, 0x000000008bc00000, 0x000000008bd00000|  0%| F|  |TAMS 0x000000008bc00000| PB 0x000000008bc00000| Untracked 
| 189|0x000000008bd00000, 0x000000008bd00000, 0x000000008be00000|  0%| F|  |TAMS 0x000000008bd00000| PB 0x000000008bd00000| Untracked 
| 190|0x000000008be00000, 0x000000008be00000, 0x000000008bf00000|  0%| F|  |TAMS 0x000000008be00000| PB 0x000000008be00000| Untracked 
| 191|0x000000008bf00000, 0x000000008bf00000, 0x000000008c000000|  0%| F|  |TAMS 0x000000008bf00000| PB 0x000000008bf00000| Untracked 
| 192|0x000000008c000000, 0x000000008c000000, 0x000000008c100000|  0%| F|  |TAMS 0x000000008c000000| PB 0x000000008c000000| Untracked 
| 193|0x000000008c100000, 0x000000008c100000, 0x000000008c200000|  0%| F|  |TAMS 0x000000008c100000| PB 0x000000008c100000| Untracked 
| 194|0x000000008c200000, 0x000000008c200000, 0x000000008c300000|  0%| F|  |TAMS 0x000000008c200000| PB 0x000000008c200000| Untracked 
| 195|0x000000008c300000, 0x000000008c300000, 0x000000008c400000|  0%| F|  |TAMS 0x000000008c300000| PB 0x000000008c300000| Untracked 
| 196|0x000000008c400000, 0x000000008c400000, 0x000000008c500000|  0%| F|  |TAMS 0x000000008c400000| PB 0x000000008c400000| Untracked 
| 197|0x000000008c500000, 0x000000008c500000, 0x000000008c600000|  0%| F|  |TAMS 0x000000008c500000| PB 0x000000008c500000| Untracked 
| 198|0x000000008c600000, 0x000000008c600000, 0x000000008c700000|  0%| F|  |TAMS 0x000000008c600000| PB 0x000000008c600000| Untracked 
| 199|0x000000008c700000, 0x000000008c700000, 0x000000008c800000|  0%| F|  |TAMS 0x000000008c700000| PB 0x000000008c700000| Untracked 
| 200|0x000000008c800000, 0x000000008c800000, 0x000000008c900000|  0%| F|  |TAMS 0x000000008c800000| PB 0x000000008c800000| Untracked 
| 201|0x000000008c900000, 0x000000008c900000, 0x000000008ca00000|  0%| F|  |TAMS 0x000000008c900000| PB 0x000000008c900000| Untracked 
| 202|0x000000008ca00000, 0x000000008ca00000, 0x000000008cb00000|  0%| F|  |TAMS 0x000000008ca00000| PB 0x000000008ca00000| Untracked 
| 203|0x000000008cb00000, 0x000000008cb00000, 0x000000008cc00000|  0%| F|  |TAMS 0x000000008cb00000| PB 0x000000008cb00000| Untracked 
| 204|0x000000008cc00000, 0x000000008cc00000, 0x000000008cd00000|  0%| F|  |TAMS 0x000000008cc00000| PB 0x000000008cc00000| Untracked 
| 205|0x000000008cd00000, 0x000000008cd00000, 0x000000008ce00000|  0%| F|  |TAMS 0x000000008cd00000| PB 0x000000008cd00000| Untracked 
| 206|0x000000008ce00000, 0x000000008ce00000, 0x000000008cf00000|  0%| F|  |TAMS 0x000000008ce00000| PB 0x000000008ce00000| Untracked 
| 207|0x000000008cf00000, 0x000000008cf00000, 0x000000008d000000|  0%| F|  |TAMS 0x000000008cf00000| PB 0x000000008cf00000| Untracked 
| 208|0x000000008d000000, 0x000000008d000000, 0x000000008d100000|  0%| F|  |TAMS 0x000000008d000000| PB 0x000000008d000000| Untracked 
| 209|0x000000008d100000, 0x000000008d100000, 0x000000008d200000|  0%| F|  |TAMS 0x000000008d100000| PB 0x000000008d100000| Untracked 
| 210|0x000000008d200000, 0x000000008d200000, 0x000000008d300000|  0%| F|  |TAMS 0x000000008d200000| PB 0x000000008d200000| Untracked 
| 211|0x000000008d300000, 0x000000008d300000, 0x000000008d400000|  0%| F|  |TAMS 0x000000008d300000| PB 0x000000008d300000| Untracked 
| 212|0x000000008d400000, 0x000000008d400000, 0x000000008d500000|  0%| F|  |TAMS 0x000000008d400000| PB 0x000000008d400000| Untracked 
| 213|0x000000008d500000, 0x000000008d500000, 0x000000008d600000|  0%| F|  |TAMS 0x000000008d500000| PB 0x000000008d500000| Untracked 
| 214|0x000000008d600000, 0x000000008d600000, 0x000000008d700000|  0%| F|  |TAMS 0x000000008d600000| PB 0x000000008d600000| Untracked 
| 215|0x000000008d700000, 0x000000008d7efa48, 0x000000008d800000| 93%| S|CS|TAMS 0x000000008d700000| PB 0x000000008d700000| Complete 
| 216|0x000000008d800000, 0x000000008d900000, 0x000000008d900000|100%| S|CS|TAMS 0x000000008d800000| PB 0x000000008d800000| Complete 
| 217|0x000000008d900000, 0x000000008da00000, 0x000000008da00000|100%| S|CS|TAMS 0x000000008d900000| PB 0x000000008d900000| Complete 
| 218|0x000000008da00000, 0x000000008db00000, 0x000000008db00000|100%| S|CS|TAMS 0x000000008da00000| PB 0x000000008da00000| Complete 
| 219|0x000000008db00000, 0x000000008db00000, 0x000000008dc00000|  0%| F|  |TAMS 0x000000008db00000| PB 0x000000008db00000| Untracked 
| 220|0x000000008dc00000, 0x000000008dc00000, 0x000000008dd00000|  0%| F|  |TAMS 0x000000008dc00000| PB 0x000000008dc00000| Untracked 
| 221|0x000000008dd00000, 0x000000008dd00000, 0x000000008de00000|  0%| F|  |TAMS 0x000000008dd00000| PB 0x000000008dd00000| Untracked 
| 222|0x000000008de00000, 0x000000008de00000, 0x000000008df00000|  0%| F|  |TAMS 0x000000008de00000| PB 0x000000008de00000| Untracked 
| 223|0x000000008df00000, 0x000000008df00000, 0x000000008e000000|  0%| F|  |TAMS 0x000000008df00000| PB 0x000000008df00000| Untracked 
| 224|0x000000008e000000, 0x000000008e000000, 0x000000008e100000|  0%| F|  |TAMS 0x000000008e000000| PB 0x000000008e000000| Untracked 
| 225|0x000000008e100000, 0x000000008e100000, 0x000000008e200000|  0%| F|  |TAMS 0x000000008e100000| PB 0x000000008e100000| Untracked 
| 226|0x000000008e200000, 0x000000008e200000, 0x000000008e300000|  0%| F|  |TAMS 0x000000008e200000| PB 0x000000008e200000| Untracked 
| 227|0x000000008e300000, 0x000000008e300000, 0x000000008e400000|  0%| F|  |TAMS 0x000000008e300000| PB 0x000000008e300000| Untracked 
| 228|0x000000008e400000, 0x000000008e400000, 0x000000008e500000|  0%| F|  |TAMS 0x000000008e400000| PB 0x000000008e400000| Untracked 
| 229|0x000000008e500000, 0x000000008e500000, 0x000000008e600000|  0%| F|  |TAMS 0x000000008e500000| PB 0x000000008e500000| Untracked 
| 230|0x000000008e600000, 0x000000008e600000, 0x000000008e700000|  0%| F|  |TAMS 0x000000008e600000| PB 0x000000008e600000| Untracked 
| 231|0x000000008e700000, 0x000000008e700000, 0x000000008e800000|  0%| F|  |TAMS 0x000000008e700000| PB 0x000000008e700000| Untracked 
| 232|0x000000008e800000, 0x000000008e800000, 0x000000008e900000|  0%| F|  |TAMS 0x000000008e800000| PB 0x000000008e800000| Untracked 
| 233|0x000000008e900000, 0x000000008e900000, 0x000000008ea00000|  0%| F|  |TAMS 0x000000008e900000| PB 0x000000008e900000| Untracked 
| 234|0x000000008ea00000, 0x000000008ea00000, 0x000000008eb00000|  0%| F|  |TAMS 0x000000008ea00000| PB 0x000000008ea00000| Untracked 
| 235|0x000000008eb00000, 0x000000008eb78108, 0x000000008ec00000| 46%| E|  |TAMS 0x000000008eb00000| PB 0x000000008eb00000| Complete 
| 236|0x000000008ec00000, 0x000000008ed00000, 0x000000008ed00000|100%| E|CS|TAMS 0x000000008ec00000| PB 0x000000008ec00000| Complete 
| 237|0x000000008ed00000, 0x000000008ee00000, 0x000000008ee00000|100%| E|CS|TAMS 0x000000008ed00000| PB 0x000000008ed00000| Complete 
| 238|0x000000008ee00000, 0x000000008ef00000, 0x000000008ef00000|100%| E|CS|TAMS 0x000000008ee00000| PB 0x000000008ee00000| Complete 
| 239|0x000000008ef00000, 0x000000008f000000, 0x000000008f000000|100%| E|CS|TAMS 0x000000008ef00000| PB 0x000000008ef00000| Complete 
| 240|0x000000008f000000, 0x000000008f100000, 0x000000008f100000|100%| E|CS|TAMS 0x000000008f000000| PB 0x000000008f000000| Complete 
| 241|0x000000008f100000, 0x000000008f200000, 0x000000008f200000|100%| E|CS|TAMS 0x000000008f100000| PB 0x000000008f100000| Complete 
| 242|0x000000008f200000, 0x000000008f300000, 0x000000008f300000|100%| E|CS|TAMS 0x000000008f200000| PB 0x000000008f200000| Complete 
| 243|0x000000008f300000, 0x000000008f400000, 0x000000008f400000|100%| E|CS|TAMS 0x000000008f300000| PB 0x000000008f300000| Complete 
| 244|0x000000008f400000, 0x000000008f500000, 0x000000008f500000|100%| E|  |TAMS 0x000000008f400000| PB 0x000000008f400000| Complete 
| 245|0x000000008f500000, 0x000000008f600000, 0x000000008f600000|100%| E|CS|TAMS 0x000000008f500000| PB 0x000000008f500000| Complete 
| 246|0x000000008f600000, 0x000000008f700000, 0x000000008f700000|100%| E|CS|TAMS 0x000000008f600000| PB 0x000000008f600000| Complete 
| 247|0x000000008f700000, 0x000000008f800000, 0x000000008f800000|100%| E|CS|TAMS 0x000000008f700000| PB 0x000000008f700000| Complete 
| 248|0x000000008f800000, 0x000000008f900000, 0x000000008f900000|100%| E|CS|TAMS 0x000000008f800000| PB 0x000000008f800000| Complete 
| 249|0x000000008f900000, 0x000000008fa00000, 0x000000008fa00000|100%| E|CS|TAMS 0x000000008f900000| PB 0x000000008f900000| Complete 
| 250|0x000000008fa00000, 0x000000008fb00000, 0x000000008fb00000|100%| E|CS|TAMS 0x000000008fa00000| PB 0x000000008fa00000| Complete 
| 251|0x000000008fb00000, 0x000000008fc00000, 0x000000008fc00000|100%| E|CS|TAMS 0x000000008fb00000| PB 0x000000008fb00000| Complete 
| 252|0x000000008fc00000, 0x000000008fd00000, 0x000000008fd00000|100%| E|CS|TAMS 0x000000008fc00000| PB 0x000000008fc00000| Complete 
| 253|0x000000008fd00000, 0x000000008fe00000, 0x000000008fe00000|100%| E|CS|TAMS 0x000000008fd00000| PB 0x000000008fd00000| Complete 
| 254|0x000000008fe00000, 0x000000008ff00000, 0x000000008ff00000|100%| E|CS|TAMS 0x000000008fe00000| PB 0x000000008fe00000| Complete 
| 255|0x000000008ff00000, 0x0000000090000000, 0x0000000090000000|100%| E|CS|TAMS 0x000000008ff00000| PB 0x000000008ff00000| Complete 
| 256|0x0000000090000000, 0x0000000090100000, 0x0000000090100000|100%| E|CS|TAMS 0x0000000090000000| PB 0x0000000090000000| Complete 
| 257|0x0000000090100000, 0x0000000090200000, 0x0000000090200000|100%| E|CS|TAMS 0x0000000090100000| PB 0x0000000090100000| Complete 
| 258|0x0000000090200000, 0x0000000090300000, 0x0000000090300000|100%| E|CS|TAMS 0x0000000090200000| PB 0x0000000090200000| Complete 
| 259|0x0000000090300000, 0x0000000090400000, 0x0000000090400000|100%| E|CS|TAMS 0x0000000090300000| PB 0x0000000090300000| Complete 
| 260|0x0000000090400000, 0x0000000090500000, 0x0000000090500000|100%| E|CS|TAMS 0x0000000090400000| PB 0x0000000090400000| Complete 
| 261|0x0000000090500000, 0x0000000090600000, 0x0000000090600000|100%| E|CS|TAMS 0x0000000090500000| PB 0x0000000090500000| Complete 
| 262|0x0000000090600000, 0x0000000090700000, 0x0000000090700000|100%| E|CS|TAMS 0x0000000090600000| PB 0x0000000090600000| Complete 
| 263|0x0000000090700000, 0x0000000090800000, 0x0000000090800000|100%| E|CS|TAMS 0x0000000090700000| PB 0x0000000090700000| Complete 
| 264|0x0000000090800000, 0x0000000090900000, 0x0000000090900000|100%| E|CS|TAMS 0x0000000090800000| PB 0x0000000090800000| Complete 
| 265|0x0000000090900000, 0x0000000090a00000, 0x0000000090a00000|100%| E|CS|TAMS 0x0000000090900000| PB 0x0000000090900000| Complete 
| 266|0x0000000090a00000, 0x0000000090b00000, 0x0000000090b00000|100%| E|CS|TAMS 0x0000000090a00000| PB 0x0000000090a00000| Complete 
| 267|0x0000000090b00000, 0x0000000090c00000, 0x0000000090c00000|100%| E|CS|TAMS 0x0000000090b00000| PB 0x0000000090b00000| Complete 
| 317|0x0000000093d00000, 0x0000000093e00000, 0x0000000093e00000|100%| E|CS|TAMS 0x0000000093d00000| PB 0x0000000093d00000| Complete 
|2025|0x00000000fe900000, 0x00000000fea00000, 0x00000000fea00000|100%| E|CS|TAMS 0x00000000fe900000| PB 0x00000000fe900000| Complete 
|2026|0x00000000fea00000, 0x00000000feb00000, 0x00000000feb00000|100%| E|CS|TAMS 0x00000000fea00000| PB 0x00000000fea00000| Complete 
|2027|0x00000000feb00000, 0x00000000fec00000, 0x00000000fec00000|100%| E|CS|TAMS 0x00000000feb00000| PB 0x00000000feb00000| Complete 
|2028|0x00000000fec00000, 0x00000000fed00000, 0x00000000fed00000|100%| E|CS|TAMS 0x00000000fec00000| PB 0x00000000fec00000| Complete 
|2029|0x00000000fed00000, 0x00000000fee00000, 0x00000000fee00000|100%| E|CS|TAMS 0x00000000fed00000| PB 0x00000000fed00000| Complete 
|2030|0x00000000fee00000, 0x00000000fef00000, 0x00000000fef00000|100%| E|CS|TAMS 0x00000000fee00000| PB 0x00000000fee00000| Complete 
|2031|0x00000000fef00000, 0x00000000ff000000, 0x00000000ff000000|100%| E|CS|TAMS 0x00000000fef00000| PB 0x00000000fef00000| Complete 
|2032|0x00000000ff000000, 0x00000000ff100000, 0x00000000ff100000|100%| E|CS|TAMS 0x00000000ff000000| PB 0x00000000ff000000| Complete 
|2033|0x00000000ff100000, 0x00000000ff200000, 0x00000000ff200000|100%| E|CS|TAMS 0x00000000ff100000| PB 0x00000000ff100000| Complete 
|2034|0x00000000ff200000, 0x00000000ff300000, 0x00000000ff300000|100%| E|CS|TAMS 0x00000000ff200000| PB 0x00000000ff200000| Complete 
|2035|0x00000000ff300000, 0x00000000ff400000, 0x00000000ff400000|100%| E|CS|TAMS 0x00000000ff300000| PB 0x00000000ff300000| Complete 
|2036|0x00000000ff400000, 0x00000000ff500000, 0x00000000ff500000|100%| O|Cm|TAMS 0x00000000ff400000| PB 0x00000000ff400000| Complete 
|2037|0x00000000ff500000, 0x00000000ff600000, 0x00000000ff600000|100%| O|Cm|TAMS 0x00000000ff500000| PB 0x00000000ff500000| Complete 
|2038|0x00000000ff600000, 0x00000000ff700000, 0x00000000ff700000|100%| O|  |TAMS 0x00000000ff600000| PB 0x00000000ff600000| Untracked 
|2039|0x00000000ff700000, 0x00000000ff800000, 0x00000000ff800000|100%| E|CS|TAMS 0x00000000ff700000| PB 0x00000000ff700000| Complete 
|2040|0x00000000ff800000, 0x00000000ff900000, 0x00000000ff900000|100%| O|  |TAMS 0x00000000ff800000| PB 0x00000000ff800000| Untracked 
|2041|0x00000000ff900000, 0x00000000ffa00000, 0x00000000ffa00000|100%| O|  |TAMS 0x00000000ff900000| PB 0x00000000ff900000| Untracked 
|2042|0x00000000ffa00000, 0x00000000ffb00000, 0x00000000ffb00000|100%| O|  |TAMS 0x00000000ffa00000| PB 0x00000000ffa00000| Untracked 
|2043|0x00000000ffb00000, 0x00000000ffc00000, 0x00000000ffc00000|100%| O|  |TAMS 0x00000000ffb00000| PB 0x00000000ffb00000| Untracked 
|2044|0x00000000ffc00000, 0x00000000ffd00000, 0x00000000ffd00000|100%| O|  |TAMS 0x00000000ffc00000| PB 0x00000000ffc00000| Untracked 
|2045|0x00000000ffd00000, 0x00000000ffe00000, 0x00000000ffe00000|100%| O|  |TAMS 0x00000000ffd00000| PB 0x00000000ffd00000| Untracked 
|2046|0x00000000ffe00000, 0x00000000fff00000, 0x00000000fff00000|100%| O|  |TAMS 0x00000000ffe00000| PB 0x00000000ffe00000| Untracked 
|2047|0x00000000fff00000, 0x0000000100000000, 0x0000000100000000|100%| O|  |TAMS 0x00000000fff00000| PB 0x00000000fff00000| Untracked 

Card table byte_map: [0x000001bfa0590000,0x000001bfa0990000] _byte_map_base: 0x000001bfa0190000

Marking Bits: (CMBitMap*) 0x000001bf8db37f90
 Bits: [0x000001bfa0990000, 0x000001bfa2990000)

Polling page: 0x000001bf8b920000

Metaspace:

Usage:
  Non-class:    129.52 MB used.
      Class:     21.88 MB used.
       Both:    151.40 MB used.

Virtual space:
  Non-class space:      192.00 MB reserved,     130.75 MB ( 68%) committed,  3 nodes.
      Class space:        1.00 GB reserved,      23.06 MB (  2%) committed,  1 nodes.
             Both:        1.19 GB reserved,     153.81 MB ( 13%) committed. 

Chunk freelists:
   Non-Class:  13.26 MB
       Class:  8.88 MB
        Both:  22.14 MB

MaxMetaspaceSize: unlimited
CompressedClassSpaceSize: 1.00 GB
Initial GC threshold: 21.00 MB
Current GC threshold: 247.44 MB
CDS: off
 - commit_granule_bytes: 65536.
 - commit_granule_words: 8192.
 - virtual_space_node_default_size: 8388608.
 - enlarge_chunks_in_place: 1.
 - use_allocation_guard: 0.


Internal statistics:

num_allocs_failed_limit: 9.
num_arena_births: 4954.
num_arena_deaths: 2.
num_vsnodes_births: 4.
num_vsnodes_deaths: 0.
num_space_committed: 2462.
num_space_uncommitted: 1.
num_chunks_returned_to_freelist: 30.
num_chunks_taken_from_freelist: 11582.
num_chunk_merges: 10.
num_chunk_splits: 7697.
num_chunks_enlarged: 4990.
num_inconsistent_stats: 0.

CodeHeap 'non-profiled nmethods': size=120000Kb used=10818Kb max_used=11042Kb free=109181Kb
 bounds [0x000001bf98710000, 0x000001bf991e0000, 0x000001bf9fc40000]
CodeHeap 'profiled nmethods': size=120000Kb used=30074Kb max_used=30074Kb free=89926Kb
 bounds [0x000001bf90c40000, 0x000001bf929a0000, 0x000001bf98170000]
CodeHeap 'non-nmethods': size=5760Kb used=2105Kb max_used=2162Kb free=3655Kb
 bounds [0x000001bf98170000, 0x000001bf983e0000, 0x000001bf98710000]
CodeCache: size=245760Kb, used=42997Kb, max_used=43278Kb, free=202762Kb
 total_blobs=17299, nmethods=16326, adapters=876, full_count=0
Compilation: enabled, stopped_count=0, restarted_count=0

Compilation events (20 events):
Event: 25.141 Thread 0x000001bfb6c3ea90 nmethod 19877 0x000001bf9890dd90 code [0x000001bf9890df60, 0x000001bf9890e2a8]
Event: 25.141 Thread 0x000001bfb6c3ea90 19637       4       com.android.tools.r8.graph.ac$$Lambda/0x00000001016e8258::applyAsInt (12 bytes)
Event: 25.141 Thread 0x000001bfa576ff70 nmethod 19865 0x000001bf9890da10 code [0x000001bf9890dba0, 0x000001bf9890dc88]
Event: 25.141 Thread 0x000001bfa576ff70 19971       4       java.nio.HeapByteBuffer::putShort (31 bytes)
Event: 25.143 Thread 0x000001bfa576ff70 nmethod 19971 0x000001bf9890d590 code [0x000001bf9890d720, 0x000001bf9890d858]
Event: 25.143 Thread 0x000001bfa576ff70 19545       4       com.android.tools.r8.internal.gf3::next (26 bytes)
Event: 25.144 Thread 0x000001bfb6c3ea90 nmethod 19637 0x000001bf9890cd90 code [0x000001bf9890cf60, 0x000001bf9890d2b8]
Event: 25.144 Thread 0x000001bfb6c3ea90 19731       4       com.android.tools.r8.internal.hf3::next (13 bytes)
Event: 25.146 Thread 0x000001bfb6c3ea90 nmethod 19731 0x000001bf9890c790 code [0x000001bf9890c940, 0x000001bf9890cb80]
Event: 25.146 Thread 0x000001bfb6c3ea90 19735       4       com.android.tools.r8.graph.f3::M0 (52 bytes)
Event: 25.146 Thread 0x000001bfa57a0920 19978   !   2       java.util.zip.Deflater::needsInput (55 bytes)
Event: 25.146 Thread 0x000001bfa57a0920 nmethod 19978 0x000001bf92988c10 code [0x000001bf92988dc0, 0x000001bf92989008]
Event: 25.146 Thread 0x000001bfb6c3ea90 nmethod 19735 0x000001bf9890c410 code [0x000001bf9890c5a0, 0x000001bf9890c6a0]
Event: 25.146 Thread 0x000001bfa576ff70 nmethod 19545 0x000001bf9890bc10 code [0x000001bf9890bdc0, 0x000001bf9890c1c0]
Event: 25.146 Thread 0x000001bfb6c3ea90 19568       4       com.android.tools.r8.internal.d81::a (27 bytes)
Event: 25.146 Thread 0x000001bfa576ff70 19475       4       com.android.tools.r8.internal.nf3::b (174 bytes)
Event: 25.250 Thread 0x000001bfa57a0920 19979       2       java.util.HashMap$ValueSpliterator::characteristics (28 bytes)
Event: 25.251 Thread 0x000001bfa57a0920 nmethod 19979 0x000001bf92989110 code [0x000001bf929892c0, 0x000001bf92989418]
Event: 25.251 Thread 0x000001bfa57a0920 19980       2       javax.management.ObjectName::getInstance (9 bytes)
Event: 25.251 Thread 0x000001bfa57a0920 nmethod 19980 0x000001bf92989510 code [0x000001bf929896c0, 0x000001bf92989828]

GC Heap History (20 events):
Event: 16.400 GC heap before
{Heap before GC invocations=44 (full 0):
 garbage-first heap   total 184320K, used 172089K [0x0000000080000000, 0x0000000100000000)
  region size 1024K, 63 young (64512K), 5 survivors (5120K)
 Metaspace       used 118663K, committed 121024K, reserved 1179648K
  class space    used 16835K, committed 17984K, reserved 1048576K
}
Event: 16.412 GC heap after
{Heap after GC invocations=45 (full 0):
 garbage-first heap   total 197632K, used 129024K [0x0000000080000000, 0x0000000100000000)
  region size 1024K, 8 young (8192K), 8 survivors (8192K)
 Metaspace       used 118663K, committed 121024K, reserved 1179648K
  class space    used 16835K, committed 17984K, reserved 1048576K
}
Event: 16.766 GC heap before
{Heap before GC invocations=45 (full 0):
 garbage-first heap   total 197632K, used 148480K [0x0000000080000000, 0x0000000100000000)
  region size 1024K, 29 young (29696K), 8 survivors (8192K)
 Metaspace       used 118876K, committed 121280K, reserved 1179648K
  class space    used 16847K, committed 17984K, reserved 1048576K
}
Event: 16.774 GC heap after
{Heap after GC invocations=46 (full 0):
 garbage-first heap   total 197632K, used 139162K [0x0000000080000000, 0x0000000100000000)
  region size 1024K, 7 young (7168K), 7 survivors (7168K)
 Metaspace       used 118876K, committed 121280K, reserved 1179648K
  class space    used 16847K, committed 17984K, reserved 1048576K
}
Event: 17.170 GC heap before
{Heap before GC invocations=47 (full 0):
 garbage-first heap   total 258048K, used 186266K [0x0000000080000000, 0x0000000100000000)
  region size 1024K, 39 young (39936K), 7 survivors (7168K)
 Metaspace       used 121308K, committed 123712K, reserved 1179648K
  class space    used 17123K, committed 18304K, reserved 1048576K
}
Event: 17.174 GC heap after
{Heap after GC invocations=48 (full 0):
 garbage-first heap   total 258048K, used 141230K [0x0000000080000000, 0x0000000100000000)
  region size 1024K, 2 young (2048K), 2 survivors (2048K)
 Metaspace       used 121308K, committed 123712K, reserved 1179648K
  class space    used 17123K, committed 18304K, reserved 1048576K
}
Event: 18.537 GC heap before
{Heap before GC invocations=48 (full 0):
 garbage-first heap   total 258048K, used 235438K [0x0000000080000000, 0x0000000100000000)
  region size 1024K, 89 young (91136K), 2 survivors (2048K)
 Metaspace       used 129916K, committed 132352K, reserved 1179648K
  class space    used 18247K, committed 19456K, reserved 1048576K
}
Event: 18.547 GC heap after
{Heap after GC invocations=49 (full 0):
 garbage-first heap   total 258048K, used 158867K [0x0000000080000000, 0x0000000100000000)
  region size 1024K, 12 young (12288K), 12 survivors (12288K)
 Metaspace       used 129916K, committed 132352K, reserved 1179648K
  class space    used 18247K, committed 19456K, reserved 1048576K
}
Event: 19.317 GC heap before
{Heap before GC invocations=49 (full 0):
 garbage-first heap   total 258048K, used 222355K [0x0000000080000000, 0x0000000100000000)
  region size 1024K, 75 young (76800K), 12 survivors (12288K)
 Metaspace       used 131816K, committed 134208K, reserved 1179648K
  class space    used 18471K, committed 19648K, reserved 1048576K
}
Event: 19.326 GC heap after
{Heap after GC invocations=50 (full 0):
 garbage-first heap   total 258048K, used 161792K [0x0000000080000000, 0x0000000100000000)
  region size 1024K, 7 young (7168K), 7 survivors (7168K)
 Metaspace       used 131816K, committed 134208K, reserved 1179648K
  class space    used 18471K, committed 19648K, reserved 1048576K
}
Event: 19.752 GC heap before
{Heap before GC invocations=51 (full 0):
 garbage-first heap   total 270336K, used 226304K [0x0000000080000000, 0x0000000100000000)
  region size 1024K, 71 young (72704K), 7 survivors (7168K)
 Metaspace       used 132518K, committed 134912K, reserved 1179648K
  class space    used 18553K, committed 19712K, reserved 1048576K
}
Event: 19.757 GC heap after
{Heap after GC invocations=52 (full 0):
 garbage-first heap   total 270336K, used 167066K [0x0000000080000000, 0x0000000100000000)
  region size 1024K, 5 young (5120K), 5 survivors (5120K)
 Metaspace       used 132518K, committed 134912K, reserved 1179648K
  class space    used 18553K, committed 19712K, reserved 1048576K
}
Event: 23.042 GC heap before
{Heap before GC invocations=52 (full 0):
 garbage-first heap   total 270336K, used 240794K [0x0000000080000000, 0x0000000100000000)
  region size 1024K, 76 young (77824K), 5 survivors (5120K)
 Metaspace       used 134535K, committed 137024K, reserved 1179648K
  class space    used 18808K, committed 20032K, reserved 1048576K
}
Event: 23.047 GC heap after
{Heap after GC invocations=53 (full 0):
 garbage-first heap   total 270336K, used 165566K [0x0000000080000000, 0x0000000100000000)
  region size 1024K, 10 young (10240K), 10 survivors (10240K)
 Metaspace       used 134535K, committed 137024K, reserved 1179648K
  class space    used 18808K, committed 20032K, reserved 1048576K
}
Event: 23.793 GC heap before
{Heap before GC invocations=53 (full 0):
 garbage-first heap   total 270336K, used 241342K [0x0000000080000000, 0x0000000100000000)
  region size 1024K, 85 young (87040K), 10 survivors (10240K)
 Metaspace       used 141203K, committed 143680K, reserved 1179648K
  class space    used 19964K, committed 21184K, reserved 1048576K
}
Event: 23.801 GC heap after
{Heap after GC invocations=54 (full 0):
 garbage-first heap   total 270336K, used 178107K [0x0000000080000000, 0x0000000100000000)
  region size 1024K, 11 young (11264K), 11 survivors (11264K)
 Metaspace       used 141203K, committed 143680K, reserved 1179648K
  class space    used 19964K, committed 21184K, reserved 1048576K
}
Event: 24.404 GC heap before
{Heap before GC invocations=54 (full 0):
 garbage-first heap   total 270336K, used 242619K [0x0000000080000000, 0x0000000100000000)
  region size 1024K, 75 young (76800K), 11 survivors (11264K)
 Metaspace       used 149050K, committed 151552K, reserved 1179648K
  class space    used 21399K, committed 22656K, reserved 1048576K
}
Event: 24.415 GC heap after
{Heap after GC invocations=55 (full 0):
 garbage-first heap   total 270336K, used 183700K [0x0000000080000000, 0x0000000100000000)
  region size 1024K, 5 young (5120K), 5 survivors (5120K)
 Metaspace       used 149050K, committed 151552K, reserved 1179648K
  class space    used 21399K, committed 22656K, reserved 1048576K
}
Event: 24.882 GC heap before
{Heap before GC invocations=56 (full 0):
 garbage-first heap   total 299008K, used 241044K [0x0000000080000000, 0x0000000100000000)
  region size 1024K, 67 young (68608K), 5 survivors (5120K)
 Metaspace       used 152703K, committed 155264K, reserved 1245184K
  class space    used 21999K, committed 23232K, reserved 1048576K
}
Event: 24.886 GC heap after
{Heap after GC invocations=57 (full 0):
 garbage-first heap   total 299008K, used 178110K [0x0000000080000000, 0x0000000100000000)
  region size 1024K, 4 young (4096K), 4 survivors (4096K)
 Metaspace       used 152703K, committed 155264K, reserved 1245184K
  class space    used 21999K, committed 23232K, reserved 1048576K
}

Dll operation events (3 events):
Event: 0.027 Loaded shared library C:\Program Files\Android\Android Studio\jbr\bin\java.dll
Event: 0.032 Loaded shared library C:\Program Files\Android\Android Studio\jbr\bin\zip.dll
Event: 0.508 Loaded shared library C:\Program Files\Android\Android Studio\jbr\bin\verify.dll

Deoptimization events (20 events):
Event: 25.073 Thread 0x000001bfab18e8f0 DEOPT PACKING pc=0x000001bf98ddccdc sp=0x000000a9760fc820
Event: 25.073 Thread 0x000001bfab18e8f0 DEOPT UNPACKING pc=0x000001bf981c43a2 sp=0x000000a9760fc7d8 mode 2
Event: 25.074 Thread 0x000001bfab187ff0 Uncommon trap: trap_request=0xffffffde fr.pc=0x000001bf9919c8c0 relative=0x00000000000000a0
Event: 25.074 Thread 0x000001bfab18ade0 Uncommon trap: trap_request=0xffffffde fr.pc=0x000001bf9919c8c0 relative=0x00000000000000a0
Event: 25.074 Thread 0x000001bfb1a70160 Uncommon trap: trap_request=0xffffffde fr.pc=0x000001bf9919c8c0 relative=0x00000000000000a0
Event: 25.074 Thread 0x000001bfab187ff0 Uncommon trap: reason=class_check action=maybe_recompile pc=0x000001bf9919c8c0 method=com.android.tools.r8.internal.ev2.c(Lcom/android/tools/r8/internal/ev2;)Z @ 2 c2
Event: 25.074 Thread 0x000001bfb1a70160 Uncommon trap: reason=class_check action=maybe_recompile pc=0x000001bf9919c8c0 method=com.android.tools.r8.internal.ev2.c(Lcom/android/tools/r8/internal/ev2;)Z @ 2 c2
Event: 25.074 Thread 0x000001bfab18ade0 Uncommon trap: reason=class_check action=maybe_recompile pc=0x000001bf9919c8c0 method=com.android.tools.r8.internal.ev2.c(Lcom/android/tools/r8/internal/ev2;)Z @ 2 c2
Event: 25.074 Thread 0x000001bfab187ff0 DEOPT PACKING pc=0x000001bf9919c8c0 sp=0x000000a975dfcf70
Event: 25.074 Thread 0x000001bfb1a70160 DEOPT PACKING pc=0x000001bf9919c8c0 sp=0x000000a975efceb0
Event: 25.074 Thread 0x000001bfab18ade0 DEOPT PACKING pc=0x000001bf9919c8c0 sp=0x000000a9765fd000
Event: 25.074 Thread 0x000001bfab187ff0 DEOPT UNPACKING pc=0x000001bf981c43a2 sp=0x000000a975dfcf08 mode 2
Event: 25.074 Thread 0x000001bfab18ade0 DEOPT UNPACKING pc=0x000001bf981c43a2 sp=0x000000a9765fcf98 mode 2
Event: 25.074 Thread 0x000001bfb1a70160 DEOPT UNPACKING pc=0x000001bf981c43a2 sp=0x000000a975efce48 mode 2
Event: 25.074 Thread 0x000001bfad17dd40 Uncommon trap: trap_request=0xffffffde fr.pc=0x000001bf9919c8c0 relative=0x00000000000000a0
Event: 25.074 Thread 0x000001bfad17dd40 Uncommon trap: reason=class_check action=maybe_recompile pc=0x000001bf9919c8c0 method=com.android.tools.r8.internal.ev2.c(Lcom/android/tools/r8/internal/ev2;)Z @ 2 c2
Event: 25.074 Thread 0x000001bfad17dd40 DEOPT PACKING pc=0x000001bf9919c8c0 sp=0x000000a975cfcab0
Event: 25.074 Thread 0x000001bfad17dd40 DEOPT UNPACKING pc=0x000001bf981c43a2 sp=0x000000a975cfca48 mode 2
Event: 25.079 Thread 0x000001bfab18d540 DEOPT PACKING pc=0x000001bf92941738 sp=0x000000a976bfce40
Event: 25.079 Thread 0x000001bfab18d540 DEOPT UNPACKING pc=0x000001bf981c4b42 sp=0x000000a976bfc358 mode 0

Classes loaded (20 events):
Event: 24.424 Loading class java/util/IdentityHashMap$EntrySpliterator
Event: 24.424 Loading class java/util/IdentityHashMap$IdentityHashMapSpliterator
Event: 24.425 Loading class java/util/IdentityHashMap$IdentityHashMapSpliterator done
Event: 24.425 Loading class java/util/IdentityHashMap$EntrySpliterator done
Event: 24.483 Loading class java/util/SortedSet$1
Event: 24.483 Loading class java/util/SortedSet$1 done
Event: 25.040 Loading class java/nio/ShortBuffer
Event: 25.040 Loading class java/nio/ShortBuffer done
Event: 25.063 Loading class java/nio/ByteBufferAsShortBufferL
Event: 25.063 Loading class java/nio/ByteBufferAsShortBufferL done
Event: 25.074 Loading class java/util/zip/Adler32
Event: 25.075 Loading class java/util/zip/Adler32 done
Event: 25.084 Loading class java/util/zip/Deflater
Event: 25.084 Loading class java/util/zip/Deflater done
Event: 25.085 Loading class java/util/zip/Deflater$DeflaterZStreamRef
Event: 25.085 Loading class java/util/zip/Deflater$DeflaterZStreamRef done
Event: 25.088 Loading class java/util/zip/ZipOutputStream$XEntry
Event: 25.088 Loading class java/util/zip/ZipOutputStream$XEntry done
Event: 25.095 Loading class java/util/Vector$Itr
Event: 25.095 Loading class java/util/Vector$Itr done

Classes unloaded (20 events):
Event: 24.504 Thread 0x000001bfa562ea40 Unloading class 0x00000001012d3478 'jdk/internal/jimage/ImageHeader'
Event: 24.504 Thread 0x000001bfa562ea40 Unloading class 0x00000001012d3210 'jdk/internal/jimage/BasicImageReader$2'
Event: 24.504 Thread 0x000001bfa562ea40 Unloading class 0x00000001012d2fa8 'jdk/internal/jimage/BasicImageReader$1'
Event: 24.504 Thread 0x000001bfa562ea40 Unloading class 0x00000001012d2d08 'jdk/internal/jimage/ImageReader$Resource'
Event: 24.504 Thread 0x000001bfa562ea40 Unloading class 0x00000001012d2a68 'jdk/internal/jimage/ImageReader$LinkNode'
Event: 24.504 Thread 0x000001bfa562ea40 Unloading class 0x00000001012d27c8 'jdk/internal/jimage/ImageReader$Directory'
Event: 24.504 Thread 0x000001bfa562ea40 Unloading class 0x00000001012d2528 'jdk/internal/jimage/ImageReader$Node'
Event: 24.504 Thread 0x000001bfa562ea40 Unloading class 0x00000001012d22f8 'jdk/internal/jimage/ImageStrings'
Event: 24.504 Thread 0x000001bfa562ea40 Unloading class 0x00000001012d2000 'jdk/internal/jimage/ImageReader$SharedImageReader'
Event: 24.504 Thread 0x000001bfa562ea40 Unloading class 0x00000001012d1be0 'jdk/internal/jimage/BasicImageReader'
Event: 24.504 Thread 0x000001bfa562ea40 Unloading class 0x00000001012d1988 'jdk/internal/jimage/ImageReader'
Event: 24.504 Thread 0x000001bfa562ea40 Unloading class 0x00000001012d1728 'jdk/internal/jrtfs/SystemImage$2'
Event: 24.504 Thread 0x000001bfa562ea40 Unloading class 0x00000001012d14d8 'jdk/internal/jrtfs/SystemImage$$Lambda+0x00000001012d14d8'
Event: 24.504 Thread 0x000001bfa562ea40 Unloading class 0x00000001012d1270 'jdk/internal/jrtfs/ExplodedImage'
Event: 24.504 Thread 0x000001bfa562ea40 Unloading class 0x00000001012d1000 'jdk/internal/jrtfs/SystemImage$1'
Event: 24.504 Thread 0x000001bfa562ea40 Unloading class 0x00000001012d0ca0 'jdk/internal/jrtfs/SystemImage'
Event: 24.504 Thread 0x000001bfa562ea40 Unloading class 0x00000001012d0a08 'jdk/internal/jrtfs/JrtFileStore'
Event: 24.504 Thread 0x000001bfa562ea40 Unloading class 0x00000001012d0658 'jdk/internal/jrtfs/JrtPath'
Event: 24.504 Thread 0x000001bfa562ea40 Unloading class 0x00000001012d0328 'jdk/internal/jrtfs/JrtFileSystem'
Event: 24.504 Thread 0x000001bfa562ea40 Unloading class 0x00000001012d0000 'jdk/internal/jrtfs/JrtFileSystemProvider'

Classes redefined (0 events):
No events

Internal exceptions (20 events):
Event: 25.085 Thread 0x000001bfab18e8f0 Exception <a 'sun/nio/fs/WindowsException'{0x000000008f7ee670}> (0x000000008f7ee670) 
thrown [s\src\hotspot\share\prims\jni.cpp, line 537]
Event: 25.086 Thread 0x000001bfab18bb00 Exception <a 'sun/nio/fs/WindowsException'{0x000000008f652a08}> (0x000000008f652a08) 
thrown [s\src\hotspot\share\prims\jni.cpp, line 537]
Event: 25.088 Thread 0x000001bfab18bb00 Exception <a 'sun/nio/fs/WindowsException'{0x000000008f659688}> (0x000000008f659688) 
thrown [s\src\hotspot\share\prims\jni.cpp, line 537]
Event: 25.090 Thread 0x000001bfab18bb00 Exception <a 'sun/nio/fs/WindowsException'{0x000000008f6acf80}> (0x000000008f6acf80) 
thrown [s\src\hotspot\share\prims\jni.cpp, line 537]
Event: 25.091 Thread 0x000001bfab18bb00 Exception <a 'sun/nio/fs/WindowsException'{0x000000008f6f0728}> (0x000000008f6f0728) 
thrown [s\src\hotspot\share\prims\jni.cpp, line 537]
Event: 25.092 Thread 0x000001bfab18e8f0 Exception <a 'sun/nio/fs/WindowsException'{0x000000008f580880}> (0x000000008f580880) 
thrown [s\src\hotspot\share\prims\jni.cpp, line 537]
Event: 25.092 Thread 0x000001bfab187ff0 Exception <a 'sun/nio/fs/WindowsException'{0x000000008faf6f18}> (0x000000008faf6f18) 
thrown [s\src\hotspot\share\prims\jni.cpp, line 537]
Event: 25.092 Thread 0x000001bfab18bb00 Exception <a 'sun/nio/fs/WindowsException'{0x000000008f5f6a60}> (0x000000008f5f6a60) 
thrown [s\src\hotspot\share\prims\jni.cpp, line 537]
Event: 25.092 Thread 0x000001bfab18bb00 Exception <a 'sun/nio/fs/WindowsException'{0x000000008f5fe558}> (0x000000008f5fe558) 
thrown [s\src\hotspot\share\prims\jni.cpp, line 537]
Event: 25.092 Thread 0x000001bfad17dd40 Exception <a 'sun/nio/fs/WindowsException'{0x000000008fa6a380}> (0x000000008fa6a380) 
thrown [s\src\hotspot\share\prims\jni.cpp, line 537]
Event: 25.093 Thread 0x000001bfab18bb00 Exception <a 'sun/nio/fs/WindowsException'{0x000000008f40d170}> (0x000000008f40d170) 
thrown [s\src\hotspot\share\prims\jni.cpp, line 537]
Event: 25.093 Thread 0x000001bfab18bb00 Exception <a 'sun/nio/fs/WindowsException'{0x000000008f453108}> (0x000000008f453108) 
thrown [s\src\hotspot\share\prims\jni.cpp, line 537]
Event: 25.093 Thread 0x000001bfab18bb00 Exception <a 'sun/nio/fs/WindowsException'{0x000000008f458b70}> (0x000000008f458b70) 
thrown [s\src\hotspot\share\prims\jni.cpp, line 537]
Event: 25.094 Thread 0x000001bfab18bb00 Exception <a 'sun/nio/fs/WindowsException'{0x000000008f45f0d8}> (0x000000008f45f0d8) 
thrown [s\src\hotspot\share\prims\jni.cpp, line 537]
Event: 25.094 Thread 0x000001bfab18c820 Exception <a 'sun/nio/fs/WindowsException'{0x000000008f9acfd8}> (0x000000008f9acfd8) 
thrown [s\src\hotspot\share\prims\jni.cpp, line 537]
Event: 25.095 Thread 0x000001bfab18e8f0 Exception <a 'sun/nio/fs/WindowsException'{0x000000008f587a80}> (0x000000008f587a80) 
thrown [s\src\hotspot\share\prims\jni.cpp, line 537]
Event: 25.095 Thread 0x000001bfab189a30 Exception <a 'sun/nio/fs/WindowsException'{0x000000008f4c8d08}> (0x000000008f4c8d08) 
thrown [s\src\hotspot\share\prims\jni.cpp, line 537]
Event: 25.095 Thread 0x000001bfab187ff0 Exception <a 'sun/nio/fs/WindowsException'{0x000000008fafd250}> (0x000000008fafd250) 
thrown [s\src\hotspot\share\prims\jni.cpp, line 537]
Event: 25.095 Thread 0x000001bfad17dd40 Exception <a 'sun/nio/fs/WindowsException'{0x000000008f3c6840}> (0x000000008f3c6840) 
thrown [s\src\hotspot\share\prims\jni.cpp, line 537]
Event: 25.100 Thread 0x000001bfab189a30 Exception <a 'sun/nio/fs/WindowsException'{0x000000008f4cee68}> (0x000000008f4cee68) 
thrown [s\src\hotspot\share\prims\jni.cpp, line 537]

ZGC Phase Switch (0 events):
No events

VM Operations (20 events):
Event: 24.882 Executing safepoint VM operation: G1CollectForAllocation (G1 Evacuation Pause)
Event: 24.886 Executing safepoint VM operation: G1CollectForAllocation (G1 Evacuation Pause) done
Event: 25.003 Executing non-safepoint VM operation: HandshakeAllThreads (Deoptimize)
Event: 25.018 Executing non-safepoint VM operation: HandshakeAllThreads (Deoptimize) done
Event: 25.022 Executing non-safepoint VM operation: HandshakeAllThreads (Deoptimize)
Event: 25.022 Executing non-safepoint VM operation: HandshakeAllThreads (Deoptimize) done
Event: 25.025 Executing non-safepoint VM operation: HandshakeAllThreads (Deoptimize)
Event: 25.026 Executing non-safepoint VM operation: HandshakeAllThreads (Deoptimize) done
Event: 25.035 Executing safepoint VM operation: ICBufferFull
Event: 25.035 Executing safepoint VM operation: ICBufferFull done
Event: 25.035 Executing safepoint VM operation: ICBufferFull
Event: 25.035 Executing safepoint VM operation: ICBufferFull done
Event: 25.051 Executing non-safepoint VM operation: HandshakeAllThreads (Deoptimize)
Event: 25.052 Executing non-safepoint VM operation: HandshakeAllThreads (Deoptimize) done
Event: 25.078 Executing non-safepoint VM operation: HandshakeAllThreads (Deoptimize)
Event: 25.078 Executing non-safepoint VM operation: HandshakeAllThreads (Deoptimize) done
Event: 25.126 Executing safepoint VM operation: ICBufferFull
Event: 25.126 Executing safepoint VM operation: ICBufferFull done
Event: 26.135 Executing safepoint VM operation: Cleanup
Event: 26.135 Executing safepoint VM operation: Cleanup done

Memory protections (0 events):
No events

Nmethod flushes (20 events):
Event: 24.514 Thread 0x000001bfa562ea40 flushing  nmethod 0x000001bf92361a90
Event: 24.514 Thread 0x000001bfa562ea40 flushing  nmethod 0x000001bf92362290
Event: 24.514 Thread 0x000001bfa562ea40 flushing  nmethod 0x000001bf92362d10
Event: 24.514 Thread 0x000001bfa562ea40 flushing  nmethod 0x000001bf92363810
Event: 24.514 Thread 0x000001bfa562ea40 flushing  nmethod 0x000001bf92364210
Event: 24.514 Thread 0x000001bfa562ea40 flushing  nmethod 0x000001bf92364d90
Event: 24.514 Thread 0x000001bfa562ea40 flushing  nmethod 0x000001bf92365690
Event: 24.514 Thread 0x000001bfa562ea40 flushing  nmethod 0x000001bf92365b10
Event: 24.514 Thread 0x000001bfa562ea40 flushing  nmethod 0x000001bf92366510
Event: 24.514 Thread 0x000001bfa562ea40 flushing  nmethod 0x000001bf923cef10
Event: 24.514 Thread 0x000001bfa562ea40 flushing  nmethod 0x000001bf92431410
Event: 24.514 Thread 0x000001bfa562ea40 flushing  nmethod 0x000001bf92432c10
Event: 24.514 Thread 0x000001bfa562ea40 flushing  nmethod 0x000001bf92433210
Event: 24.514 Thread 0x000001bfa562ea40 flushing  nmethod 0x000001bf92433a90
Event: 24.514 Thread 0x000001bfa562ea40 flushing  nmethod 0x000001bf92434310
Event: 24.514 Thread 0x000001bfa562ea40 flushing  nmethod 0x000001bf92434b10
Event: 24.514 Thread 0x000001bfa562ea40 flushing  nmethod 0x000001bf92434f10
Event: 24.514 Thread 0x000001bfa562ea40 flushing  nmethod 0x000001bf92436e10
Event: 24.514 Thread 0x000001bfa562ea40 flushing  nmethod 0x000001bf92437210
Event: 24.514 Thread 0x000001bfa562ea40 flushing  nmethod 0x000001bf92437e90

Events (20 events):
Event: 19.841 Thread 0x000001bfad17dd40 Thread added: 0x000001bfab18b470
Event: 19.873 Thread 0x000001bfad17dd40 Thread added: 0x000001bfab18a750
Event: 19.873 Thread 0x000001bfad17dd40 Thread added: 0x000001bfab188680
Event: 20.075 Thread 0x000001bfb133f900 Thread exited: 0x000001bfb133f900
Event: 20.163 Thread 0x000001bfb133c280 Thread exited: 0x000001bfb133c280
Event: 22.531 Thread 0x000001bfa57a0920 Thread added: 0x000001bfb6c3ff00
Event: 22.539 Thread 0x000001bfa57a0920 Thread added: 0x000001bfb6c41370
Event: 22.937 Thread 0x000001bfad17c300 Thread added: 0x000001bfab189a30
Event: 22.938 Thread 0x000001bfad17c300 Thread added: 0x000001bfab18ade0
Event: 22.939 Thread 0x000001bfad17c300 Thread added: 0x000001bfab18a0c0
Event: 22.939 Thread 0x000001bfad17c300 Thread added: 0x000001bfab18bb00
Event: 22.940 Thread 0x000001bfad17c300 Thread added: 0x000001bfab18c820
Event: 22.941 Thread 0x000001bfad17c300 Thread added: 0x000001bfab1893a0
Event: 22.948 Thread 0x000001bfad17c300 Thread added: 0x000001bfab18ceb0
Event: 22.949 Thread 0x000001bfad17c300 Thread added: 0x000001bfab18d540
Event: 22.969 Thread 0x000001bfad17c300 Thread added: 0x000001bfb1a70e80
Event: 24.080 Thread 0x000001bfb6c41370 Thread exited: 0x000001bfb6c41370
Event: 24.080 Thread 0x000001bfb6c3ff00 Thread exited: 0x000001bfb6c3ff00
Event: 24.198 Thread 0x000001bfa576ff70 Thread added: 0x000001bfb6c3ea90
Event: 24.403 Thread 0x000001bfa57a0920 Thread added: 0x000001bfb6c41370


Dynamic libraries:
0x00007ff75a9e0000 - 0x00007ff75a9ea000 	C:\Program Files\Android\Android Studio\jbr\bin\java.exe
0x00007ff853da0000 - 0x00007ff854007000 	C:\WINDOWS\SYSTEM32\ntdll.dll
0x00007ff8520e0000 - 0x00007ff8521a9000 	C:\WINDOWS\System32\KERNEL32.DLL
0x00007ff850b60000 - 0x00007ff850f57000 	C:\WINDOWS\System32\KERNELBASE.dll
0x00007ff850f60000 - 0x00007ff8510ab000 	C:\WINDOWS\System32\ucrtbase.dll
0x00007ff836e40000 - 0x00007ff836e5b000 	C:\Program Files\Android\Android Studio\jbr\bin\VCRUNTIME140.dll
0x00007ff82bde0000 - 0x00007ff82bdf8000 	C:\Program Files\Android\Android Studio\jbr\bin\jli.dll
0x00007ff853990000 - 0x00007ff853b56000 	C:\WINDOWS\System32\USER32.dll
0x00007ff83be40000 - 0x00007ff83c0d2000 	C:\WINDOWS\WinSxS\amd64_microsoft.windows.common-controls_6595b64144ccf1df_6.0.26100.8457_none_3e0b2faee331e92d\COMCTL32.dll
0x00007ff850a80000 - 0x00007ff850aa7000 	C:\WINDOWS\System32\win32u.dll
0x00007ff853150000 - 0x00007ff8531f9000 	C:\WINDOWS\System32\msvcrt.dll
0x00007ff8534f0000 - 0x00007ff85351b000 	C:\WINDOWS\System32\GDI32.dll
0x00007ff850950000 - 0x00007ff850a7c000 	C:\WINDOWS\System32\gdi32full.dll
0x00007ff850ab0000 - 0x00007ff850b53000 	C:\WINDOWS\System32\msvcp_win.dll
0x00007ff853820000 - 0x00007ff853852000 	C:\WINDOWS\System32\IMM32.DLL
0x00007ff84ba00000 - 0x00007ff84ba0c000 	C:\Program Files\Android\Android Studio\jbr\bin\vcruntime140_1.dll
0x00007fffd0ee0000 - 0x00007fffd0f6d000 	C:\Program Files\Android\Android Studio\jbr\bin\msvcp140.dll
0x00007fff8d710000 - 0x00007fff8e3a6000 	C:\Program Files\Android\Android Studio\jbr\bin\server\jvm.dll
0x00007ff852020000 - 0x00007ff8520d6000 	C:\WINDOWS\System32\ADVAPI32.dll
0x00007ff853440000 - 0x00007ff8534e7000 	C:\WINDOWS\System32\sechost.dll
0x00007ff851d40000 - 0x00007ff851e58000 	C:\WINDOWS\System32\RPCRT4.dll
0x00007ff853c40000 - 0x00007ff853cc0000 	C:\WINDOWS\System32\WS2_32.dll
0x00007ff850650000 - 0x00007ff8506ae000 	C:\WINDOWS\SYSTEM32\POWRPROF.dll
0x00007ff84a050000 - 0x00007ff84a086000 	C:\WINDOWS\SYSTEM32\WINMM.dll
0x00007ff84a090000 - 0x00007ff84a09b000 	C:\WINDOWS\SYSTEM32\VERSION.dll
0x00007ff850630000 - 0x00007ff850644000 	C:\WINDOWS\SYSTEM32\UMPDC.dll
0x00007ff84f540000 - 0x00007ff84f55b000 	C:\WINDOWS\SYSTEM32\kernel.appcore.dll
0x00007ff83e900000 - 0x00007ff83e90a000 	C:\Program Files\Android\Android Studio\jbr\bin\jimage.dll
0x00007ff84e980000 - 0x00007ff84ebc2000 	C:\WINDOWS\SYSTEM32\DBGHELP.DLL
0x00007ff8521b0000 - 0x00007ff852533000 	C:\WINDOWS\System32\combase.dll
0x00007ff853b60000 - 0x00007ff853c39000 	C:\WINDOWS\System32\OLEAUT32.dll
0x00007ff82c070000 - 0x00007ff82c0ab000 	C:\WINDOWS\SYSTEM32\dbgcore.DLL
0x00007ff851920000 - 0x00007ff8519c8000 	C:\WINDOWS\System32\bcryptPrimitives.dll
0x00007ff82d230000 - 0x00007ff82d23e000 	C:\Program Files\Android\Android Studio\jbr\bin\instrument.dll
0x00007ff836e20000 - 0x00007ff836e40000 	C:\Program Files\Android\Android Studio\jbr\bin\java.dll
0x00007ff836e00000 - 0x00007ff836e18000 	C:\Program Files\Android\Android Studio\jbr\bin\zip.dll
0x00007ff8529d0000 - 0x00007ff85313e000 	C:\WINDOWS\System32\SHELL32.dll
0x00007ff8510b0000 - 0x00007ff85191c000 	C:\WINDOWS\System32\windows.storage.dll
0x00007ff851c40000 - 0x00007ff851d36000 	C:\WINDOWS\System32\SHCORE.dll
0x00007ff853920000 - 0x00007ff853986000 	C:\WINDOWS\System32\shlwapi.dll
0x00007ff8506f0000 - 0x00007ff850719000 	C:\WINDOWS\SYSTEM32\profapi.dll
0x00007ff83ba00000 - 0x00007ff83ba10000 	C:\Program Files\Android\Android Studio\jbr\bin\net.dll
0x00007ff847500000 - 0x00007ff847629000 	C:\WINDOWS\SYSTEM32\WINHTTP.dll
0x00007ff84fad0000 - 0x00007ff84fb3c000 	C:\WINDOWS\system32\mswsock.dll
0x00007ff82d870000 - 0x00007ff82d886000 	C:\Program Files\Android\Android Studio\jbr\bin\nio.dll
0x00007ff82d600000 - 0x00007ff82d610000 	C:\Program Files\Android\Android Studio\jbr\bin\verify.dll
0x00007ff823240000 - 0x00007ff823267000 	C:\Users\Anselmus\.gradle\native\660c5614fbf4a5f2a75b1949f50a0caf5cd603558e7d8a26e50b933a0cfb79d1\windows-amd64\native-platform.dll
0x00007fffd3250000 - 0x00007fffd32c7000 	C:\Users\Anselmus\.gradle\native\0.2.8\x86_64-windows-gnu\gradle-fileevents.dll
0x00007ff837b70000 - 0x00007ff837b79000 	C:\Program Files\Android\Android Studio\jbr\bin\management.dll
0x00007ff837970000 - 0x00007ff83797b000 	C:\Program Files\Android\Android Studio\jbr\bin\management_ext.dll
0x00007ff851f80000 - 0x00007ff851f88000 	C:\WINDOWS\System32\PSAPI.DLL
0x00007ff84ef10000 - 0x00007ff84ef42000 	C:\WINDOWS\SYSTEM32\IPHLPAPI.DLL
0x00007ff852010000 - 0x00007ff85201a000 	C:\WINDOWS\System32\NSI.dll
0x00007ff837f20000 - 0x00007ff837f29000 	C:\Program Files\Android\Android Studio\jbr\bin\extnet.dll
0x00007ff84fdb0000 - 0x00007ff84fdcb000 	C:\WINDOWS\SYSTEM32\CRYPTSP.dll
0x00007ff84f490000 - 0x00007ff84f4c9000 	C:\WINDOWS\system32\rsaenh.dll
0x00007ff84fb80000 - 0x00007ff84fbb3000 	C:\WINDOWS\SYSTEM32\USERENV.dll
0x00007ff8506c0000 - 0x00007ff8506ea000 	C:\WINDOWS\SYSTEM32\bcrypt.dll
0x00007ff84fdd0000 - 0x00007ff84fddc000 	C:\WINDOWS\SYSTEM32\CRYPTBASE.dll
0x00007ffffad20000 - 0x00007ffffad28000 	C:\WINDOWS\system32\wshunix.dll
0x00007ff84f660000 - 0x00007ff84f696000 	C:\WINDOWS\SYSTEM32\ntmarta.dll

JVMTI agents:
C:\Users\Anselmus\.gradle\wrapper\dists\gradle-9.4.1-bin\arn2x92ynaizyzdaamcbpbhtj\gradle-9.4.1\lib\agents\gradle-instrumentation-agent-9.4.1.jar path:C:\Program Files\Android\Android Studio\jbr\bin\instrument.dll, loaded, initialized, instrumentlib options:none

dbghelp: loaded successfully - version: 4.0.5 - missing functions: none
symbol engine: initialized successfully - sym options: 0x614 - pdb path: .;C:\Program Files\Android\Android Studio\jbr\bin;C:\WINDOWS\SYSTEM32;C:\WINDOWS\WinSxS\amd64_microsoft.windows.common-controls_6595b64144ccf1df_6.0.26100.8457_none_3e0b2faee331e92d;C:\Program Files\Android\Android Studio\jbr\bin\server;C:\Users\Anselmus\.gradle\native\660c5614fbf4a5f2a75b1949f50a0caf5cd603558e7d8a26e50b933a0cfb79d1\windows-amd64;C:\Users\Anselmus\.gradle\native\0.2.8\x86_64-windows-gnu

VM Arguments:
jvm_args: --add-opens=java.base/java.lang=ALL-UNNAMED --add-opens=java.base/java.lang.invoke=ALL-UNNAMED --add-opens=java.base/java.util=ALL-UNNAMED --add-opens=java.prefs/java.util.prefs=ALL-UNNAMED --add-exports=jdk.compiler/com.sun.tools.javac.api=ALL-UNNAMED --add-exports=jdk.compiler/com.sun.tools.javac.util=ALL-UNNAMED --add-opens=java.base/java.util=ALL-UNNAMED --add-opens=java.prefs/java.util.prefs=ALL-UNNAMED --add-opens=java.base/java.nio.charset=ALL-UNNAMED --add-opens=java.base/java.net=ALL-UNNAMED --add-opens=java.base/java.util.concurrent=ALL-UNNAMED --add-opens=java.base/java.util.concurrent.atomic=ALL-UNNAMED --add-opens=java.xml/javax.xml.namespace=ALL-UNNAMED --add-opens=java.base/java.time=ALL-UNNAMED -Xmx2048m -Dfile.encoding=UTF-8 -Duser.country=ID -Duser.language=en -Duser.variant -javaagent:C:\Users\Anselmus\.gradle\wrapper\dists\gradle-9.4.1-bin\arn2x92ynaizyzdaamcbpbhtj\gradle-9.4.1\lib\agents\gradle-instrumentation-agent-9.4.1.jar 
java_command: org.gradle.launcher.daemon.bootstrap.GradleDaemon 9.4.1
java_class_path (initial): C:\Users\Anselmus\.gradle\wrapper\dists\gradle-9.4.1-bin\arn2x92ynaizyzdaamcbpbhtj\gradle-9.4.1\lib\gradle-daemon-main-9.4.1.jar
Launcher Type: SUN_STANDARD

[Global flags]
     intx CICompilerCount                          = 4                                         {product} {ergonomic}
     uint ConcGCThreads                            = 3                                         {product} {ergonomic}
     uint G1ConcRefinementThreads                  = 10                                        {product} {ergonomic}
   size_t G1HeapRegionSize                         = 1048576                                   {product} {ergonomic}
    uintx GCDrainStackTargetSize                   = 64                                        {product} {ergonomic}
   size_t InitialHeapSize                          = 333447168                                 {product} {ergonomic}
   size_t MarkStackSize                            = 4194304                                   {product} {ergonomic}
   size_t MaxHeapSize                              = 2147483648                                {product} {command line}
   size_t MaxNewSize                               = 1287651328                                {product} {ergonomic}
   size_t MinHeapDeltaBytes                        = 1048576                                   {product} {ergonomic}
   size_t MinHeapSize                              = 8388608                                   {product} {ergonomic}
    uintx NonNMethodCodeHeapSize                   = 5839372                                {pd product} {ergonomic}
    uintx NonProfiledCodeHeapSize                  = 122909434                              {pd product} {ergonomic}
    uintx ProfiledCodeHeapSize                     = 122909434                              {pd product} {ergonomic}
    uintx ReservedCodeCacheSize                    = 251658240                              {pd product} {ergonomic}
     bool SegmentedCodeCache                       = true                                      {product} {ergonomic}
   size_t SoftMaxHeapSize                          = 2147483648                             {manageable} {ergonomic}
     bool UseCompressedOops                        = true                           {product lp64_product} {ergonomic}
     bool UseG1GC                                  = true                                      {product} {ergonomic}
     bool UseLargePagesIndividualAllocation        = false                                  {pd product} {ergonomic}

Logging:
Log output configuration:
 #0: stdout all=warning uptime,level,tags foldmultilines=false
 #1: stderr all=off uptime,level,tags foldmultilines=false

Release file:
JAVA_VERSION="21.0.10" 
MODULES="java.base java.compiler java.datatransfer java.xml java.prefs java.desktop java.instrument java.logging java.management java.security.sasl java.naming java.rmi java.management.rmi java.net.http java.scripting java.security.jgss java.transaction.xa java.sql java.sql.rowset java.xml.crypto java.se java.smartcardio jdk.accessibility jdk.internal.jvmstat jdk.attach jdk.charsets jdk.internal.opt jdk.zipfs jdk.compiler jdk.crypto.ec jdk.crypto.cryptoki jdk.dynalink jdk.hotspot.agent jdk.httpserver jdk.internal.ed jdk.internal.le jdk.internal.vm.ci jdk.jartool jdk.javadoc jdk.jcmd jdk.jdeps jdk.jdwp.agent jdk.jdi jdk.jfr jdk.jlink jdk.jsobject jdk.localedata jdk.management jdk.management.agent jdk.management.jfr jdk.naming.dns jdk.naming.rmi jdk.net jdk.sctp jdk.security.auth jdk.security.jgss jdk.unsupported jdk.unsupported.desktop jdk.xml.dom" 
IMPLEMENTOR="JetBrains s.r.o." 
JAVA_RUNTIME_VERSION="21.0.10+-14961533-b1163.108" 
LIBC="default" 
OS_ARCH="x86_64" 
OS_NAME="Windows" 
SOURCE=".:git:1351622c2ff2" 

Environment Variables:
PATH=C:\Program Files\NVIDIA GPU Computing Toolkit\CUDA\v13.2\bin\x64;C:\Program Files\NVIDIA GPU Computing Toolkit\CUDA\v13.2\bin;C:\Program Files (x86)\Common Files\Oracle\Java\java8path;C:\Program Files (x86)\Common Files\Oracle\Java\javapath;C:\Program Files\Eclipse Adoptium\jdk-25.0.2.10-hotspot\bin;C:\Windows\system32;C:\Windows;C:\Windows\System32\Wbem;C:\Windows\System32\WindowsPowerShell\v1.0\;C:\Windows\System32\OpenSSH\;C:\WINDOWS\system32;C:\WINDOWS;C:\WINDOWS\System32\Wbem;C:\WINDOWS\System32\WindowsPowerShell\v1.0\;C:\WINDOWS\System32\OpenSSH\;C:\ProgramData\chocolatey\bin;C:\Program Files (x86)\NVIDIA Corporation\PhysX\Common;C:\MinGW\bin;C:\Program Files\NVIDIA Corporation\NVIDIA App\NvDLISR;C:\Program Files\Git\cmd;C:\Program Files\Docker\Docker\resources\bin;C:\Program Files\nodejs\;C:\Users\Anselmus\AppData\Local\Android\Sdk\platform-tools;C:\Program Files\OpenSSL-Win64;C:\Program Files\CMake\bin;C:\Users\Anselmus\.unsloth\studio\bin;C:\Program Files\NVIDIA GPU Computing Toolkit\CUDA\v13.2\bin;C:\Users\Anselmus\AppData\Local\Programs\Python\Launcher\;C:\Users\Anselmus\AppData\Local\Microsoft\WindowsApps;C:\Users\Anselmus\AppData\Local\Programs\Microsoft VS Code\bin;C:\Users\Anselmus\AppData\Local\spicetify;C:\Program Files\JetBrains\CLion 2024.1.1\bin;C:\Users\Anselmus\Downloads\Programs\mingw-w64-v11.0.0\mingw-w64-v11.0.0\mingw64\bin;C:\Users\Anselmus\AppData\Local\Microsoft\WindowsApps;D:\Ansel\Kuliah\Binus\Semester 3\2. Code - Kuliah\OOP\flutter\bin;C:\1. CODING\Semester 4 - Code\DEX2JAR\dex-tools-2.1;C:\Users\Anselmus\AppData\Roaming\npm;C:\Users\Anselmus\AppData\Local\Packages\PythonSoftwareFoundation.Python.3.13_qbz5n2kfra8p0\LocalCache\local-packages\Python313\Scripts;C:\Users\Anselmus\AppData\Local\Microsoft\WinGet\Packages\astral-sh.uv_Microsoft.Winget.Source_8wekyb3d8bbwe;
USERNAME=Anselmus
OS=Windows_NT
PROCESSOR_IDENTIFIER=AMD64 Family 25 Model 80 Stepping 0, AuthenticAMD
TMP=C:\Users\Anselmus\AppData\Local\Temp
TEMP=C:\Users\Anselmus\AppData\Local\Temp




Periodic native trim disabled

JNI global refs:
JNI global refs: 29, weak refs: 0

JNI global refs memory usage: 835, weak refs: 1465

Process memory usage:
Resident Set Size: 689272K (3% of 20820028K total physical memory with 4895884K free physical memory)

OOME stack traces (most recent first):
Classloader memory used:
Loader org.gradle.internal.classloader.VisitableURLClassLoader$InstrumentingVisitableURLClassLoader: 54332K
Loader org.gradle.internal.classloader.VisitableURLClassLoader                         : 46549K
Loader bootstrap                                                                       : 30722K
Loader org.gradle.initialization.MixInLegacyTypesClassLoader                           : 13634K
Loader jdk.internal.loader.ClassLoaders$AppClassLoader                                 : 8309K
Loader jdk.internal.loader.ClassLoaders$PlatformClassLoader                            : 637K
Loader jdk.internal.reflect.DelegatingClassLoader                                      : 548K
Loader org.gradle.internal.classloader.VisitableURLClassLoader                         : 205K
Loader org.gradle.groovy.scripts.internal.DefaultScriptCompilationHandler$ScriptClassLoader: 128K

Classes loaded by more than one classloader:
Class Program                                                                         : loaded 5 times (x 72B)
Class Build_gradle                                                                    : loaded 3 times (x 126B)
Class com.google.common.collect.RegularImmutableMap$KeySet                            : loaded 2 times (x 152B)
Class org.gradle.internal.classloader.FilteringClassLoader                            : loaded 2 times (x 105B)
Class [Lcom.google.common.collect.MapMakerInternalMap$Segment;                        : loaded 2 times (x 69B)
Class com.google.common.io.FileWriteMode                                              : loaded 2 times (x 79B)
Class [Lcom.google.common.base.AbstractIterator$State;                                : loaded 2 times (x 69B)
Class com.google.common.base.CharMatcher$IsEither                                     : loaded 2 times (x 111B)
Class org.gradle.internal.classloader.ClassLoaderHierarchy                            : loaded 2 times (x 70B)
Class com.google.common.collect.AbstractMapBasedMultimap$WrappedCollection            : loaded 2 times (x 124B)
Class com.google.common.collect.ImmutableEnumSet                                      : loaded 2 times (x 146B)
Class com.google.common.util.concurrent.ExecutionError                                : loaded 2 times (x 82B)
Class com.google.common.collect.ImmutableList$1                                       : loaded 2 times (x 97B)
Class com.google.common.io.ByteArrayDataOutput                                        : loaded 2 times (x 70B)
Class com.google.common.collect.RegularImmutableMap                                   : loaded 2 times (x 121B)
Class com.google.common.collect.ImmutableMap$MapViewOfValuesAsSingletonSets           : loaded 2 times (x 126B)
Class com.google.common.collect.TransformedListIterator                               : loaded 2 times (x 93B)
Class [Lorg.objectweb.asm.Symbol;                                                     : loaded 2 times (x 69B)
Class org.objectweb.asm.ClassVisitor                                                  : loaded 2 times (x 88B)
Class com.google.common.collect.UnmodifiableListIterator                              : loaded 2 times (x 95B)
Class com.google.common.collect.MapMakerInternalMap$StrongKeyDummyValueEntry$LinkedStrongKeyDummyValueEntry: loaded 2 times (x 82B)
Class com.google.common.collect.MapMakerInternalMap$Strength                          : loaded 2 times (x 80B)
Class com.google.common.base.Platform$JdkPatternCompiler                              : loaded 2 times (x 75B)
Class org.objectweb.asm.MethodTooLargeException                                       : loaded 2 times (x 83B)
Class [Lcom.google.common.cache.CacheBuilder$OneWeigher;                              : loaded 2 times (x 69B)
Class com.google.common.base.Suppliers                                                : loaded 2 times (x 71B)
Class org.gradle.internal.classloader.DefaultClassLoaderFactory                       : loaded 2 times (x 82B)
Class [Lcom.google.common.collect.AbstractIterator$State;                             : loaded 2 times (x 69B)
Class com.google.common.base.CharMatcher$None                                         : loaded 2 times (x 112B)
Class [Lcom.google.common.collect.ImmutableMapEntry;                                  : loaded 2 times (x 69B)
Class com.google.common.collect.ListMultimap                                          : loaded 2 times (x 70B)
Class com.google.common.collect.ImmutableEnumMap                                      : loaded 2 times (x 126B)
Class com.google.common.collect.Iterators$EmptyModifiableIterator                     : loaded 2 times (x 86B)
Class com.google.common.base.Splitter                                                 : loaded 2 times (x 72B)
Class com.google.common.collect.Sets$1                                                : loaded 2 times (x 139B)
Class org.objectweb.asm.AnnotationVisitor                                             : loaded 2 times (x 78B)
Class org.gradle.api.internal.DefaultClassPathProvider                                : loaded 2 times (x 76B)
Class com.google.common.collect.MapMakerInternalMap$Strength$1                        : loaded 2 times (x 80B)
Class com.google.common.collect.Maps$ViewCachingAbstractMap                           : loaded 2 times (x 125B)
Class com.google.common.collect.Sets$2                                                : loaded 2 times (x 139B)
Class [Lorg.gradle.api.internal.ClassPathProvider;                                    : loaded 2 times (x 69B)
Class org.gradle.api.internal.ClassPathProvider                                       : loaded 2 times (x 70B)
Class com.google.common.collect.MapMakerInternalMap$Strength$2                        : loaded 2 times (x 80B)
Class com.google.common.base.AbstractIterator$State                                   : loaded 2 times (x 79B)
Class [Lorg.objectweb.asm.AnnotationVisitor;                                          : loaded 2 times (x 69B)
Class com.google.common.collect.Sets$3                                                : loaded 2 times (x 139B)
Class com.google.common.cache.LocalCache$LocalLoadingCache                            : loaded 2 times (x 134B)
Class org.gradle.internal.service.UnknownServiceException                             : loaded 2 times (x 83B)
Class com.google.common.io.ByteArrayDataInput                                         : loaded 2 times (x 70B)
Class com.google.common.collect.MapMakerInternalMap$StrongValueEntry                  : loaded 2 times (x 70B)
Class com.google.common.collect.Sets$4                                                : loaded 2 times (x 139B)
Class org.objectweb.asm.ModuleVisitor                                                 : loaded 2 times (x 81B)
Class com.google.common.cache.LocalCache$Strength$1                                   : loaded 2 times (x 81B)
Class com.google.common.util.concurrent.SettableFuture                                : loaded 2 times (x 114B)
Class com.google.common.cache.LocalCache$Strength$2                                   : loaded 2 times (x 81B)
Class com.google.common.io.ByteStreams                                                : loaded 2 times (x 71B)
Class com.google.common.collect.Interners$InternerImpl                                : loaded 2 times (x 75B)
Class com.google.common.collect.Interner                                              : loaded 2 times (x 70B)
Class com.google.common.collect.TransformedIterator                                   : loaded 2 times (x 80B)
Class com.google.common.base.Splitter$1                                               : loaded 2 times (x 77B)
Class com.google.common.cache.LocalCache$Strength$3                                   : loaded 2 times (x 81B)
Class com.google.common.collect.MapDifference                                         : loaded 2 times (x 70B)
Class com.google.common.collect.MapMaker$Dummy                                        : loaded 2 times (x 79B)
Class org.objectweb.asm.FieldWriter                                                   : loaded 2 times (x 78B)
Class com.google.common.cache.CacheBuilder$NullListener                               : loaded 2 times (x 82B)
Class org.gradle.internal.classpath.TransformedClassPath                              : loaded 2 times (x 96B)
Class org.gradle.internal.classloader.InstrumentingClassLoader                        : loaded 2 times (x 70B)
Class com.google.common.cache.CacheLoader$FunctionToCacheLoader                       : loaded 2 times (x 75B)
Class com.google.common.collect.Iterators$ArrayItr                                    : loaded 2 times (x 97B)
Class com.google.common.collect.ImmutableCollection$Builder                           : loaded 2 times (x 76B)
Class com.google.common.collect.BaseImmutableMultimap                                 : loaded 2 times (x 123B)
Class com.google.common.base.Equivalence$Identity                                     : loaded 2 times (x 82B)
Class com.google.common.base.MoreObjects                                              : loaded 2 times (x 71B)
Class com.google.common.collect.Platform                                              : loaded 2 times (x 71B)
Class [Lorg.objectweb.asm.Type;                                                       : loaded 2 times (x 69B)
Class com.google.common.collect.UnmodifiableIterator                                  : loaded 2 times (x 80B)
Class org.gradle.internal.service.ServiceLocator                                      : loaded 2 times (x 70B)
Class com.google.common.base.Ascii                                                    : loaded 2 times (x 71B)
Class com.google.common.collect.SingletonImmutableBiMap                               : loaded 2 times (x 143B)
Class com.google.common.cache.LocalCache$1                                            : loaded 2 times (x 89B)
Class com.google.common.collect.Iterators$SingletonIterator                           : loaded 2 times (x 81B)
Class com.google.common.collect.AbstractMapEntry                                      : loaded 2 times (x 81B)
Class com.google.common.collect.AbstractSetMultimap                                   : loaded 2 times (x 174B)
Class com.google.common.collect.MapMakerInternalMap$AbstractStrongKeyEntry            : loaded 2 times (x 80B)
Class com.google.common.collect.Sets$ImprovedAbstractSet                              : loaded 2 times (x 135B)
Class com.google.common.collect.ImmutableList$Builder                                 : loaded 2 times (x 77B)
Class com.google.common.collect.AbstractMultimap                                      : loaded 2 times (x 123B)
Class com.google.common.cache.LocalCache$2                                            : loaded 2 times (x 142B)
Class com.google.common.collect.RegularImmutableAsList                                : loaded 2 times (x 217B)
Class com.google.common.base.Optional                                                 : loaded 2 times (x 80B)
Class com.google.common.util.concurrent.AbstractFuture$Trusted                        : loaded 2 times (x 70B)
Class com.google.common.collect.Iterators                                             : loaded 2 times (x 71B)
Class com.google.common.io.ByteSink$AsCharSink                                        : loaded 2 times (x 80B)
Class com.google.common.collect.Lists$StringAsImmutableList                           : loaded 2 times (x 207B)
Class com.google.common.util.concurrent.UncheckedExecutionException                   : loaded 2 times (x 82B)
Class org.gradle.kotlin.dsl.VersionCatalogAccessorsKt                                 : loaded 2 times (x 71B)
Class ijKotlinCoroutineJvmDebugInit1_79e9bzquytwpyk0ixam11jgk$_run_closure1$_closure2 : loaded 2 times (x 139B)
Class com.google.common.collect.HashMultimapGwtSerializationDependencies              : loaded 2 times (x 174B)
Class com.google.common.collect.AbstractMapBasedMultimap$KeySet$1                     : loaded 2 times (x 82B)
Class org.objectweb.asm.ClassWriter                                                   : loaded 2 times (x 106B)
Class com.google.common.cache.CacheLoader$UnsupportedLoadingOperationException        : loaded 2 times (x 82B)
Class com.google.common.base.CharMatcher$And                                          : loaded 2 times (x 112B)
Class ijKotlinCoroutineJvmDebugInit1_79e9bzquytwpyk0ixam11jgk                         : loaded 2 times (x 171B)
Class com.google.common.collect.FluentIterable$1                                      : loaded 2 times (x 81B)
Class com.google.common.base.Objects                                                  : loaded 2 times (x 71B)
Class org.objectweb.asm.FieldVisitor                                                  : loaded 2 times (x 77B)
Class com.google.common.collect.IndexedImmutableSet                                   : loaded 2 times (x 152B)
Class com.google.common.collect.ImmutableMap$1                                        : loaded 2 times (x 81B)
Class com.google.common.collect.BiMap                                                 : loaded 2 times (x 70B)
Class org.gradle.api.internal.classpath.DefaultModuleRegistry$DefaultModule           : loaded 2 times (x 82B)
Class com.google.common.base.Absent                                                   : loaded 2 times (x 80B)
Class com.google.common.collect.FluentIterable$2                                      : loaded 2 times (x 81B)
Class com.google.common.primitives.Ints                                               : loaded 2 times (x 71B)
Class com.google.common.collect.AbstractIterator                                      : loaded 2 times (x 82B)
Class com.google.common.collect.FluentIterable$3                                      : loaded 2 times (x 81B)
Class com.google.common.collect.ObjectArrays                                          : loaded 2 times (x 71B)
Class com.google.common.math.MathPreconditions                                        : loaded 2 times (x 71B)
Class com.google.common.collect.Multiset                                              : loaded 2 times (x 70B)
Class com.google.common.collect.ArrayListMultimapGwtSerializationDependencies         : loaded 2 times (x 172B)
Class com.google.common.collect.AbstractIndexedListIterator                           : loaded 2 times (x 96B)
Class com.google.common.collect.ImmutableMapEntrySet                                  : loaded 2 times (x 152B)
Class org.gradle.api.internal.classpath.Module                                        : loaded 2 times (x 70B)
Class com.google.common.cache.Weigher                                                 : loaded 2 times (x 70B)
Class org.gradle.api.internal.classpath.UnknownModuleException                        : loaded 2 times (x 82B)
Class com.google.common.base.Stopwatch                                                : loaded 2 times (x 72B)
Class com.google.common.cache.LocalCache$Strength                                     : loaded 2 times (x 81B)
Class com.google.common.cache.Cache                                                   : loaded 2 times (x 70B)
Class com.google.common.base.NullnessCasts                                            : loaded 2 times (x 71B)
Class com.google.common.util.concurrent.AbstractFuture$Cancellation                   : loaded 2 times (x 72B)
Class com.google.common.collect.ImmutableMap$Builder                                  : loaded 2 times (x 82B)
Class com.google.common.base.Present                                                  : loaded 2 times (x 81B)
Class com.google.common.collect.AbstractMapBasedMultimap$WrappedCollection$WrappedIterator: loaded 2 times (x 84B)
Class com.google.common.cache.RemovalListener                                         : loaded 2 times (x 70B)
Class org.gradle.api.internal.DefaultClassPathRegistry                                : loaded 2 times (x 76B)
Class com.google.common.primitives.IntsMethodsForWeb                                  : loaded 2 times (x 71B)
Class com.google.common.collect.Multimap                                              : loaded 2 times (x 70B)
Class ijKotlinCoroutineJvmDebugInit1_79e9bzquytwpyk0ixam11jgk$_run_closure1           : loaded 2 times (x 139B)
Class org.gradle.internal.classpath.DefaultClassPath$ImmutableUniqueList              : loaded 2 times (x 199B)
Class org.gradle.api.internal.ClassPathRegistry                                       : loaded 2 times (x 70B)
Class com.google.common.collect.NullnessCasts                                         : loaded 2 times (x 71B)
Class com.google.common.base.ExtraObjectsMethodsForWeb                                : loaded 2 times (x 71B)
Class com.google.common.collect.MapMakerInternalMap$Segment                           : loaded 2 times (x 142B)
Class com.google.common.base.Joiner                                                   : loaded 2 times (x 79B)
Class com.google.common.io.ByteSink                                                   : loaded 2 times (x 76B)
Class com.google.common.cache.CacheBuilder                                            : loaded 2 times (x 72B)
Class com.google.common.collect.SingletonImmutableList                                : loaded 2 times (x 207B)
Class Settings_gradle$1                                                               : loaded 2 times (x 74B)
Class org.gradle.internal.classpath.ClassPath                                         : loaded 2 times (x 70B)
Class com.google.common.collect.Interners$InternerBuilder                             : loaded 2 times (x 76B)
Class com.google.common.io.Files$FileByteSource                                       : loaded 2 times (x 85B)
Class com.google.common.base.JdkPattern                                               : loaded 2 times (x 75B)
Class com.google.common.collect.ImmutableList$ReverseImmutableList                    : loaded 2 times (x 209B)
Class org.objectweb.asm.SymbolTable$Entry                                             : loaded 2 times (x 74B)
Class org.gradle.api.internal.classpath.DefaultModuleRegistry$DefaultModuleAlias      : loaded 2 times (x 80B)
Class org.objectweb.asm.Edge                                                          : loaded 2 times (x 72B)
Class com.google.common.base.Suppliers$SupplierOfInstance                             : loaded 2 times (x 79B)
Class com.google.common.collect.Iterators$1                                           : loaded 2 times (x 81B)
Class com.google.common.cache.LocalCache$ComputingValueReference                      : loaded 2 times (x 96B)
Class com.google.common.collect.SingletonImmutableSet                                 : loaded 2 times (x 146B)
Class com.google.common.collect.ImmutableMap$IteratorBasedImmutableMap                : loaded 2 times (x 126B)
Class ijJvmDebugger1_9gnlpkvfcjvtvz71pm97wvvfb$_run_closure1                          : loaded 2 times (x 139B)
Class com.google.common.cache.LocalCache$Segment                                      : loaded 2 times (x 154B)
Class com.google.common.collect.AbstractListMultimap                                  : loaded 2 times (x 172B)
Class [Lorg.objectweb.asm.SymbolTable$Entry;                                          : loaded 2 times (x 69B)
Class com.google.common.cache.CacheLoader                                             : loaded 2 times (x 74B)
Class com.google.common.collect.Iterators$4                                           : loaded 2 times (x 82B)
Class com.google.common.collect.ImmutableBiMap                                        : loaded 2 times (x 143B)
Class org.gradle.api.internal.classpath.ModuleRegistry                                : loaded 2 times (x 70B)
Class org.gradle.internal.installation.GradleInstallation$1                           : loaded 2 times (x 75B)
Class com.google.common.base.Splitter$SplittingIterator                               : loaded 2 times (x 84B)
Class com.google.common.collect.ImmutableSet$JdkBackedSetBuilderImpl                  : loaded 2 times (x 76B)
Class com.google.common.util.concurrent.internal.InternalFutureFailureAccess          : loaded 2 times (x 72B)
Class com.google.common.collect.Iterators$5                                           : loaded 2 times (x 82B)
Class com.google.common.cache.LocalCache$LocalManualCache$1                           : loaded 2 times (x 75B)
Class com.google.common.base.CharMatcher$ForPredicate                                 : loaded 2 times (x 112B)
Class com.google.common.base.CharMatcher$AnyOf                                        : loaded 2 times (x 112B)
Class com.google.common.collect.ImmutableCollection                                   : loaded 2 times (x 125B)
Class org.gradle.api.internal.classpath.DefaultModuleRegistry                         : loaded 2 times (x 84B)
Class com.google.common.collect.Lists                                                 : loaded 2 times (x 71B)
Class com.google.common.util.concurrent.ListenableFuture                              : loaded 2 times (x 70B)
Class com.google.common.cache.ReferenceEntry                                          : loaded 2 times (x 70B)
Class com.google.common.base.Converter                                                : loaded 2 times (x 90B)
Class com.google.common.collect.ImmutableSet$CachingAsList                            : loaded 2 times (x 148B)
Class com.google.common.collect.AbstractMapBasedMultimap                              : loaded 2 times (x 139B)
Class com.google.common.util.concurrent.AbstractFuture                                : loaded 2 times (x 106B)
Class com.google.common.base.FunctionalEquivalence                                    : loaded 2 times (x 83B)
Class com.google.common.collect.Iterators$9                                           : loaded 2 times (x 81B)
Class com.google.common.collect.ImmutableAsList                                       : loaded 2 times (x 209B)
Class org.objectweb.asm.RecordComponentVisitor                                        : loaded 2 times (x 77B)
Class com.google.common.cache.CacheLoader$SupplierToCacheLoader                       : loaded 2 times (x 75B)
Class com.google.common.collect.Maps$EntryTransformer                                 : loaded 2 times (x 70B)
Class org.gradle.internal.service.ServiceLookupException                              : loaded 2 times (x 82B)
Class com.google.common.collect.Lists$ReverseList                                     : loaded 2 times (x 200B)
Class [Lcom.google.common.cache.LocalCache$EntryFactory;                              : loaded 2 times (x 69B)
Class org.gradle.internal.classloader.ClassLoaderFactory                              : loaded 2 times (x 70B)
Class com.google.common.collect.ImmutableMap$SerializedForm                           : loaded 2 times (x 73B)
Class com.google.common.base.CommonPattern                                            : loaded 2 times (x 74B)
Class com.google.common.cache.LocalCache$LocalManualCache                             : loaded 2 times (x 99B)
Class com.google.common.base.CharMatcher$IsNot                                        : loaded 2 times (x 111B)
Class org.gradle.internal.service.CachingServiceLocator                               : loaded 2 times (x 82B)
Class com.google.common.collect.AbstractMapBasedMultimap$KeySet                       : loaded 2 times (x 137B)
Class com.google.common.math.IntMath                                                  : loaded 2 times (x 71B)
Class com.google.common.collect.MapMakerInternalMap$InternalEntry                     : loaded 2 times (x 70B)
Class com.google.common.collect.ImmutableMapEntry                                     : loaded 2 times (x 85B)
Class com.google.common.collect.ImmutableMultimap                                     : loaded 2 times (x 147B)
Class com.google.common.base.Equivalence                                              : loaded 2 times (x 82B)
Class com.google.common.base.Function                                                 : loaded 2 times (x 70B)
Class com.google.common.collect.ImmutableMapEntry$NonTerminalImmutableMapEntry        : loaded 2 times (x 85B)
Class com.google.common.collect.IndexedImmutableSet$1                                 : loaded 2 times (x 213B)
Class com.google.common.cache.CacheBuilder$OneWeigher                                 : loaded 2 times (x 82B)
Class com.google.common.collect.RegularImmutableList                                  : loaded 2 times (x 213B)
Class org.gradle.internal.classloader.ClasspathUtil                                   : loaded 2 times (x 71B)
Class com.google.common.util.concurrent.Uninterruptibles                              : loaded 2 times (x 71B)
Class com.google.common.collect.AbstractMapBasedMultimap$WrappedSet                   : loaded 2 times (x 142B)
Class com.google.common.util.concurrent.LazyLogger                                    : loaded 2 times (x 72B)
Class com.google.common.collect.Maps                                                  : loaded 2 times (x 71B)
Class org.gradle.api.specs.Spec                                                       : loaded 2 times (x 70B)
Class com.google.common.collect.MapMaker                                              : loaded 2 times (x 72B)
Class [Lcom.google.common.collect.ImmutableEntry;                                     : loaded 2 times (x 69B)
Class com.google.common.cache.LocalCache$LoadingValueReference                        : loaded 2 times (x 96B)
Class com.google.common.collect.MapMakerInternalMap$StrongKeyDummyValueEntry          : loaded 2 times (x 82B)
Class com.google.common.base.Platform                                                 : loaded 2 times (x 71B)
Class com.google.common.collect.AbstractMapBasedMultimap$WrappedList                  : loaded 2 times (x 205B)
Class [Lorg.objectweb.asm.AnnotationWriter;                                           : loaded 2 times (x 69B)
Class com.google.common.collect.Maps$8                                                : loaded 2 times (x 82B)
Class [Lcom.google.common.collect.Iterators$EmptyModifiableIterator;                  : loaded 2 times (x 69B)
Class com.google.common.collect.Lists$ReverseList$1                                   : loaded 2 times (x 99B)
Class com.google.common.collect.Sets$SetView                                          : loaded 2 times (x 138B)
Class com.google.common.cache.LocalCache$StrongValueReference                         : loaded 2 times (x 90B)
Class com.google.common.graph.SuccessorsFunction                                      : loaded 2 times (x 70B)
Class org.objectweb.asm.Type                                                          : loaded 2 times (x 72B)
Class org.gradle.internal.classloader.VisitableURLClassLoader$InstrumentingVisitableURLClassLoader: loaded 2 times (x 123B)
Class com.google.common.collect.MapMakerInternalMap$StrongKeyDummyValueEntry$Helper   : loaded 2 times (x 79B)
Class com.google.common.io.Files$FileByteSink                                         : loaded 2 times (x 77B)
Class com.google.common.math.IntMath$1                                                : loaded 2 times (x 71B)
Class org.objectweb.asm.ByteVector                                                    : loaded 2 times (x 79B)
Class [Lcom.google.common.cache.CacheBuilder$NullListener;                            : loaded 2 times (x 69B)
Class org.gradle.internal.classloader.VisitableURLClassLoader$Spec                    : loaded 2 times (x 74B)
Class org.gradle.internal.classpath.DefaultClassPath                                  : loaded 2 times (x 90B)
Class com.google.common.base.AbstractIterator                                         : loaded 2 times (x 80B)
Class org.objectweb.asm.Symbol                                                        : loaded 2 times (x 73B)
Class com.google.common.io.Closer                                                     : loaded 2 times (x 78B)
Class com.google.common.base.CharMatcher$BitSetMatcher                                : loaded 2 times (x 112B)
Class com.google.common.collect.RegularImmutableMap$Values                            : loaded 2 times (x 207B)
Class com.google.common.collect.ImmutableSet                                          : loaded 2 times (x 145B)
Class org.gradle.internal.classloader.ClassLoaderSpec                                 : loaded 2 times (x 71B)
Class org.objectweb.asm.AnnotationWriter                                              : loaded 2 times (x 79B)
Class com.google.common.cache.CacheStats                                              : loaded 2 times (x 71B)
Class com.google.common.collect.Interners                                             : loaded 2 times (x 71B)
Class com.google.common.io.Closer$Suppressor                                          : loaded 2 times (x 70B)
Class com.google.common.io.LineProcessor                                              : loaded 2 times (x 70B)
Class org.objectweb.asm.RecordComponentWriter                                         : loaded 2 times (x 78B)
Class com.google.common.util.concurrent.AbstractFuture$Listener                       : loaded 2 times (x 72B)
Class com.google.common.base.CharMatcher$Or                                           : loaded 2 times (x 112B)
Class Settings_gradle$1$1                                                             : loaded 2 times (x 74B)
Class org.gradle.api.internal.classpath.Module$ModuleAlias                            : loaded 2 times (x 70B)
Class org.objectweb.asm.Attribute                                                     : loaded 2 times (x 77B)
Class com.google.common.base.Supplier                                                 : loaded 2 times (x 70B)
Class org.gradle.internal.classloader.VisitableURLClassLoader                         : loaded 2 times (x 117B)
Class com.google.common.collect.ImmutableList$SerializedForm                          : loaded 2 times (x 73B)
Class Settings_gradle                                                                 : loaded 2 times (x 124B)
Class org.gradle.internal.Cast                                                        : loaded 2 times (x 71B)
Class org.gradle.api.Action                                                           : loaded 2 times (x 70B)
Class com.google.common.collect.MapMakerInternalMap                                   : loaded 2 times (x 161B)
Class com.google.common.base.Strings                                                  : loaded 2 times (x 71B)
Class com.google.common.collect.Sets                                                  : loaded 2 times (x 71B)
Class org.objectweb.asm.Handler                                                       : loaded 2 times (x 72B)
Class com.google.common.base.Ticker                                                   : loaded 2 times (x 72B)
Class com.google.common.base.CharMatcher$FastMatcher                                  : loaded 2 times (x 111B)
Class [Lcom.google.common.cache.LocalCache$Segment;                                   : loaded 2 times (x 69B)
Class [Lcom.google.common.cache.LocalCache$Strength;                                  : loaded 2 times (x 69B)
Class com.google.common.cache.CacheBuilder$1                                          : loaded 2 times (x 85B)
Class com.google.common.base.Predicate                                                : loaded 2 times (x 70B)
Class com.google.common.collect.ImmutableMap                                          : loaded 2 times (x 120B)
Class org.gradle.internal.classpath.DefaultClassPath$ImmutableUniqueList$Builder      : loaded 2 times (x 75B)
Class com.google.common.collect.MapMakerInternalMap$WeakValueReference                : loaded 2 times (x 70B)
Class com.google.common.cache.LocalCache                                              : loaded 2 times (x 187B)
Class com.google.common.cache.CacheBuilder$2                                          : loaded 2 times (x 79B)
Class com.google.common.base.CharMatcher$NegatedFastMatcher                           : loaded 2 times (x 113B)
Class com.google.common.collect.ArrayListMultimap                                     : loaded 2 times (x 172B)
Class com.google.common.cache.CacheBuilder$3                                          : loaded 2 times (x 72B)
Class [Lcom.google.common.collect.AbstractMapEntry;                                   : loaded 2 times (x 69B)
Class com.google.common.collect.ImmutableEntry                                        : loaded 2 times (x 82B)
Class org.gradle.api.GradleException                                                  : loaded 2 times (x 82B)
Class com.google.common.base.Suppliers$MemoizingSupplier                              : loaded 2 times (x 79B)
Class com.google.common.collect.CollectPreconditions                                  : loaded 2 times (x 71B)
Class [Lcom.google.common.collect.MapMakerInternalMap$Strength;                       : loaded 2 times (x 69B)
Class [Lcom.google.common.io.FileWriteMode;                                           : loaded 2 times (x 69B)
Class com.google.common.collect.SortedMapDifference                                   : loaded 2 times (x 70B)
Class com.google.common.collect.Iterables$4                                           : loaded 2 times (x 81B)
Class com.google.common.collect.MapMakerInternalMap$StrongKeyDummyValueSegment        : loaded 2 times (x 142B)
Class com.google.common.io.Files                                                      : loaded 2 times (x 71B)
Class com.google.common.cache.LocalCache$EntryFactory                                 : loaded 2 times (x 83B)
Class [Lcom.google.common.collect.MapMaker$Dummy;                                     : loaded 2 times (x 69B)
Class com.google.common.base.CharMatcher$Whitespace                                   : loaded 2 times (x 112B)
Class com.google.common.cache.LocalCache$AbstractReferenceEntry                       : loaded 2 times (x 107B)
Class org.gradle.internal.IoActions                                                   : loaded 2 times (x 71B)
Class com.google.common.collect.ImmutableMapKeySet                                    : loaded 2 times (x 152B)
Class org.objectweb.asm.SymbolTable                                                   : loaded 2 times (x 72B)
Class com.google.common.cache.CacheLoader$InvalidCacheLoadException                   : loaded 2 times (x 82B)
Class com.google.common.collect.ImmutableSet$RegularSetBuilderImpl                    : loaded 2 times (x 77B)
Class com.google.common.collect.FluentIterable                                        : loaded 2 times (x 81B)
Class com.google.common.cache.LocalCache$StrongEntry                                  : loaded 2 times (x 108B)
Class com.google.common.util.concurrent.AbstractFuture$TrustedFuture                  : loaded 2 times (x 114B)
Class com.google.common.cache.LoadingCache                                            : loaded 2 times (x 70B)
Class com.google.common.io.ByteStreams$LimitedInputStream                             : loaded 2 times (x 92B)
Class com.google.common.base.Suppliers$NonSerializableMemoizingSupplier               : loaded 2 times (x 79B)
Class org.objectweb.asm.MethodWriter                                                  : loaded 2 times (x 106B)
Class [Lcom.google.common.cache.Weigher;                                              : loaded 2 times (x 69B)
Class com.google.common.collect.RegularImmutableMap$BucketOverflowException           : loaded 2 times (x 82B)
Class com.google.common.collect.AbstractMapBasedMultimap$RandomAccessWrappedList      : loaded 2 times (x 205B)
Class com.google.common.collect.AbstractIterator$State                                : loaded 2 times (x 79B)
Class com.google.common.collect.RegularImmutableBiMap                                 : loaded 2 times (x 149B)
Class com.google.common.cache.LocalCache$ValueReference                               : loaded 2 times (x 70B)
Class com.google.common.base.CharMatcher$Negated                                      : loaded 2 times (x 113B)
Class com.google.common.base.CharMatcher$Is                                           : loaded 2 times (x 111B)
Class com.google.common.hash.PrimitiveSink                                            : loaded 2 times (x 70B)
Class com.google.common.base.PatternCompiler                                          : loaded 2 times (x 70B)
Class com.google.common.util.concurrent.AbstractFuture$Failure                        : loaded 2 times (x 72B)
Class com.google.common.base.Equivalence$Equals                                       : loaded 2 times (x 82B)
Class com.google.common.collect.Hashing                                               : loaded 2 times (x 71B)
Class com.google.common.base.Preconditions                                            : loaded 2 times (x 71B)
Class com.google.common.collect.ImmutableSetMultimap                                  : loaded 2 times (x 180B)
Class com.google.common.io.CharSink                                                   : loaded 2 times (x 79B)
Class com.google.common.base.Joiner$1                                                 : loaded 2 times (x 80B)
Class org.objectweb.asm.Label                                                         : loaded 2 times (x 73B)
Class org.objectweb.asm.CurrentFrame                                                  : loaded 2 times (x 73B)
Class org.objectweb.asm.ClassTooLargeException                                        : loaded 2 times (x 83B)
Class com.google.common.base.CharMatcher                                              : loaded 2 times (x 111B)
Class com.google.common.collect.PeekingIterator                                       : loaded 2 times (x 70B)
Class ijJvmDebugger1_9gnlpkvfcjvtvz71pm97wvvfb$_run_closure1$_closure2                : loaded 2 times (x 140B)
Class com.google.common.collect.MapMakerInternalMap$InternalEntryHelper               : loaded 2 times (x 70B)
Class com.google.common.collect.Maps$IteratorBasedAbstractMap                         : loaded 2 times (x 125B)
Class com.google.common.collect.Table                                                 : loaded 2 times (x 70B)
Class com.google.common.base.Joiner$2                                                 : loaded 2 times (x 79B)
Class org.objectweb.asm.Frame                                                         : loaded 2 times (x 73B)
Class org.objectweb.asm.MethodVisitor                                                 : loaded 2 times (x 105B)
Class com.google.common.cache.LocalCache$EntryFactory$1                               : loaded 2 times (x 83B)
Class [Lcom.google.common.cache.RemovalListener;                                      : loaded 2 times (x 69B)
Class com.google.common.base.CharMatcher$1                                            : loaded 2 times (x 113B)
Class com.google.common.base.CharMatcher$NamedFastMatcher                             : loaded 2 times (x 112B)
Class com.google.common.cache.LocalCache$EntryFactory$2                               : loaded 2 times (x 83B)
Class org.objectweb.asm.ModuleWriter                                                  : loaded 2 times (x 82B)
Class com.google.common.cache.LocalCache$EntryFactory$3                               : loaded 2 times (x 83B)
Class com.google.common.base.Ticker$1                                                 : loaded 2 times (x 72B)
Class com.google.common.collect.Maps$BiMapConverter                                   : loaded 2 times (x 90B)
Class com.google.common.collect.ImmutableMapEntrySet$RegularEntrySet                  : loaded 2 times (x 152B)
Class com.google.common.collect.SetMultimap                                           : loaded 2 times (x 70B)
Class com.google.common.collect.ImmutableSet$Builder                                  : loaded 2 times (x 85B)
Class com.google.common.cache.LocalCache$EntryFactory$4                               : loaded 2 times (x 83B)
Class com.google.common.base.CharMatcher$InRange                                      : loaded 2 times (x 111B)
Class com.google.common.io.ByteStreams$1                                              : loaded 2 times (x 85B)
Class com.google.common.cache.LocalCache$EntryFactory$5                               : loaded 2 times (x 83B)
Class com.google.common.base.PairwiseEquivalence                                      : loaded 2 times (x 83B)
Class com.google.common.collect.HashMultimap                                          : loaded 2 times (x 174B)
Class com.google.common.cache.LocalCache$EntryFactory$6                               : loaded 2 times (x 83B)
Class org.gradle.internal.installation.CurrentGradleInstallationLocator               : loaded 2 times (x 71B)
Class com.google.common.collect.Maps$KeySet                                           : loaded 2 times (x 137B)
Class com.google.common.collect.ImmutableSet$EmptySetBuilderImpl                      : loaded 2 times (x 76B)
Class com.google.common.cache.LocalCache$EntryFactory$7                               : loaded 2 times (x 83B)
Class com.google.common.collect.ImmutableList                                         : loaded 2 times (x 206B)
Class org.gradle.internal.service.DefaultServiceLocator                               : loaded 2 times (x 83B)
Class com.google.common.collect.Maps$EntrySet                                         : loaded 2 times (x 136B)
Class com.google.common.cache.LocalCache$EntryFactory$8                               : loaded 2 times (x 83B)
Class com.google.common.collect.ImmutableSet$SetBuilderImpl                           : loaded 2 times (x 76B)
Class org.gradle.internal.installation.CurrentGradleInstallation                      : loaded 2 times (x 73B)
Class com.google.common.cache.CacheLoader$1                                           : loaded 2 times (x 75B)
Class com.google.common.collect.ForwardingObject                                      : loaded 2 times (x 72B)
Class com.google.common.collect.ImmutableList$SubList                                 : loaded 2 times (x 209B)
Class org.gradle.util.internal.GUtil                                                  : loaded 2 times (x 71B)
Class com.google.common.io.ByteSource                                                 : loaded 2 times (x 84B)
Class com.google.common.cache.AbstractCache$StatsCounter                              : loaded 2 times (x 70B)
Class com.google.common.collect.MapMakerInternalMap$1                                 : loaded 2 times (x 83B)
Class com.google.common.collect.Iterators$MergingIterator                             : loaded 2 times (x 81B)
Class com.google.common.collect.RegularImmutableSet                                   : loaded 2 times (x 149B)
Class org.gradle.internal.installation.GradleInstallation                             : loaded 2 times (x 75B)
Class com.google.common.base.Splitter$Strategy                                        : loaded 2 times (x 70B)
Class com.google.common.collect.Iterables                                             : loaded 2 times (x 71B)
Class com.google.common.collect.Lists$RandomAccessReverseList                         : loaded 2 times (x 200B)
Class ijJvmDebugger1_9gnlpkvfcjvtvz71pm97wvvfb                                        : loaded 2 times (x 171B)

---------------  S Y S T E M  ---------------

OS:
 Windows 11 , 64 bit Build 26100 (10.0.26100.8328)
OS uptime: 0 days 6:02 hours
Hyper-V role detected

CPU: total 12 (initial active 12) (12 cores per cpu, 2 threads per core) family 25 model 80 stepping 0 microcode 0xa50000d, cx8, cmov, fxsr, ht, mmx, 3dnowpref, sse, sse2, sse3, ssse3, sse4a, sse4.1, sse4.2, popcnt, lzcnt, tsc, tscinvbit, avx, avx2, aes, erms, clmul, bmi1, bmi2, adx, sha, fma, vzeroupper, clflush, clflushopt, hv, rdtscp, rdpid, fsrm, f16c, cet_ss
Processor Information for the first 12 processors :
  Max Mhz: 3301, Current Mhz: 3301, Mhz Limit: 3301

Memory: 4k page, system-wide physical 20332M (4770M free)
TotalPageFile size 20332M (AvailPageFile size 12M)
current process WorkingSet (physical memory assigned to process): 681M, peak: 686M
current process commit charge ("private bytes"): 716M, peak: 724M

vm_info: OpenJDK 64-Bit Server VM (21.0.10+-14961533-b1163.108) for windows-amd64 JRE (21.0.10+-14961533-b1163.108), built on 2026-03-02T19:58:50Z by "builder" with MS VC++ 16.10 / 16.11 (VS2019)

END.
