#
# There is insufficient memory for the Java Runtime Environment to continue.
# Native memory allocation (malloc) failed to allocate 1885856 bytes. Error detail: Chunk::new
# Possible reasons:
#   The system is out of physical RAM or swap space
#   This process is running with CompressedOops enabled, and the Java Heap may be blocking the growth of the native heap
# Possible solutions:
#   Reduce memory load on the system
#   Increase physical memory or swap space
#   Check if swap backing store is full
#   Decrease Java heap size (-Xmx/-Xms)
#   Decrease number of Java threads
#   Decrease Java thread stack sizes (-Xss)
#   Set larger code cache with -XX:ReservedCodeCacheSize=
#   JVM is running with Unscaled Compressed Oops mode in which the Java heap is
#     placed in the first 4GB address space. The Java Heap base address is the
#     maximum limit for the native heap growth. Please use -XX:HeapBaseMinAddress
#     to set the Java Heap base and to place the Java Heap above 4GB virtual address.
# This output file may be truncated or incomplete.
#
#  Out of Memory Error (arena.cpp:168), pid=2116, tid=9340
#
# JRE version: OpenJDK Runtime Environment (21.0.10) (build 21.0.10+-14961533-b1163.108)
# Java VM: OpenJDK 64-Bit Server VM (21.0.10+-14961533-b1163.108, mixed mode, tiered, compressed oops, compressed class ptrs, g1 gc, windows-amd64)
# No core dump will be written. Minidumps are not enabled by default on client versions of Windows
#

---------------  S U M M A R Y ------------

Command Line: --add-opens=java.base/java.lang=ALL-UNNAMED --add-opens=java.base/java.lang.invoke=ALL-UNNAMED --add-opens=java.base/java.util=ALL-UNNAMED --add-opens=java.prefs/java.util.prefs=ALL-UNNAMED --add-exports=jdk.compiler/com.sun.tools.javac.api=ALL-UNNAMED --add-exports=jdk.compiler/com.sun.tools.javac.util=ALL-UNNAMED --add-opens=java.base/java.util=ALL-UNNAMED --add-opens=java.prefs/java.util.prefs=ALL-UNNAMED --add-opens=java.base/java.nio.charset=ALL-UNNAMED --add-opens=java.base/java.net=ALL-UNNAMED --add-opens=java.base/java.util.concurrent=ALL-UNNAMED --add-opens=java.base/java.util.concurrent.atomic=ALL-UNNAMED --add-opens=java.xml/javax.xml.namespace=ALL-UNNAMED --add-opens=java.base/java.time=ALL-UNNAMED -Xmx2048m -Dfile.encoding=UTF-8 -Duser.country=ID -Duser.language=en -Duser.variant -javaagent:C:\Users\Anselmus\.gradle\wrapper\dists\gradle-9.4.1-bin\arn2x92ynaizyzdaamcbpbhtj\gradle-9.4.1\lib\agents\gradle-instrumentation-agent-9.4.1.jar org.gradle.launcher.daemon.bootstrap.GradleDaemon 9.4.1

Host: AMD Ryzen 5 5600H with Radeon Graphics         , 12 cores, 19G,  Windows 11 , 64 bit Build 26100 (10.0.26100.8328)
Time: Sun Jun  7 14:14:21 2026 SE Asia Standard Time elapsed time: 12.746265 seconds (0d 0h 0m 12s)

---------------  T H R E A D  ---------------

Current thread (0x0000012092f5d790):  JavaThread "C2 CompilerThread1" daemon [_thread_in_native, id=9340, stack(0x0000001d0c400000,0x0000001d0c500000) (1024K)]


Current CompileTask:
C2:12746 10146       4       org.gradle.cache.internal.btree.CachingBlockStore::read (56 bytes)

Stack: [0x0000001d0c400000,0x0000001d0c500000]
Native frames: (J=compiled Java code, j=interpreted, Vv=VM code, C=native code)
V  [jvm.dll+0x6d78a9]
V  [jvm.dll+0x8665b3]
V  [jvm.dll+0x868bde]
V  [jvm.dll+0x8692c3]
V  [jvm.dll+0x280ee6]
V  [jvm.dll+0xc07cd]
V  [jvm.dll+0xc0d03]
V  [jvm.dll+0x3ba0cb]
V  [jvm.dll+0x385df7]
V  [jvm.dll+0x38526a]
V  [jvm.dll+0x249bd2]
V  [jvm.dll+0x2491a1]
V  [jvm.dll+0x1c76e4]
V  [jvm.dll+0x25891e]
V  [jvm.dll+0x256e66]
V  [jvm.dll+0x3f513e]
V  [jvm.dll+0x80fd28]
V  [jvm.dll+0x6d60fd]
C  [ucrtbase.dll+0x37b0]
C  [KERNEL32.DLL+0x2e957]
C  [ntdll.dll+0x427c]


---------------  P R O C E S S  ---------------

Threads class SMR info:
_java_thread_list=0x0000012090a5f730, length=57, elements={
0x00000120ee6b7fd0, 0x00000120f97f5230, 0x00000120f981b0d0, 0x00000120f981bb30,
0x00000120f9812310, 0x00000120f981c6c0, 0x00000120f981d120, 0x00000120f980fea0,
0x00000120f9847c50, 0x00000120f9855080, 0x00000120fe08c560, 0x000001208fac4720,
0x00000120ff218720, 0x000001208f18a5a0, 0x000001208f3dd9b0, 0x000001208f7b5e60,
0x00000120907686c0, 0x0000012090766c80, 0x0000012090767310, 0x000001209076a100,
0x00000120907693e0, 0x0000012090768d50, 0x0000012090769a70, 0x00000120907679a0,
0x0000012090ae98e0, 0x0000012090aeac90, 0x0000012090ae7810, 0x0000012090aeb320,
0x0000012090ae8bc0, 0x0000012090ae7ea0, 0x0000012090aeb9b0, 0x0000012090aec040,
0x0000012090ae9250, 0x0000012090aeee30, 0x0000012090aed3f0, 0x0000012090aec6d0,
0x0000012090aeda80, 0x0000012090aee110, 0x0000012090aee7a0, 0x00000120934b00e0,
0x00000120934b2840, 0x00000120934b1b20, 0x00000120934b3bf0, 0x00000120934b1490,
0x00000120934b0770, 0x00000120934b3560, 0x00000120934b2ed0, 0x00000120934b21b0,
0x00000120934b4280, 0x00000120934b0e00, 0x00000120934b5cc0, 0x00000120934b4910,
0x0000012092f5d790, 0x00000120946a94d0, 0x00000120946a7400, 0x0000012092f5f2d0,
0x00000120946a9b60
}

Java Threads: ( => current thread )
  0x00000120ee6b7fd0 JavaThread "main"                              [_thread_blocked, id=8104, stack(0x0000001d0b200000,0x0000001d0b300000) (1024K)]
  0x00000120f97f5230 JavaThread "Common-Cleaner"             daemon [_thread_blocked, id=17512, stack(0x0000001d0ba00000,0x0000001d0bb00000) (1024K)]
  0x00000120f981b0d0 JavaThread "Reference Handler"          daemon [_thread_blocked, id=21948, stack(0x0000001d0bb00000,0x0000001d0bc00000) (1024K)]
  0x00000120f981bb30 JavaThread "Finalizer"                  daemon [_thread_blocked, id=1524, stack(0x0000001d0bc00000,0x0000001d0bd00000) (1024K)]
  0x00000120f9812310 JavaThread "Signal Dispatcher"          daemon [_thread_blocked, id=19708, stack(0x0000001d0bd00000,0x0000001d0be00000) (1024K)]
  0x00000120f981c6c0 JavaThread "Attach Listener"            daemon [_thread_blocked, id=23188, stack(0x0000001d0be00000,0x0000001d0bf00000) (1024K)]
  0x00000120f981d120 JavaThread "Service Thread"             daemon [_thread_blocked, id=17688, stack(0x0000001d0bf00000,0x0000001d0c000000) (1024K)]
  0x00000120f980fea0 JavaThread "Monitor Deflation Thread"   daemon [_thread_blocked, id=22072, stack(0x0000001d0c000000,0x0000001d0c100000) (1024K)]
  0x00000120f9847c50 JavaThread "C2 CompilerThread0"         daemon [_thread_in_native, id=23464, stack(0x0000001d0c100000,0x0000001d0c200000) (1024K)]
  0x00000120f9855080 JavaThread "C1 CompilerThread0"         daemon [_thread_blocked, id=27924, stack(0x0000001d0c200000,0x0000001d0c300000) (1024K)]
  0x00000120fe08c560 JavaThread "Notification Thread"        daemon [_thread_blocked, id=10288, stack(0x0000001d0c300000,0x0000001d0c400000) (1024K)]
  0x000001208fac4720 JavaThread "Daemon health stats"               [_thread_blocked, id=27456, stack(0x0000001d0cc00000,0x0000001d0cd00000) (1024K)]
  0x00000120ff218720 JavaThread "Incoming local TCP Connector on port 61171"        [_thread_in_native, id=7604, stack(0x0000001d0cd00000,0x0000001d0ce00000) (1024K)]
  0x000001208f18a5a0 JavaThread "Daemon periodic checks"            [_thread_blocked, id=21840, stack(0x0000001d0ce00000,0x0000001d0cf00000) (1024K)]
  0x000001208f3dd9b0 JavaThread "Daemon"                            [_thread_blocked, id=10804, stack(0x0000001d0cf00000,0x0000001d0d000000) (1024K)]
  0x000001208f7b5e60 JavaThread "Handler for socket connection from /127.0.0.1:61171 to /127.0.0.1:61172"        [_thread_in_native, id=24652, stack(0x0000001d0d000000,0x0000001d0d100000) (1024K)]
  0x00000120907686c0 JavaThread "Cancel handler"                    [_thread_blocked, id=14292, stack(0x0000001d0d100000,0x0000001d0d200000) (1024K)]
  0x0000012090766c80 JavaThread "Daemon worker"                     [_thread_in_Java, id=9912, stack(0x0000001d0d700000,0x0000001d0d800000) (1024K)]
  0x0000012090767310 JavaThread "Asynchronous log dispatcher for DefaultDaemonConnection: socket connection from /127.0.0.1:61171 to /127.0.0.1:61172"        [_thread_blocked, id=26420, stack(0x0000001d0d800000,0x0000001d0d900000) (1024K)]
  0x000001209076a100 JavaThread "Stdin handler"                     [_thread_blocked, id=23220, stack(0x0000001d0d900000,0x0000001d0da00000) (1024K)]
  0x00000120907693e0 JavaThread "Daemon client event forwarder"        [_thread_blocked, id=340, stack(0x0000001d0da00000,0x0000001d0db00000) (1024K)]
  0x0000012090768d50 JavaThread "Cache worker for journal cache (C:\Users\Anselmus\.gradle\caches\journal-1)"        [_thread_blocked, id=13712, stack(0x0000001d0db00000,0x0000001d0dc00000) (1024K)]
  0x0000012090769a70 JavaThread "File lock request listener"        [_thread_in_native, id=26180, stack(0x0000001d0dc00000,0x0000001d0dd00000) (1024K)]
  0x00000120907679a0 JavaThread "Cache worker for file hash cache (C:\Users\Anselmus\.gradle\caches\9.4.1\fileHashes)"        [_thread_blocked, id=23116, stack(0x0000001d0dd00000,0x0000001d0de00000) (1024K)]
  0x0000012090ae98e0 JavaThread "Cache worker for file hash cache (C:\1. CODING\Semester 4 - Code\Software Engineer\.gradle\9.4.1\fileHashes)"        [_thread_blocked, id=16492, stack(0x0000001d0de00000,0x0000001d0df00000) (1024K)]
  0x0000012090aeac90 JavaThread "Cache worker for Build Output Cleanup Cache (C:\1. CODING\Semester 4 - Code\Software Engineer\.gradle\buildOutputCleanup)"        [_thread_blocked, id=7448, stack(0x0000001d0df00000,0x0000001d0e000000) (1024K)]
  0x0000012090ae7810 JavaThread "File watcher server"        daemon [_thread_in_native, id=14244, stack(0x0000001d0e000000,0x0000001d0e100000) (1024K)]
  0x0000012090aeb320 JavaThread "File watcher consumer"      daemon [_thread_blocked, id=4308, stack(0x0000001d0e100000,0x0000001d0e200000) (1024K)]
  0x0000012090ae8bc0 JavaThread "Cache worker for file content cache (C:\Users\Anselmus\.gradle\caches\9.4.1\fileContent)"        [_thread_blocked, id=21628, stack(0x0000001d0e200000,0x0000001d0e300000) (1024K)]
  0x0000012090ae7ea0 JavaThread "Cache worker for checksums cache (C:\1. CODING\Semester 4 - Code\Software Engineer\.gradle\9.4.1\checksums)"        [_thread_blocked, id=4164, stack(0x0000001d0e300000,0x0000001d0e400000) (1024K)]
  0x0000012090aeb9b0 JavaThread "Cache worker for cache directory md-supplier (C:\Users\Anselmus\.gradle\caches\9.4.1\md-supplier)"        [_thread_blocked, id=22276, stack(0x0000001d0e400000,0x0000001d0e500000) (1024K)]
  0x0000012090aec040 JavaThread "Cache worker for cache directory md-rule (C:\Users\Anselmus\.gradle\caches\9.4.1\md-rule)"        [_thread_blocked, id=17488, stack(0x0000001d0e500000,0x0000001d0e600000) (1024K)]
  0x0000012090ae9250 JavaThread "jar transforms"                    [_thread_blocked, id=11956, stack(0x0000001d0e600000,0x0000001d0e700000) (1024K)]
  0x0000012090aeee30 JavaThread "jar transforms Thread 2"           [_thread_blocked, id=10208, stack(0x0000001d0e700000,0x0000001d0e800000) (1024K)]
  0x0000012090aed3f0 JavaThread "jar transforms Thread 3"           [_thread_blocked, id=27600, stack(0x0000001d0e800000,0x0000001d0e900000) (1024K)]
  0x0000012090aec6d0 JavaThread "Build operations"                  [_thread_blocked, id=22404, stack(0x0000001d0e900000,0x0000001d0ea00000) (1024K)]
  0x0000012090aeda80 JavaThread "Build operations Thread 2"         [_thread_blocked, id=22912, stack(0x0000001d0ea00000,0x0000001d0eb00000) (1024K)]
  0x0000012090aee110 JavaThread "Build operations Thread 3"         [_thread_blocked, id=9956, stack(0x0000001d0eb00000,0x0000001d0ec00000) (1024K)]
  0x0000012090aee7a0 JavaThread "Build operations Thread 4"         [_thread_blocked, id=11136, stack(0x0000001d0ec00000,0x0000001d0ed00000) (1024K)]
  0x00000120934b00e0 JavaThread "Build operations Thread 5"         [_thread_blocked, id=9052, stack(0x0000001d0ed00000,0x0000001d0ee00000) (1024K)]
  0x00000120934b2840 JavaThread "Build operations Thread 6"         [_thread_blocked, id=14620, stack(0x0000001d0ee00000,0x0000001d0ef00000) (1024K)]
  0x00000120934b1b20 JavaThread "Build operations Thread 7"         [_thread_blocked, id=9928, stack(0x0000001d0ef00000,0x0000001d0f000000) (1024K)]
  0x00000120934b3bf0 JavaThread "Build operations Thread 8"         [_thread_blocked, id=12740, stack(0x0000001d0f000000,0x0000001d0f100000) (1024K)]
  0x00000120934b1490 JavaThread "Build operations Thread 9"         [_thread_blocked, id=28020, stack(0x0000001d0f100000,0x0000001d0f200000) (1024K)]
  0x00000120934b0770 JavaThread "Build operations Thread 10"        [_thread_blocked, id=25320, stack(0x0000001d0f200000,0x0000001d0f300000) (1024K)]
  0x00000120934b3560 JavaThread "Build operations Thread 11"        [_thread_blocked, id=4084, stack(0x0000001d0f300000,0x0000001d0f400000) (1024K)]
  0x00000120934b2ed0 JavaThread "Build operations Thread 12"        [_thread_blocked, id=25756, stack(0x0000001d0f400000,0x0000001d0f500000) (1024K)]
  0x00000120934b21b0 JavaThread "jar transforms Thread 4"           [_thread_blocked, id=4232, stack(0x0000001d0f500000,0x0000001d0f600000) (1024K)]
  0x00000120934b4280 JavaThread "jar transforms Thread 5"           [_thread_blocked, id=4856, stack(0x0000001d0f600000,0x0000001d0f700000) (1024K)]
  0x00000120934b0e00 JavaThread "jar transforms Thread 6"           [_thread_blocked, id=9868, stack(0x0000001d0f700000,0x0000001d0f800000) (1024K)]
  0x00000120934b5cc0 JavaThread "jar transforms Thread 7"           [_thread_blocked, id=23400, stack(0x0000001d0f800000,0x0000001d0f900000) (1024K)]
  0x00000120934b4910 JavaThread "jar transforms Thread 8"           [_thread_blocked, id=26944, stack(0x0000001d0f900000,0x0000001d0fa00000) (1024K)]
=>0x0000012092f5d790 JavaThread "C2 CompilerThread1"         daemon [_thread_in_native, id=9340, stack(0x0000001d0c400000,0x0000001d0c500000) (1024K)]
  0x00000120946a94d0 JavaThread "build event listener"              [_thread_blocked, id=6324, stack(0x0000001d0fa00000,0x0000001d0fb00000) (1024K)]
  0x00000120946a7400 JavaThread "Memory manager"                    [_thread_blocked, id=13948, stack(0x0000001d0c500000,0x0000001d0c600000) (1024K)]
  0x0000012092f5f2d0 JavaThread "C2 CompilerThread2"         daemon [_thread_in_native, id=11304, stack(0x0000001d0fb00000,0x0000001d0fc00000) (1024K)]
  0x00000120946a9b60 JavaThread "build event listener"              [_thread_blocked, id=27056, stack(0x0000001d0fc00000,0x0000001d0fd00000) (1024K)]
Total: 57

Other Threads:
  0x00000120f97832b0 VMThread "VM Thread"                           [id=4360, stack(0x0000001d0b900000,0x0000001d0ba00000) (1024K)]
  0x00000120f96aecc0 WatcherThread "VM Periodic Task Thread"        [id=25096, stack(0x0000001d0b800000,0x0000001d0b900000) (1024K)]
  0x00000120f0be8ff0 WorkerThread "GC Thread#0"                     [id=26608, stack(0x0000001d0b300000,0x0000001d0b400000) (1024K)]
  0x00000120fed82430 WorkerThread "GC Thread#1"                     [id=8872, stack(0x0000001d0c600000,0x0000001d0c700000) (1024K)]
  0x00000120fed5e4e0 WorkerThread "GC Thread#2"                     [id=28204, stack(0x0000001d0c700000,0x0000001d0c800000) (1024K)]
  0x00000120fed5e890 WorkerThread "GC Thread#3"                     [id=25184, stack(0x0000001d0c800000,0x0000001d0c900000) (1024K)]
  0x00000120fed5ec40 WorkerThread "GC Thread#4"                     [id=25700, stack(0x0000001d0c900000,0x0000001d0ca00000) (1024K)]
  0x00000120fe90b3f0 WorkerThread "GC Thread#5"                     [id=24656, stack(0x0000001d0ca00000,0x0000001d0cb00000) (1024K)]
  0x00000120fe90bba0 WorkerThread "GC Thread#6"                     [id=14176, stack(0x0000001d0cb00000,0x0000001d0cc00000) (1024K)]
  0x000001208f38d630 WorkerThread "GC Thread#7"                     [id=10056, stack(0x0000001d0d200000,0x0000001d0d300000) (1024K)]
  0x000001208f38cb20 WorkerThread "GC Thread#8"                     [id=24960, stack(0x0000001d0d300000,0x0000001d0d400000) (1024K)]
  0x000001208f38ced0 WorkerThread "GC Thread#9"                     [id=28624, stack(0x0000001d0d400000,0x0000001d0d500000) (1024K)]
  0x00000120f0bfad30 ConcurrentGCThread "G1 Main Marker"            [id=11976, stack(0x0000001d0b400000,0x0000001d0b500000) (1024K)]
  0x00000120f0bfbef0 WorkerThread "G1 Conc#0"                       [id=15144, stack(0x0000001d0b500000,0x0000001d0b600000) (1024K)]
  0x000001208f38d280 WorkerThread "G1 Conc#1"                       [id=26496, stack(0x0000001d0d500000,0x0000001d0d600000) (1024K)]
  0x000001208fb566a0 WorkerThread "G1 Conc#2"                       [id=14064, stack(0x0000001d0d600000,0x0000001d0d700000) (1024K)]
  0x00000120f95f5330 ConcurrentGCThread "G1 Refine#0"               [id=24460, stack(0x0000001d0b600000,0x0000001d0b700000) (1024K)]
  0x00000120f95f6b70 ConcurrentGCThread "G1 Service"                [id=19408, stack(0x0000001d0b700000,0x0000001d0b800000) (1024K)]
Total: 18

Threads with active compile tasks:
C2 CompilerThread0  15797 10147       4       org.gradle.cache.internal.btree.FreeListBlockStore::read (12 bytes)
C2 CompilerThread1  15797 10146       4       org.gradle.cache.internal.btree.CachingBlockStore::read (56 bytes)
C2 CompilerThread2  15797 10150   !   4       java.nio.file.FileTreeWalker::next (144 bytes)
Total: 3

VM state: not at safepoint (normal execution)

VM Mutex/Monitor currently owned by a thread: None

Heap address: 0x0000000080000000, size: 2048 MB, Compressed Oops mode: 32-bit

CDS archive(s) not mapped
Compressed class space mapped at: 0x0000000100000000-0x0000000140000000, reserved size: 1073741824
Narrow klass base: 0x0000000000000000, Narrow klass shift: 3, Narrow klass range: 0x140000000

GC Precious Log:
 CardTable entry size: 512
 Card Set container configuration: InlinePtr #cards 5 size 8 Array Of Cards #cards 12 size 40 Howl #buckets 4 coarsen threshold 1843 Howl Bitmap #cards 512 size 80 coarsen threshold 460 Card regions per heap region 1 cards per card region 2048
 CPUs: 12 total, 12 available
 Memory: 20332M
 Large Page Support: Disabled
 NUMA Support: Disabled
 Compressed Oops: Enabled (32-bit)
 Heap Region Size: 1M
 Heap Min Capacity: 8M
 Heap Initial Capacity: 318M
 Heap Max Capacity: 2G
 Pre-touch: Disabled
 Parallel Workers: 10
 Concurrent Workers: 3
 Concurrent Refinement Workers: 10
 Periodic GC: Disabled

Heap:
 garbage-first heap   total 135168K, used 102563K [0x0000000080000000, 0x0000000100000000)
  region size 1024K, 24 young (24576K), 3 survivors (3072K)
 Metaspace       used 92055K, committed 94144K, reserved 1179648K
  class space    used 12928K, committed 13952K, reserved 1048576K

Heap Regions: E=young(eden), S=young(survivor), O=old, HS=humongous(starts), HC=humongous(continues), CS=collection set, F=free, TAMS=top-at-mark-start, PB=parsable bottom
|   0|0x0000000080000000, 0x0000000080100000, 0x0000000080100000|100%|HS|  |TAMS 0x0000000080000000| PB 0x0000000080000000| Complete 
|   1|0x0000000080100000, 0x0000000080200000, 0x0000000080200000|100%|HC|  |TAMS 0x0000000080100000| PB 0x0000000080100000| Complete 
|   2|0x0000000080200000, 0x0000000080300000, 0x0000000080300000|100%|HC|  |TAMS 0x0000000080200000| PB 0x0000000080200000| Complete 
|   3|0x0000000080300000, 0x0000000080400000, 0x0000000080400000|100%|HC|  |TAMS 0x0000000080300000| PB 0x0000000080300000| Complete 
|   4|0x0000000080400000, 0x0000000080500000, 0x0000000080500000|100%| O|  |TAMS 0x0000000080400000| PB 0x0000000080400000| Untracked 
|   5|0x0000000080500000, 0x0000000080600000, 0x0000000080600000|100%| O|  |TAMS 0x0000000080500000| PB 0x0000000080500000| Untracked 
|   6|0x0000000080600000, 0x0000000080700000, 0x0000000080700000|100%| O|  |TAMS 0x0000000080600000| PB 0x0000000080600000| Untracked 
|   7|0x0000000080700000, 0x0000000080800000, 0x0000000080800000|100%| O|  |TAMS 0x0000000080700000| PB 0x0000000080700000| Untracked 
|   8|0x0000000080800000, 0x0000000080900000, 0x0000000080900000|100%| O|  |TAMS 0x0000000080800000| PB 0x0000000080800000| Untracked 
|   9|0x0000000080900000, 0x0000000080a00000, 0x0000000080a00000|100%| O|  |TAMS 0x0000000080900000| PB 0x0000000080900000| Untracked 
|  10|0x0000000080a00000, 0x0000000080b00000, 0x0000000080b00000|100%| O|  |TAMS 0x0000000080a00000| PB 0x0000000080a00000| Untracked 
|  11|0x0000000080b00000, 0x0000000080c00000, 0x0000000080c00000|100%|HS|  |TAMS 0x0000000080b00000| PB 0x0000000080b00000| Complete 
|  12|0x0000000080c00000, 0x0000000080d00000, 0x0000000080d00000|100%| O|  |TAMS 0x0000000080c00000| PB 0x0000000080c00000| Untracked 
|  13|0x0000000080d00000, 0x0000000080e00000, 0x0000000080e00000|100%| O|  |TAMS 0x0000000080d00000| PB 0x0000000080d00000| Untracked 
|  14|0x0000000080e00000, 0x0000000080f00000, 0x0000000080f00000|100%| O|  |TAMS 0x0000000080e00000| PB 0x0000000080e00000| Untracked 
|  15|0x0000000080f00000, 0x0000000081000000, 0x0000000081000000|100%| O|  |TAMS 0x0000000080f00000| PB 0x0000000080f00000| Untracked 
|  16|0x0000000081000000, 0x0000000081100000, 0x0000000081100000|100%| O|  |TAMS 0x0000000081000000| PB 0x0000000081000000| Untracked 
|  17|0x0000000081100000, 0x0000000081200000, 0x0000000081200000|100%| O|  |TAMS 0x0000000081100000| PB 0x0000000081100000| Untracked 
|  18|0x0000000081200000, 0x0000000081300000, 0x0000000081300000|100%| O|  |TAMS 0x0000000081200000| PB 0x0000000081200000| Untracked 
|  19|0x0000000081300000, 0x0000000081400000, 0x0000000081400000|100%| O|  |TAMS 0x0000000081300000| PB 0x0000000081300000| Untracked 
|  20|0x0000000081400000, 0x0000000081500000, 0x0000000081500000|100%| O|  |TAMS 0x0000000081400000| PB 0x0000000081400000| Untracked 
|  21|0x0000000081500000, 0x0000000081600000, 0x0000000081600000|100%| O|  |TAMS 0x0000000081500000| PB 0x0000000081500000| Untracked 
|  22|0x0000000081600000, 0x0000000081700000, 0x0000000081700000|100%| O|  |TAMS 0x0000000081600000| PB 0x0000000081600000| Untracked 
|  23|0x0000000081700000, 0x0000000081800000, 0x0000000081800000|100%| O|  |TAMS 0x0000000081700000| PB 0x0000000081700000| Untracked 
|  24|0x0000000081800000, 0x0000000081900000, 0x0000000081900000|100%| O|  |TAMS 0x0000000081800000| PB 0x0000000081800000| Untracked 
|  25|0x0000000081900000, 0x0000000081a00000, 0x0000000081a00000|100%| O|  |TAMS 0x0000000081900000| PB 0x0000000081900000| Untracked 
|  26|0x0000000081a00000, 0x0000000081b00000, 0x0000000081b00000|100%| O|  |TAMS 0x0000000081a00000| PB 0x0000000081a00000| Untracked 
|  27|0x0000000081b00000, 0x0000000081c00000, 0x0000000081c00000|100%| O|  |TAMS 0x0000000081b00000| PB 0x0000000081b00000| Untracked 
|  28|0x0000000081c00000, 0x0000000081d00000, 0x0000000081d00000|100%| O|  |TAMS 0x0000000081c00000| PB 0x0000000081c00000| Untracked 
|  29|0x0000000081d00000, 0x0000000081e00000, 0x0000000081e00000|100%| O|  |TAMS 0x0000000081d00000| PB 0x0000000081d00000| Untracked 
|  30|0x0000000081e00000, 0x0000000081f00000, 0x0000000081f00000|100%| O|  |TAMS 0x0000000081e00000| PB 0x0000000081e00000| Untracked 
|  31|0x0000000081f00000, 0x0000000082000000, 0x0000000082000000|100%|HS|  |TAMS 0x0000000081f00000| PB 0x0000000081f00000| Complete 
|  32|0x0000000082000000, 0x0000000082100000, 0x0000000082100000|100%|HC|  |TAMS 0x0000000082000000| PB 0x0000000082000000| Complete 
|  33|0x0000000082100000, 0x0000000082200000, 0x0000000082200000|100%| O|  |TAMS 0x0000000082100000| PB 0x0000000082100000| Untracked 
|  34|0x0000000082200000, 0x0000000082300000, 0x0000000082300000|100%| O|  |TAMS 0x0000000082200000| PB 0x0000000082200000| Untracked 
|  35|0x0000000082300000, 0x0000000082400000, 0x0000000082400000|100%| O|  |TAMS 0x0000000082300000| PB 0x0000000082300000| Untracked 
|  36|0x0000000082400000, 0x0000000082500000, 0x0000000082500000|100%| O|  |TAMS 0x0000000082400000| PB 0x0000000082400000| Untracked 
|  37|0x0000000082500000, 0x0000000082600000, 0x0000000082600000|100%| O|  |TAMS 0x0000000082500000| PB 0x0000000082500000| Untracked 
|  38|0x0000000082600000, 0x0000000082700000, 0x0000000082700000|100%| O|  |TAMS 0x0000000082600000| PB 0x0000000082600000| Untracked 
|  39|0x0000000082700000, 0x0000000082800000, 0x0000000082800000|100%| O|  |TAMS 0x0000000082700000| PB 0x0000000082700000| Untracked 
|  40|0x0000000082800000, 0x0000000082900000, 0x0000000082900000|100%| O|  |TAMS 0x0000000082800000| PB 0x0000000082800000| Untracked 
|  41|0x0000000082900000, 0x0000000082a00000, 0x0000000082a00000|100%|HS|  |TAMS 0x0000000082900000| PB 0x0000000082900000| Complete 
|  42|0x0000000082a00000, 0x0000000082b00000, 0x0000000082b00000|100%| O|  |TAMS 0x0000000082a00000| PB 0x0000000082a00000| Untracked 
|  43|0x0000000082b00000, 0x0000000082c00000, 0x0000000082c00000|100%|HS|  |TAMS 0x0000000082b00000| PB 0x0000000082b00000| Complete 
|  44|0x0000000082c00000, 0x0000000082d00000, 0x0000000082d00000|100%|HS|  |TAMS 0x0000000082c00000| PB 0x0000000082c00000| Complete 
|  45|0x0000000082d00000, 0x0000000082e00000, 0x0000000082e00000|100%|HC|  |TAMS 0x0000000082d00000| PB 0x0000000082d00000| Complete 
|  46|0x0000000082e00000, 0x0000000082f00000, 0x0000000082f00000|100%| O|  |TAMS 0x0000000082e00000| PB 0x0000000082e00000| Untracked 
|  47|0x0000000082f00000, 0x0000000083000000, 0x0000000083000000|100%| O|  |TAMS 0x0000000082f00000| PB 0x0000000082f00000| Untracked 
|  48|0x0000000083000000, 0x0000000083100000, 0x0000000083100000|100%| O|  |TAMS 0x0000000083000000| PB 0x0000000083000000| Untracked 
|  49|0x0000000083100000, 0x0000000083200000, 0x0000000083200000|100%| O|  |TAMS 0x0000000083100000| PB 0x0000000083100000| Untracked 
|  50|0x0000000083200000, 0x0000000083300000, 0x0000000083300000|100%| O|  |TAMS 0x0000000083200000| PB 0x0000000083200000| Untracked 
|  51|0x0000000083300000, 0x0000000083400000, 0x0000000083400000|100%| O|  |TAMS 0x0000000083300000| PB 0x0000000083300000| Untracked 
|  52|0x0000000083400000, 0x0000000083500000, 0x0000000083500000|100%| O|  |TAMS 0x0000000083400000| PB 0x0000000083400000| Untracked 
|  53|0x0000000083500000, 0x0000000083600000, 0x0000000083600000|100%| O|  |TAMS 0x0000000083500000| PB 0x0000000083500000| Untracked 
|  54|0x0000000083600000, 0x0000000083700000, 0x0000000083700000|100%| O|  |TAMS 0x0000000083600000| PB 0x0000000083600000| Untracked 
|  55|0x0000000083700000, 0x0000000083700000, 0x0000000083800000|  0%| F|  |TAMS 0x0000000083700000| PB 0x0000000083700000| Untracked 
|  56|0x0000000083800000, 0x0000000083900000, 0x0000000083900000|100%|HS|  |TAMS 0x0000000083800000| PB 0x0000000083800000| Complete 
|  57|0x0000000083900000, 0x0000000083a00000, 0x0000000083a00000|100%|HS|  |TAMS 0x0000000083900000| PB 0x0000000083900000| Complete 
|  58|0x0000000083a00000, 0x0000000083b00000, 0x0000000083b00000|100%| O|  |TAMS 0x0000000083a00000| PB 0x0000000083a00000| Untracked 
|  59|0x0000000083b00000, 0x0000000083b00000, 0x0000000083c00000|  0%| F|  |TAMS 0x0000000083b00000| PB 0x0000000083b00000| Untracked 
|  60|0x0000000083c00000, 0x0000000083d00000, 0x0000000083d00000|100%|HS|  |TAMS 0x0000000083c00000| PB 0x0000000083c00000| Complete 
|  61|0x0000000083d00000, 0x0000000083e00000, 0x0000000083e00000|100%|HS|  |TAMS 0x0000000083d00000| PB 0x0000000083d00000| Complete 
|  62|0x0000000083e00000, 0x0000000083f00000, 0x0000000083f00000|100%| O|  |TAMS 0x0000000083e00000| PB 0x0000000083e00000| Untracked 
|  63|0x0000000083f00000, 0x0000000084000000, 0x0000000084000000|100%|HS|  |TAMS 0x0000000083f00000| PB 0x0000000083f00000| Complete 
|  64|0x0000000084000000, 0x0000000084100000, 0x0000000084100000|100%|HC|  |TAMS 0x0000000084000000| PB 0x0000000084000000| Complete 
|  65|0x0000000084100000, 0x0000000084200000, 0x0000000084200000|100%| O|  |TAMS 0x0000000084100000| PB 0x0000000084100000| Untracked 
|  66|0x0000000084200000, 0x0000000084300000, 0x0000000084300000|100%| O|  |TAMS 0x0000000084200000| PB 0x0000000084200000| Untracked 
|  67|0x0000000084300000, 0x0000000084400000, 0x0000000084400000|100%| O|  |TAMS 0x0000000084300000| PB 0x0000000084300000| Untracked 
|  68|0x0000000084400000, 0x0000000084500000, 0x0000000084500000|100%| O|  |TAMS 0x0000000084400000| PB 0x0000000084400000| Untracked 
|  69|0x0000000084500000, 0x0000000084600000, 0x0000000084600000|100%| O|  |TAMS 0x0000000084500000| PB 0x0000000084500000| Untracked 
|  70|0x0000000084600000, 0x0000000084700000, 0x0000000084700000|100%| O|  |TAMS 0x0000000084600000| PB 0x0000000084600000| Untracked 
|  71|0x0000000084700000, 0x0000000084800000, 0x0000000084800000|100%|HS|  |TAMS 0x0000000084700000| PB 0x0000000084700000| Complete 
|  72|0x0000000084800000, 0x0000000084900000, 0x0000000084900000|100%| O|  |TAMS 0x0000000084800000| PB 0x0000000084800000| Untracked 
|  73|0x0000000084900000, 0x0000000084a00000, 0x0000000084a00000|100%| O|  |TAMS 0x0000000084900000| PB 0x0000000084900000| Untracked 
|  74|0x0000000084a00000, 0x0000000084b00000, 0x0000000084b00000|100%| O|  |TAMS 0x0000000084a00000| PB 0x0000000084a00000| Untracked 
|  75|0x0000000084b00000, 0x0000000084c00000, 0x0000000084c00000|100%| O|  |TAMS 0x0000000084b00000| PB 0x0000000084b00000| Untracked 
|  76|0x0000000084c00000, 0x0000000084ccf9f0, 0x0000000084d00000| 81%| O|  |TAMS 0x0000000084c00000| PB 0x0000000084c00000| Untracked 
|  77|0x0000000084d00000, 0x0000000084d00000, 0x0000000084e00000|  0%| F|  |TAMS 0x0000000084d00000| PB 0x0000000084d00000| Untracked 
|  78|0x0000000084e00000, 0x0000000084e00000, 0x0000000084f00000|  0%| F|  |TAMS 0x0000000084e00000| PB 0x0000000084e00000| Untracked 
|  79|0x0000000084f00000, 0x0000000084f00000, 0x0000000085000000|  0%| F|  |TAMS 0x0000000084f00000| PB 0x0000000084f00000| Untracked 
|  80|0x0000000085000000, 0x0000000085000000, 0x0000000085100000|  0%| F|  |TAMS 0x0000000085000000| PB 0x0000000085000000| Untracked 
|  81|0x0000000085100000, 0x0000000085100000, 0x0000000085200000|  0%| F|  |TAMS 0x0000000085100000| PB 0x0000000085100000| Untracked 
|  82|0x0000000085200000, 0x00000000852594c0, 0x0000000085300000| 34%| S|CS|TAMS 0x0000000085200000| PB 0x0000000085200000| Complete 
|  83|0x0000000085300000, 0x0000000085400000, 0x0000000085400000|100%| S|CS|TAMS 0x0000000085300000| PB 0x0000000085300000| Complete 
|  84|0x0000000085400000, 0x0000000085500000, 0x0000000085500000|100%| S|CS|TAMS 0x0000000085400000| PB 0x0000000085400000| Complete 
|  85|0x0000000085500000, 0x0000000085500000, 0x0000000085600000|  0%| F|  |TAMS 0x0000000085500000| PB 0x0000000085500000| Untracked 
|  86|0x0000000085600000, 0x0000000085600000, 0x0000000085700000|  0%| F|  |TAMS 0x0000000085600000| PB 0x0000000085600000| Untracked 
|  87|0x0000000085700000, 0x0000000085700000, 0x0000000085800000|  0%| F|  |TAMS 0x0000000085700000| PB 0x0000000085700000| Untracked 
|  88|0x0000000085800000, 0x0000000085800000, 0x0000000085900000|  0%| F|  |TAMS 0x0000000085800000| PB 0x0000000085800000| Untracked 
|  89|0x0000000085900000, 0x0000000085900000, 0x0000000085a00000|  0%| F|  |TAMS 0x0000000085900000| PB 0x0000000085900000| Untracked 
|  90|0x0000000085a00000, 0x0000000085a00000, 0x0000000085b00000|  0%| F|  |TAMS 0x0000000085a00000| PB 0x0000000085a00000| Untracked 
|  91|0x0000000085b00000, 0x0000000085b00000, 0x0000000085c00000|  0%| F|  |TAMS 0x0000000085b00000| PB 0x0000000085b00000| Untracked 
|  92|0x0000000085c00000, 0x0000000085c00000, 0x0000000085d00000|  0%| F|  |TAMS 0x0000000085c00000| PB 0x0000000085c00000| Untracked 
|  93|0x0000000085d00000, 0x0000000085d00000, 0x0000000085e00000|  0%| F|  |TAMS 0x0000000085d00000| PB 0x0000000085d00000| Untracked 
|  94|0x0000000085e00000, 0x0000000085e00000, 0x0000000085f00000|  0%| F|  |TAMS 0x0000000085e00000| PB 0x0000000085e00000| Untracked 
|  95|0x0000000085f00000, 0x0000000085f00000, 0x0000000086000000|  0%| F|  |TAMS 0x0000000085f00000| PB 0x0000000085f00000| Untracked 
|  96|0x0000000086000000, 0x0000000086000000, 0x0000000086100000|  0%| F|  |TAMS 0x0000000086000000| PB 0x0000000086000000| Untracked 
|  97|0x0000000086100000, 0x0000000086100000, 0x0000000086200000|  0%| F|  |TAMS 0x0000000086100000| PB 0x0000000086100000| Untracked 
|  98|0x0000000086200000, 0x0000000086200000, 0x0000000086300000|  0%| F|  |TAMS 0x0000000086200000| PB 0x0000000086200000| Untracked 
|  99|0x0000000086300000, 0x0000000086300000, 0x0000000086400000|  0%| F|  |TAMS 0x0000000086300000| PB 0x0000000086300000| Untracked 
| 100|0x0000000086400000, 0x0000000086400000, 0x0000000086500000|  0%| F|  |TAMS 0x0000000086400000| PB 0x0000000086400000| Untracked 
| 101|0x0000000086500000, 0x0000000086500000, 0x0000000086600000|  0%| F|  |TAMS 0x0000000086500000| PB 0x0000000086500000| Untracked 
| 102|0x0000000086600000, 0x0000000086600000, 0x0000000086700000|  0%| F|  |TAMS 0x0000000086600000| PB 0x0000000086600000| Untracked 
| 103|0x0000000086700000, 0x0000000086700000, 0x0000000086800000|  0%| F|  |TAMS 0x0000000086700000| PB 0x0000000086700000| Untracked 
| 104|0x0000000086800000, 0x0000000086800000, 0x0000000086900000|  0%| F|  |TAMS 0x0000000086800000| PB 0x0000000086800000| Untracked 
| 105|0x0000000086900000, 0x0000000086900000, 0x0000000086a00000|  0%| F|  |TAMS 0x0000000086900000| PB 0x0000000086900000| Untracked 
| 106|0x0000000086a00000, 0x0000000086a00000, 0x0000000086b00000|  0%| F|  |TAMS 0x0000000086a00000| PB 0x0000000086a00000| Untracked 
| 107|0x0000000086b00000, 0x0000000086b00000, 0x0000000086c00000|  0%| F|  |TAMS 0x0000000086b00000| PB 0x0000000086b00000| Untracked 
| 108|0x0000000086c00000, 0x0000000086c80000, 0x0000000086d00000| 50%| E|  |TAMS 0x0000000086c00000| PB 0x0000000086c00000| Complete 
| 109|0x0000000086d00000, 0x0000000086e00000, 0x0000000086e00000|100%| E|CS|TAMS 0x0000000086d00000| PB 0x0000000086d00000| Complete 
| 110|0x0000000086e00000, 0x0000000086f00000, 0x0000000086f00000|100%| E|CS|TAMS 0x0000000086e00000| PB 0x0000000086e00000| Complete 
| 111|0x0000000086f00000, 0x0000000087000000, 0x0000000087000000|100%| E|CS|TAMS 0x0000000086f00000| PB 0x0000000086f00000| Complete 
| 112|0x0000000087000000, 0x0000000087100000, 0x0000000087100000|100%| E|CS|TAMS 0x0000000087000000| PB 0x0000000087000000| Complete 
| 113|0x0000000087100000, 0x0000000087200000, 0x0000000087200000|100%| E|CS|TAMS 0x0000000087100000| PB 0x0000000087100000| Complete 
| 114|0x0000000087200000, 0x0000000087300000, 0x0000000087300000|100%| E|CS|TAMS 0x0000000087200000| PB 0x0000000087200000| Complete 
| 115|0x0000000087300000, 0x0000000087400000, 0x0000000087400000|100%| E|CS|TAMS 0x0000000087300000| PB 0x0000000087300000| Complete 
| 116|0x0000000087400000, 0x0000000087500000, 0x0000000087500000|100%| E|CS|TAMS 0x0000000087400000| PB 0x0000000087400000| Complete 
| 255|0x000000008ff00000, 0x0000000090000000, 0x0000000090000000|100%| E|CS|TAMS 0x000000008ff00000| PB 0x000000008ff00000| Complete 
| 256|0x0000000090000000, 0x0000000090100000, 0x0000000090100000|100%| E|CS|TAMS 0x0000000090000000| PB 0x0000000090000000| Complete 
| 257|0x0000000090100000, 0x0000000090200000, 0x0000000090200000|100%| E|CS|TAMS 0x0000000090100000| PB 0x0000000090100000| Complete 
| 258|0x0000000090200000, 0x0000000090300000, 0x0000000090300000|100%| E|CS|TAMS 0x0000000090200000| PB 0x0000000090200000| Complete 
| 259|0x0000000090300000, 0x0000000090400000, 0x0000000090400000|100%| E|CS|TAMS 0x0000000090300000| PB 0x0000000090300000| Complete 
| 260|0x0000000090400000, 0x0000000090500000, 0x0000000090500000|100%| E|CS|TAMS 0x0000000090400000| PB 0x0000000090400000| Complete 
| 261|0x0000000090500000, 0x0000000090600000, 0x0000000090600000|100%| E|CS|TAMS 0x0000000090500000| PB 0x0000000090500000| Complete 
| 262|0x0000000090600000, 0x0000000090700000, 0x0000000090700000|100%| E|CS|TAMS 0x0000000090600000| PB 0x0000000090600000| Complete 
| 263|0x0000000090700000, 0x0000000090800000, 0x0000000090800000|100%| E|CS|TAMS 0x0000000090700000| PB 0x0000000090700000| Complete 
| 317|0x0000000093d00000, 0x0000000093e00000, 0x0000000093e00000|100%| E|CS|TAMS 0x0000000093d00000| PB 0x0000000093d00000| Complete 
|2043|0x00000000ffb00000, 0x00000000ffc00000, 0x00000000ffc00000|100%| E|CS|TAMS 0x00000000ffb00000| PB 0x00000000ffb00000| Complete 
|2044|0x00000000ffc00000, 0x00000000ffd00000, 0x00000000ffd00000|100%| O|  |TAMS 0x00000000ffc00000| PB 0x00000000ffc00000| Untracked 
|2045|0x00000000ffd00000, 0x00000000ffe00000, 0x00000000ffe00000|100%| O|  |TAMS 0x00000000ffd00000| PB 0x00000000ffd00000| Untracked 
|2046|0x00000000ffe00000, 0x00000000fff00000, 0x00000000fff00000|100%| E|CS|TAMS 0x00000000ffe00000| PB 0x00000000ffe00000| Complete 
|2047|0x00000000fff00000, 0x0000000100000000, 0x0000000100000000|100%| O|  |TAMS 0x00000000fff00000| PB 0x00000000fff00000| Untracked 

Card table byte_map: [0x00000120f4640000,0x00000120f4a40000] _byte_map_base: 0x00000120f4240000

Marking Bits: (CMBitMap*) 0x00000120f0be9610
 Bits: [0x00000120f4a40000, 0x00000120f6a40000)

Polling page: 0x00000120ee9a0000

Metaspace:

Usage:
  Non-class:     77.28 MB used.
      Class:     12.63 MB used.
       Both:     89.91 MB used.

Virtual space:
  Non-class space:      128.00 MB reserved,      78.31 MB ( 61%) committed,  2 nodes.
      Class space:        1.00 GB reserved,      13.62 MB (  1%) committed,  1 nodes.
             Both:        1.12 GB reserved,      91.94 MB (  8%) committed. 

Chunk freelists:
   Non-Class:  1.64 MB
       Class:  2.38 MB
        Both:  4.02 MB

MaxMetaspaceSize: unlimited
CompressedClassSpaceSize: 1.00 GB
Initial GC threshold: 21.00 MB
Current GC threshold: 144.38 MB
CDS: off
 - commit_granule_bytes: 65536.
 - commit_granule_words: 8192.
 - virtual_space_node_default_size: 8388608.
 - enlarge_chunks_in_place: 1.
 - use_allocation_guard: 0.


Internal statistics:

num_allocs_failed_limit: 12.
num_arena_births: 4074.
num_arena_deaths: 0.
num_vsnodes_births: 3.
num_vsnodes_deaths: 0.
num_space_committed: 1471.
num_space_uncommitted: 0.
num_chunks_returned_to_freelist: 12.
num_chunks_taken_from_freelist: 8058.
num_chunk_merges: 9.
num_chunk_splits: 5182.
num_chunks_enlarged: 3151.
num_inconsistent_stats: 0.

CodeHeap 'non-profiled nmethods': size=120000Kb used=5169Kb max_used=5169Kb free=114830Kb
 bounds [0x0000012087ad0000, 0x0000012087fe0000, 0x000001208f000000]
CodeHeap 'profiled nmethods': size=120000Kb used=15671Kb max_used=15671Kb free=104328Kb
 bounds [0x0000012080000000, 0x0000012080f60000, 0x0000012087530000]
CodeHeap 'non-nmethods': size=5760Kb used=1958Kb max_used=1995Kb free=3801Kb
 bounds [0x0000012087530000, 0x00000120877a0000, 0x0000012087ad0000]
CodeCache: size=245760Kb, used=22798Kb, max_used=22835Kb, free=222959Kb
 total_blobs=9513, nmethods=8670, adapters=746, full_count=0
Compilation: enabled, stopped_count=0, restarted_count=0

Compilation events (20 events):
Event: 11.717 Thread 0x00000120f9855080 10188       3       org.objectweb.asm.MethodWriter::computeMethodInfoSize (571 bytes)
Event: 11.718 Thread 0x00000120f9855080 nmethod 10188 0x0000012080f41690 code [0x0000012080f419c0, 0x0000012080f42870]
Event: 11.718 Thread 0x00000120f9855080 10189       3       org.objectweb.asm.MethodWriter::hasFrames (13 bytes)
Event: 11.718 Thread 0x00000120f9855080 nmethod 10189 0x0000012080aa5890 code [0x0000012080aa5a20, 0x0000012080aa5b80]
Event: 11.718 Thread 0x00000120f9855080 10190       3       org.objectweb.asm.MethodWriter::putMethodInfo (1274 bytes)
Event: 11.721 Thread 0x00000120f9855080 nmethod 10190 0x0000012080f42f10 code [0x0000012080f43620, 0x0000012080f45c48]
Event: 11.721 Thread 0x00000120f9855080 10192       3       org.objectweb.asm.commons.GeneratorAdapter::<init> (50 bytes)
Event: 11.721 Thread 0x00000120f9855080 nmethod 10192 0x0000012080f46f90 code [0x0000012080f471c0, 0x0000012080f47918]
Event: 11.721 Thread 0x00000120f9855080 10191       3       org.objectweb.asm.Handler::putExceptionTable (63 bytes)
Event: 11.722 Thread 0x00000120f9855080 nmethod 10191 0x0000012080f47c10 code [0x0000012080f47e40, 0x0000012080f482c0]
Event: 11.722 Thread 0x00000120f9855080 10194       3       java.lang.invoke.LambdaForm$MH/0x0000000100909800::invoke (42 bytes)
Event: 11.722 Thread 0x00000120f9855080 nmethod 10194 0x0000012080f48590 code [0x0000012080f48820, 0x0000012080f494a0]
Event: 11.725 Thread 0x00000120f9855080 10195   !   3       org.slf4j.LoggerFactory::getProvider (102 bytes)
Event: 11.725 Thread 0x00000120f9855080 nmethod 10195 0x0000012080f49910 code [0x0000012080f49b40, 0x0000012080f4a1a8]
Event: 11.726 Thread 0x00000120f9855080 10196       3       org.gradle.model.internal.asm.ClassVisitorScope::addField (11 bytes)
Event: 11.726 Thread 0x00000120f9855080 nmethod 10196 0x0000012080f4a390 code [0x0000012080f4a5a0, 0x0000012080f4aaa0]
Event: 11.726 Thread 0x00000120f9855080 10197       3       org.objectweb.asm.ByteVector::putByteArray (49 bytes)
Event: 11.726 Thread 0x00000120f9855080 nmethod 10197 0x0000012080f4ac90 code [0x0000012080f4ae60, 0x0000012080f4b128]
Event: 11.729 Thread 0x00000120f9855080 10198       3       org.slf4j.LoggerFactory::getILoggerFactory (9 bytes)
Event: 11.729 Thread 0x00000120f9855080 nmethod 10198 0x0000012080f4b290 code [0x0000012080f4b440, 0x0000012080f4b620]

GC Heap History (20 events):
Event: 6.258 GC heap before
{Heap before GC invocations=17 (full 0):
 garbage-first heap   total 101376K, used 90879K [0x0000000080000000, 0x0000000100000000)
  region size 1024K, 50 young (51200K), 5 survivors (5120K)
 Metaspace       used 71371K, committed 73280K, reserved 1114112K
  class space    used 10209K, committed 11136K, reserved 1048576K
}
Event: 6.263 GC heap after
{Heap after GC invocations=18 (full 0):
 garbage-first heap   total 101376K, used 49477K [0x0000000080000000, 0x0000000100000000)
  region size 1024K, 7 young (7168K), 7 survivors (7168K)
 Metaspace       used 71371K, committed 73280K, reserved 1114112K
  class space    used 10209K, committed 11136K, reserved 1048576K
}
Event: 6.718 GC heap before
{Heap before GC invocations=18 (full 0):
 garbage-first heap   total 101376K, used 90437K [0x0000000080000000, 0x0000000100000000)
  region size 1024K, 48 young (49152K), 7 survivors (7168K)
 Metaspace       used 71666K, committed 73600K, reserved 1114112K
  class space    used 10210K, committed 11136K, reserved 1048576K
}
Event: 6.722 GC heap after
{Heap after GC invocations=19 (full 0):
 garbage-first heap   total 101376K, used 51517K [0x0000000080000000, 0x0000000100000000)
  region size 1024K, 2 young (2048K), 2 survivors (2048K)
 Metaspace       used 71666K, committed 73600K, reserved 1114112K
  class space    used 10210K, committed 11136K, reserved 1048576K
}
Event: 7.110 GC heap before
{Heap before GC invocations=20 (full 0):
 garbage-first heap   total 101376K, used 91453K [0x0000000080000000, 0x0000000100000000)
  region size 1024K, 42 young (43008K), 2 survivors (2048K)
 Metaspace       used 71968K, committed 73920K, reserved 1114112K
  class space    used 10255K, committed 11200K, reserved 1048576K
}
Event: 7.113 GC heap after
{Heap after GC invocations=21 (full 0):
 garbage-first heap   total 101376K, used 53719K [0x0000000080000000, 0x0000000100000000)
  region size 1024K, 4 young (4096K), 4 survivors (4096K)
 Metaspace       used 71968K, committed 73920K, reserved 1114112K
  class space    used 10255K, committed 11200K, reserved 1048576K
}
Event: 7.764 GC heap before
{Heap before GC invocations=21 (full 0):
 garbage-first heap   total 101376K, used 99799K [0x0000000080000000, 0x0000000100000000)
  region size 1024K, 41 young (41984K), 4 survivors (4096K)
 Metaspace       used 73842K, committed 75776K, reserved 1114112K
  class space    used 10480K, committed 11392K, reserved 1048576K
}
Event: 7.770 GC heap after
{Heap after GC invocations=22 (full 0):
 garbage-first heap   total 112640K, used 68502K [0x0000000080000000, 0x0000000100000000)
  region size 1024K, 6 young (6144K), 6 survivors (6144K)
 Metaspace       used 73842K, committed 75776K, reserved 1114112K
  class space    used 10480K, committed 11392K, reserved 1048576K
}
Event: 9.301 GC heap before
{Heap before GC invocations=22 (full 0):
 garbage-first heap   total 112640K, used 100246K [0x0000000080000000, 0x0000000100000000)
  region size 1024K, 38 young (38912K), 6 survivors (6144K)
 Metaspace       used 76326K, committed 78272K, reserved 1179648K
  class space    used 10789K, committed 11712K, reserved 1048576K
}
Event: 9.304 GC heap after
{Heap after GC invocations=23 (full 0):
 garbage-first heap   total 112640K, used 69830K [0x0000000080000000, 0x0000000100000000)
  region size 1024K, 2 young (2048K), 2 survivors (2048K)
 Metaspace       used 76326K, committed 78272K, reserved 1179648K
  class space    used 10789K, committed 11712K, reserved 1048576K
}
Event: 9.766 GC heap before
{Heap before GC invocations=24 (full 0):
 garbage-first heap   total 119808K, used 101574K [0x0000000080000000, 0x0000000100000000)
  region size 1024K, 33 young (33792K), 2 survivors (2048K)
 Metaspace       used 79623K, committed 81728K, reserved 1179648K
  class space    used 11272K, committed 12288K, reserved 1048576K
}
Event: 9.768 GC heap after
{Heap after GC invocations=25 (full 0):
 garbage-first heap   total 119808K, used 70645K [0x0000000080000000, 0x0000000100000000)
  region size 1024K, 2 young (2048K), 2 survivors (2048K)
 Metaspace       used 79623K, committed 81728K, reserved 1179648K
  class space    used 11272K, committed 12288K, reserved 1048576K
}
Event: 10.309 GC heap before
{Heap before GC invocations=25 (full 0):
 garbage-first heap   total 119808K, used 111605K [0x0000000080000000, 0x0000000100000000)
  region size 1024K, 40 young (40960K), 2 survivors (2048K)
 Metaspace       used 83701K, committed 85824K, reserved 1179648K
  class space    used 11822K, committed 12864K, reserved 1048576K
}
Event: 10.313 GC heap after
{Heap after GC invocations=26 (full 0):
 garbage-first heap   total 119808K, used 73811K [0x0000000080000000, 0x0000000100000000)
  region size 1024K, 4 young (4096K), 4 survivors (4096K)
 Metaspace       used 83701K, committed 85824K, reserved 1179648K
  class space    used 11822K, committed 12864K, reserved 1048576K
}
Event: 10.776 GC heap before
{Heap before GC invocations=26 (full 0):
 garbage-first heap   total 119808K, used 106579K [0x0000000080000000, 0x0000000100000000)
  region size 1024K, 37 young (37888K), 4 survivors (4096K)
 Metaspace       used 86637K, committed 88704K, reserved 1179648K
  class space    used 12209K, committed 13248K, reserved 1048576K
}
Event: 10.781 GC heap after
{Heap after GC invocations=27 (full 0):
 garbage-first heap   total 119808K, used 76307K [0x0000000080000000, 0x0000000100000000)
  region size 1024K, 5 young (5120K), 5 survivors (5120K)
 Metaspace       used 86637K, committed 88704K, reserved 1179648K
  class space    used 12209K, committed 13248K, reserved 1048576K
}
Event: 11.114 GC heap before
{Heap before GC invocations=28 (full 0):
 garbage-first heap   total 135168K, used 116243K [0x0000000080000000, 0x0000000100000000)
  region size 1024K, 39 young (39936K), 5 survivors (5120K)
 Metaspace       used 88209K, committed 90240K, reserved 1179648K
  class space    used 12423K, committed 13440K, reserved 1048576K
}
Event: 11.118 GC heap after
{Heap after GC invocations=29 (full 0):
 garbage-first heap   total 135168K, used 80189K [0x0000000080000000, 0x0000000100000000)
  region size 1024K, 5 young (5120K), 5 survivors (5120K)
 Metaspace       used 88209K, committed 90240K, reserved 1179648K
  class space    used 12423K, committed 13440K, reserved 1048576K
}
Event: 11.524 GC heap before
{Heap before GC invocations=29 (full 0):
 garbage-first heap   total 135168K, used 119101K [0x0000000080000000, 0x0000000100000000)
  region size 1024K, 44 young (45056K), 5 survivors (5120K)
 Metaspace       used 90959K, committed 93056K, reserved 1179648K
  class space    used 12765K, committed 13824K, reserved 1048576K
}
Event: 11.527 GC heap after
{Heap after GC invocations=30 (full 0):
 garbage-first heap   total 135168K, used 82083K [0x0000000080000000, 0x0000000100000000)
  region size 1024K, 3 young (3072K), 3 survivors (3072K)
 Metaspace       used 90959K, committed 93056K, reserved 1179648K
  class space    used 12765K, committed 13824K, reserved 1048576K
}

Dll operation events (3 events):
Event: 0.008 Loaded shared library C:\Program Files\Android\Android Studio\jbr\bin\java.dll
Event: 0.012 Loaded shared library C:\Program Files\Android\Android Studio\jbr\bin\zip.dll
Event: 0.509 Loaded shared library C:\Program Files\Android\Android Studio\jbr\bin\verify.dll

Deoptimization events (20 events):
Event: 11.601 Thread 0x0000012090766c80 DEOPT PACKING pc=0x0000012087dc822c sp=0x0000001d0d7f8980
Event: 11.601 Thread 0x0000012090766c80 DEOPT UNPACKING pc=0x00000120875843a2 sp=0x0000001d0d7f8910 mode 2
Event: 11.601 Thread 0x0000012090766c80 Uncommon trap: trap_request=0xffffffc6 fr.pc=0x0000012087dc822c relative=0x00000000000000ec
Event: 11.601 Thread 0x0000012090766c80 Uncommon trap: reason=bimorphic_or_optimized_type_check action=maybe_recompile pc=0x0000012087dc822c method=com.google.common.collect.AbstractIndexedListIterator.next()Ljava/lang/Object; @ 27 c2
Event: 11.601 Thread 0x0000012090766c80 DEOPT PACKING pc=0x0000012087dc822c sp=0x0000001d0d7f8980
Event: 11.601 Thread 0x0000012090766c80 DEOPT UNPACKING pc=0x00000120875843a2 sp=0x0000001d0d7f8910 mode 2
Event: 11.629 Thread 0x0000012090766c80 Uncommon trap: trap_request=0xffffffcc fr.pc=0x0000012087b42cbc relative=0x000000000000027c
Event: 11.629 Thread 0x0000012090766c80 Uncommon trap: reason=intrinsic_or_type_checked_inlining action=make_not_entrant pc=0x0000012087b42cbc method=java.util.Arrays.copyOfRange([Ljava/lang/Object;IILjava/lang/Class;)[Ljava/lang/Object; @ 84 c2
Event: 11.629 Thread 0x0000012090766c80 DEOPT PACKING pc=0x0000012087b42cbc sp=0x0000001d0d7f6a50
Event: 11.629 Thread 0x0000012090766c80 DEOPT UNPACKING pc=0x00000120875843a2 sp=0x0000001d0d7f69f0 mode 2
Event: 11.686 Thread 0x0000012090766c80 Uncommon trap: trap_request=0xffffffbe fr.pc=0x0000012087fb48e0 relative=0x0000000000001500
Event: 11.686 Thread 0x0000012090766c80 Uncommon trap: reason=profile_predicate action=maybe_recompile pc=0x0000012087fb48e0 method=java.util.TimSort.reverseRange([Ljava/lang/Object;II)V @ 5 c2
Event: 11.686 Thread 0x0000012090766c80 DEOPT PACKING pc=0x0000012087fb48e0 sp=0x0000001d0d7f7ea0
Event: 11.686 Thread 0x0000012090766c80 DEOPT UNPACKING pc=0x00000120875843a2 sp=0x0000001d0d7f7d40 mode 2
Event: 11.690 Thread 0x0000012090766c80 Uncommon trap: trap_request=0xffffffd6 fr.pc=0x0000012087fb4cfc relative=0x000000000000191c
Event: 11.690 Thread 0x0000012090766c80 Uncommon trap: reason=array_check action=maybe_recompile pc=0x0000012087fb4cfc method=java.util.TimSort.binarySort([Ljava/lang/Object;IIILjava/util/Comparator;)V @ 183 c2
Event: 11.690 Thread 0x0000012090766c80 DEOPT PACKING pc=0x0000012087fb4cfc sp=0x0000001d0d7f8910
Event: 11.690 Thread 0x0000012090766c80 DEOPT UNPACKING pc=0x00000120875843a2 sp=0x0000001d0d7f8800 mode 2
Event: 11.720 Thread 0x0000012090766c80 DEOPT PACKING pc=0x0000012080a07ca7 sp=0x0000001d0d7f7ca0
Event: 11.720 Thread 0x0000012090766c80 DEOPT UNPACKING pc=0x0000012087584b42 sp=0x0000001d0d7f7280 mode 0

Classes loaded (20 events):
Event: 10.766 Loading class java/util/jar/JarVerifier$VerifierStream
Event: 10.766 Loading class java/util/jar/JarVerifier$VerifierStream done
Event: 10.766 Loading class sun/security/util/ManifestEntryVerifier$SunProviderHolder
Event: 10.766 Loading class sun/security/util/ManifestEntryVerifier$SunProviderHolder done
Event: 10.982 Loading class sun/misc/Unsafe
Event: 10.983 Loading class sun/misc/Unsafe done
Event: 11.045 Loading class java/lang/foreign/ValueLayout
Event: 11.045 Loading class java/lang/foreign/MemoryLayout
Event: 11.045 Loading class java/lang/foreign/MemoryLayout done
Event: 11.045 Loading class java/lang/foreign/ValueLayout done
Event: 11.353 Loading class java/security/KeyStore
Event: 11.353 Loading class java/security/KeyStore done
Event: 11.468 Loading class javax/xml/stream/XMLStreamException
Event: 11.468 Loading class javax/xml/stream/XMLStreamException done
Event: 11.491 Loading class sun/reflect/annotation/AnnotationInvocationHandler$1
Event: 11.491 Loading class sun/reflect/annotation/AnnotationInvocationHandler$1 done
Event: 11.546 Loading class java/util/concurrent/LinkedBlockingDeque$Itr
Event: 11.547 Loading class java/util/concurrent/LinkedBlockingDeque$AbstractItr
Event: 11.547 Loading class java/util/concurrent/LinkedBlockingDeque$AbstractItr done
Event: 11.547 Loading class java/util/concurrent/LinkedBlockingDeque$Itr done

Classes unloaded (0 events):
No events

Classes redefined (0 events):
No events

Internal exceptions (20 events):
Event: 11.695 Thread 0x0000012090766c80 Exception <a 'sun/nio/fs/WindowsException'{0x000000008719f9c8}> (0x000000008719f9c8) 
thrown [s\src\hotspot\share\prims\jni.cpp, line 537]
Event: 11.696 Thread 0x0000012090766c80 Exception <a 'sun/nio/fs/WindowsException'{0x00000000871a50e0}> (0x00000000871a50e0) 
thrown [s\src\hotspot\share\prims\jni.cpp, line 537]
Event: 11.700 Thread 0x0000012090766c80 Exception <a 'sun/nio/fs/WindowsException'{0x00000000871f2bf0}> (0x00000000871f2bf0) 
thrown [s\src\hotspot\share\prims\jni.cpp, line 537]
Event: 11.703 Thread 0x0000012090766c80 Exception <a 'sun/nio/fs/WindowsException'{0x00000000871ff7b0}> (0x00000000871ff7b0) 
thrown [s\src\hotspot\share\prims\jni.cpp, line 537]
Event: 11.707 Thread 0x0000012090766c80 Exception <a 'sun/nio/fs/WindowsException'{0x00000000870209e0}> (0x00000000870209e0) 
thrown [s\src\hotspot\share\prims\jni.cpp, line 537]
Event: 11.709 Thread 0x0000012090766c80 Exception <a 'sun/nio/fs/WindowsException'{0x0000000087035d48}> (0x0000000087035d48) 
thrown [s\src\hotspot\share\prims\jni.cpp, line 537]
Event: 11.709 Thread 0x0000012090766c80 Exception <a 'sun/nio/fs/WindowsException'{0x000000008703a6c0}> (0x000000008703a6c0) 
thrown [s\src\hotspot\share\prims\jni.cpp, line 537]
Event: 11.712 Thread 0x0000012090766c80 Exception <a 'sun/nio/fs/WindowsException'{0x0000000087047af0}> (0x0000000087047af0) 
thrown [s\src\hotspot\share\prims\jni.cpp, line 537]
Event: 11.715 Thread 0x0000012090766c80 Exception <a 'sun/nio/fs/WindowsException'{0x0000000087070280}> (0x0000000087070280) 
thrown [s\src\hotspot\share\prims\jni.cpp, line 537]
Event: 11.715 Thread 0x0000012090766c80 Exception <a 'sun/nio/fs/WindowsException'{0x000000008707b220}> (0x000000008707b220) 
thrown [s\src\hotspot\share\prims\jni.cpp, line 537]
Event: 11.719 Thread 0x0000012090766c80 Exception <a 'sun/nio/fs/WindowsException'{0x00000000870bbb98}> (0x00000000870bbb98) 
thrown [s\src\hotspot\share\prims\jni.cpp, line 537]
Event: 11.719 Thread 0x0000012090766c80 Exception <a 'sun/nio/fs/WindowsException'{0x00000000870c7ca0}> (0x00000000870c7ca0) 
thrown [s\src\hotspot\share\prims\jni.cpp, line 537]
Event: 11.722 Thread 0x0000012090766c80 Exception <a 'sun/nio/fs/WindowsException'{0x0000000086f02578}> (0x0000000086f02578) 
thrown [s\src\hotspot\share\prims\jni.cpp, line 537]
Event: 11.723 Thread 0x0000012090766c80 Exception <a 'sun/nio/fs/WindowsException'{0x0000000086f1d170}> (0x0000000086f1d170) 
thrown [s\src\hotspot\share\prims\jni.cpp, line 537]
Event: 11.724 Thread 0x0000012090766c80 Exception <a 'sun/nio/fs/WindowsException'{0x0000000086f2cab0}> (0x0000000086f2cab0) 
thrown [s\src\hotspot\share\prims\jni.cpp, line 537]
Event: 11.724 Thread 0x0000012090766c80 Exception <a 'sun/nio/fs/WindowsException'{0x0000000086f3a570}> (0x0000000086f3a570) 
thrown [s\src\hotspot\share\prims\jni.cpp, line 537]
Event: 11.727 Thread 0x0000012090766c80 Exception <a 'sun/nio/fs/WindowsException'{0x0000000086f6cd00}> (0x0000000086f6cd00) 
thrown [s\src\hotspot\share\prims\jni.cpp, line 537]
Event: 11.727 Thread 0x0000012090766c80 Exception <a 'sun/nio/fs/WindowsException'{0x0000000086f7bc68}> (0x0000000086f7bc68) 
thrown [s\src\hotspot\share\prims\jni.cpp, line 537]
Event: 11.728 Thread 0x0000012090766c80 Exception <a 'sun/nio/fs/WindowsException'{0x0000000086f88618}> (0x0000000086f88618) 
thrown [s\src\hotspot\share\prims\jni.cpp, line 537]
Event: 11.728 Thread 0x0000012090766c80 Exception <a 'sun/nio/fs/WindowsException'{0x0000000086f96128}> (0x0000000086f96128) 
thrown [s\src\hotspot\share\prims\jni.cpp, line 537]

ZGC Phase Switch (0 events):
No events

VM Operations (20 events):
Event: 10.728 Executing non-safepoint VM operation: HandshakeAllThreads (Deoptimize)
Event: 10.728 Executing non-safepoint VM operation: HandshakeAllThreads (Deoptimize) done
Event: 10.730 Executing non-safepoint VM operation: HandshakeAllThreads (Deoptimize)
Event: 10.730 Executing non-safepoint VM operation: HandshakeAllThreads (Deoptimize) done
Event: 10.776 Executing safepoint VM operation: G1TryInitiateConcMark (G1 Humongous Allocation)
Event: 10.781 Executing safepoint VM operation: G1TryInitiateConcMark (G1 Humongous Allocation) done
Event: 10.815 Executing safepoint VM operation: G1PauseRemark
Event: 10.819 Executing safepoint VM operation: G1PauseRemark done
Event: 10.830 Executing safepoint VM operation: G1PauseCleanup
Event: 10.830 Executing safepoint VM operation: G1PauseCleanup done
Event: 11.114 Executing safepoint VM operation: G1CollectForAllocation (G1 Evacuation Pause)
Event: 11.118 Executing safepoint VM operation: G1CollectForAllocation (G1 Evacuation Pause) done
Event: 11.524 Executing safepoint VM operation: G1CollectForAllocation (G1 Evacuation Pause)
Event: 11.527 Executing safepoint VM operation: G1CollectForAllocation (G1 Evacuation Pause) done
Event: 11.557 Executing non-safepoint VM operation: HandshakeAllThreads (Deoptimize)
Event: 11.557 Executing non-safepoint VM operation: HandshakeAllThreads (Deoptimize) done
Event: 11.558 Executing non-safepoint VM operation: HandshakeAllThreads (Deoptimize)
Event: 11.558 Executing non-safepoint VM operation: HandshakeAllThreads (Deoptimize) done
Event: 12.558 Executing safepoint VM operation: Cleanup
Event: 12.558 Executing safepoint VM operation: Cleanup done

Memory protections (0 events):
No events

Nmethod flushes (20 events):
Event: 10.818 Thread 0x00000120f97832b0 flushing  nmethod 0x0000012080b90e10
Event: 10.818 Thread 0x00000120f97832b0 flushing  nmethod 0x0000012080d09190
Event: 10.818 Thread 0x00000120f97832b0 flushing  nmethod 0x0000012080657d10
Event: 10.818 Thread 0x00000120f97832b0 flushing  nmethod 0x00000120808e3990
Event: 10.818 Thread 0x00000120f97832b0 flushing  nmethod 0x00000120808e7d90
Event: 10.818 Thread 0x00000120f97832b0 flushing  nmethod 0x00000120808e8310
Event: 10.818 Thread 0x00000120f97832b0 flushing  nmethod 0x00000120809b3810
Event: 10.818 Thread 0x00000120f97832b0 flushing  nmethod 0x0000012080cdea90
Event: 10.818 Thread 0x00000120f97832b0 flushing  nmethod 0x0000012080ce5590
Event: 10.818 Thread 0x00000120f97832b0 flushing  nmethod 0x000001208084a690
Event: 10.818 Thread 0x00000120f97832b0 flushing  nmethod 0x0000012080850610
Event: 10.818 Thread 0x00000120f97832b0 flushing  nmethod 0x00000120808c2b10
Event: 10.818 Thread 0x00000120f97832b0 flushing  nmethod 0x000001208092b610
Event: 10.818 Thread 0x00000120f97832b0 flushing  nmethod 0x000001208092fd90
Event: 10.818 Thread 0x00000120f97832b0 flushing  nmethod 0x0000012080a9ca90
Event: 10.818 Thread 0x00000120f97832b0 flushing  nmethod 0x0000012080a9dd10
Event: 10.818 Thread 0x00000120f97832b0 flushing  nmethod 0x0000012080a9f510
Event: 10.818 Thread 0x00000120f97832b0 flushing  nmethod 0x0000012080be5a10
Event: 10.818 Thread 0x00000120f97832b0 flushing  nmethod 0x0000012080d2bb90
Event: 10.818 Thread 0x00000120f97832b0 flushing  nmethod 0x0000012080d2da90

Events (20 events):
Event: 4.001 Thread 0x0000012090766c80 Thread added: 0x00000120934b3560
Event: 4.001 Thread 0x0000012090766c80 Thread added: 0x00000120934b2ed0
Event: 4.063 Thread 0x0000012090766c80 Thread added: 0x00000120934b21b0
Event: 4.120 Thread 0x0000012090766c80 Thread added: 0x00000120934b4280
Event: 4.164 Thread 0x0000012090766c80 Thread added: 0x00000120934b0e00
Event: 4.182 Thread 0x0000012090766c80 Thread added: 0x00000120934b5cc0
Event: 4.189 Thread 0x0000012090766c80 Thread added: 0x00000120934b4910
Event: 5.382 Thread 0x00000120fe3e4570 Thread exited: 0x00000120fe3e4570
Event: 5.387 Thread 0x00000120fe2189d0 Thread exited: 0x00000120fe2189d0
Event: 5.402 Thread 0x00000120f9855080 Thread added: 0x0000012092f5b580
Event: 5.626 Thread 0x00000120f9855080 Thread added: 0x0000012092f5de60
Event: 7.517 Thread 0x0000012092f5de60 Thread exited: 0x0000012092f5de60
Event: 7.802 Thread 0x0000012092f5b580 Thread exited: 0x0000012092f5b580
Event: 9.180 Thread 0x00000120f9855080 Thread added: 0x0000012092f5d790
Event: 9.180 Thread 0x00000120f9855080 Thread added: 0x0000012092f5e530
Event: 9.263 Thread 0x0000012090766c80 Thread added: 0x00000120946a94d0
Event: 9.417 Thread 0x0000012092f5e530 Thread exited: 0x0000012092f5e530
Event: 9.745 Thread 0x0000012090766c80 Thread added: 0x00000120946a7400
Event: 10.255 Thread 0x00000120f9855080 Thread added: 0x0000012092f5f2d0
Event: 10.373 Thread 0x0000012090766c80 Thread added: 0x00000120946a9b60


Dynamic libraries:
0x00007ff7397d0000 - 0x00007ff7397da000 	C:\Program Files\Android\Android Studio\jbr\bin\java.exe
0x00007ffeef5c0000 - 0x00007ffeef827000 	C:\WINDOWS\SYSTEM32\ntdll.dll
0x00007ffeeeb10000 - 0x00007ffeeebd9000 	C:\WINDOWS\System32\KERNEL32.DLL
0x00007ffeec4a0000 - 0x00007ffeec897000 	C:\WINDOWS\System32\KERNELBASE.dll
0x00007ffeec170000 - 0x00007ffeec2bb000 	C:\WINDOWS\System32\ucrtbase.dll
0x00007ffec4630000 - 0x00007ffec4648000 	C:\Program Files\Android\Android Studio\jbr\bin\jli.dll
0x00007ffee7420000 - 0x00007ffee743b000 	C:\Program Files\Android\Android Studio\jbr\bin\VCRUNTIME140.dll
0x00007ffeef070000 - 0x00007ffeef236000 	C:\WINDOWS\System32\USER32.dll
0x00007ffed8c80000 - 0x00007ffed8f12000 	C:\WINDOWS\WinSxS\amd64_microsoft.windows.common-controls_6595b64144ccf1df_6.0.26100.8457_none_3e0b2faee331e92d\COMCTL32.dll
0x00007ffeec140000 - 0x00007ffeec167000 	C:\WINDOWS\System32\win32u.dll
0x00007ffeef040000 - 0x00007ffeef06b000 	C:\WINDOWS\System32\GDI32.dll
0x00007ffeed590000 - 0x00007ffeed639000 	C:\WINDOWS\System32\msvcrt.dll
0x00007ffeec370000 - 0x00007ffeec49c000 	C:\WINDOWS\System32\gdi32full.dll
0x00007ffeed290000 - 0x00007ffeed333000 	C:\WINDOWS\System32\msvcp_win.dll
0x00007ffeef000000 - 0x00007ffeef032000 	C:\WINDOWS\System32\IMM32.DLL
0x00007ffee91b0000 - 0x00007ffee91bc000 	C:\Program Files\Android\Android Studio\jbr\bin\vcruntime140_1.dll
0x00007ffe98300000 - 0x00007ffe9838d000 	C:\Program Files\Android\Android Studio\jbr\bin\msvcp140.dll
0x00007ffe38c60000 - 0x00007ffe398f6000 	C:\Program Files\Android\Android Studio\jbr\bin\server\jvm.dll
0x00007ffeedad0000 - 0x00007ffeedb86000 	C:\WINDOWS\System32\ADVAPI32.dll
0x00007ffeeed40000 - 0x00007ffeeede7000 	C:\WINDOWS\System32\sechost.dll
0x00007ffeed3f0000 - 0x00007ffeed508000 	C:\WINDOWS\System32\RPCRT4.dll
0x00007ffeef430000 - 0x00007ffeef4b0000 	C:\WINDOWS\System32\WS2_32.dll
0x00007ffeebe70000 - 0x00007ffeebece000 	C:\WINDOWS\SYSTEM32\POWRPROF.dll
0x00007ffee4ed0000 - 0x00007ffee4f06000 	C:\WINDOWS\SYSTEM32\WINMM.dll
0x00007ffee4f10000 - 0x00007ffee4f1b000 	C:\WINDOWS\SYSTEM32\VERSION.dll
0x00007ffeebe50000 - 0x00007ffeebe64000 	C:\WINDOWS\SYSTEM32\UMPDC.dll
0x00007ffeead50000 - 0x00007ffeead6b000 	C:\WINDOWS\SYSTEM32\kernel.appcore.dll
0x00007ffee7200000 - 0x00007ffee720a000 	C:\Program Files\Android\Android Studio\jbr\bin\jimage.dll
0x00007ffeea1a0000 - 0x00007ffeea3e2000 	C:\WINDOWS\SYSTEM32\DBGHELP.DLL
0x00007ffeed640000 - 0x00007ffeed9c3000 	C:\WINDOWS\System32\combase.dll
0x00007ffeeea30000 - 0x00007ffeeeb09000 	C:\WINDOWS\System32\OLEAUT32.dll
0x00007ffec2230000 - 0x00007ffec226b000 	C:\WINDOWS\SYSTEM32\dbgcore.DLL
0x00007ffeec2c0000 - 0x00007ffeec368000 	C:\WINDOWS\System32\bcryptPrimitives.dll
0x00007ffec8850000 - 0x00007ffec885e000 	C:\Program Files\Android\Android Studio\jbr\bin\instrument.dll
0x00007ffedd600000 - 0x00007ffedd620000 	C:\Program Files\Android\Android Studio\jbr\bin\java.dll
0x00007ffed63a0000 - 0x00007ffed63b8000 	C:\Program Files\Android\Android Studio\jbr\bin\zip.dll
0x00007ffeee2b0000 - 0x00007ffeeea1e000 	C:\WINDOWS\System32\SHELL32.dll
0x00007ffeec8a0000 - 0x00007ffeed10c000 	C:\WINDOWS\System32\windows.storage.dll
0x00007ffeed9d0000 - 0x00007ffeedac6000 	C:\WINDOWS\System32\SHCORE.dll
0x00007ffeeedf0000 - 0x00007ffeeee56000 	C:\WINDOWS\System32\shlwapi.dll
0x00007ffeebf10000 - 0x00007ffeebf39000 	C:\WINDOWS\SYSTEM32\profapi.dll
0x00007ffee7130000 - 0x00007ffee7140000 	C:\Program Files\Android\Android Studio\jbr\bin\net.dll
0x00007ffee2cc0000 - 0x00007ffee2de9000 	C:\WINDOWS\SYSTEM32\WINHTTP.dll
0x00007ffeeb2d0000 - 0x00007ffeeb33c000 	C:\WINDOWS\system32\mswsock.dll
0x00007ffeca880000 - 0x00007ffeca896000 	C:\Program Files\Android\Android Studio\jbr\bin\nio.dll
0x00007ffeca860000 - 0x00007ffeca870000 	C:\Program Files\Android\Android Studio\jbr\bin\verify.dll
0x00007ffebbaf0000 - 0x00007ffebbb17000 	C:\Users\Anselmus\.gradle\native\660c5614fbf4a5f2a75b1949f50a0caf5cd603558e7d8a26e50b933a0cfb79d1\windows-amd64\native-platform.dll
0x00007ffea1140000 - 0x00007ffea11b7000 	C:\Users\Anselmus\.gradle\native\0.2.8\x86_64-windows-gnu\gradle-fileevents.dll
0x00007ffecec40000 - 0x00007ffecec49000 	C:\Program Files\Android\Android Studio\jbr\bin\management.dll
0x00007ffecebe0000 - 0x00007ffecebeb000 	C:\Program Files\Android\Android Studio\jbr\bin\management_ext.dll
0x00007ffeee0b0000 - 0x00007ffeee0b8000 	C:\WINDOWS\System32\PSAPI.DLL
0x00007ffeea730000 - 0x00007ffeea762000 	C:\WINDOWS\SYSTEM32\IPHLPAPI.DLL
0x00007ffeef3f0000 - 0x00007ffeef3fa000 	C:\WINDOWS\System32\NSI.dll
0x00007ffee1c70000 - 0x00007ffee1c79000 	C:\Program Files\Android\Android Studio\jbr\bin\extnet.dll
0x00007ffeeb5e0000 - 0x00007ffeeb5fb000 	C:\WINDOWS\SYSTEM32\CRYPTSP.dll
0x00007ffeeacb0000 - 0x00007ffeeace9000 	C:\WINDOWS\system32\rsaenh.dll
0x00007ffeeb380000 - 0x00007ffeeb3b3000 	C:\WINDOWS\SYSTEM32\USERENV.dll
0x00007ffeebee0000 - 0x00007ffeebf0a000 	C:\WINDOWS\SYSTEM32\bcrypt.dll
0x00007ffeeb5d0000 - 0x00007ffeeb5dc000 	C:\WINDOWS\SYSTEM32\CRYPTBASE.dll
0x00007ffe9ff10000 - 0x00007ffe9ff18000 	C:\WINDOWS\system32\wshunix.dll

JVMTI agents:
C:\Users\Anselmus\.gradle\wrapper\dists\gradle-9.4.1-bin\arn2x92ynaizyzdaamcbpbhtj\gradle-9.4.1\lib\agents\gradle-instrumentation-agent-9.4.1.jar path:C:\Program Files\Android\Android Studio\jbr\bin\instrument.dll, loaded, initialized, instrumentlib options:none

dbghelp: loaded successfully - version: 4.0.5 - missing functions: none
symbol engine: initialized successfully - sym options: 0x614 - pdb path: .;C:\Program Files\Android\Android Studio\jbr\bin;C:\WINDOWS\SYSTEM32;C:\WINDOWS\WinSxS\amd64_microsoft.windows.common-controls_6595b64144ccf1df_6.0.26100.8457_none_3e0b2faee331e92d;C:\Program Files\Android\Android Studio\jbr\bin\server;C:\Users\Anselmus\.gradle\native\660c5614fbf4a5f2a75b1949f50a0caf5cd603558e7d8a26e50b933a0cfb79d1\windows-amd64;C:\Users\Anselmus\.gradle\native\0.2.8\x86_64-windows-gnu

VM Arguments:
jvm_args: --add-opens=java.base/java.lang=ALL-UNNAMED --add-opens=java.base/java.lang.invoke=ALL-UNNAMED --add-opens=java.base/java.util=ALL-UNNAMED --add-opens=java.prefs/java.util.prefs=ALL-UNNAMED --add-exports=jdk.compiler/com.sun.tools.javac.api=ALL-UNNAMED --add-exports=jdk.compiler/com.sun.tools.javac.util=ALL-UNNAMED --add-opens=java.base/java.util=ALL-UNNAMED --add-opens=java.prefs/java.util.prefs=ALL-UNNAMED --add-opens=java.base/java.nio.charset=ALL-UNNAMED --add-opens=java.base/java.net=ALL-UNNAMED --add-opens=java.base/java.util.concurrent=ALL-UNNAMED --add-opens=java.base/java.util.concurrent.atomic=ALL-UNNAMED --add-opens=java.xml/javax.xml.namespace=ALL-UNNAMED --add-opens=java.base/java.time=ALL-UNNAMED -Xmx2048m -Dfile.encoding=UTF-8 -Duser.country=ID -Duser.language=en -Duser.variant -javaagent:C:\Users\Anselmus\.gradle\wrapper\dists\gradle-9.4.1-bin\arn2x92ynaizyzdaamcbpbhtj\gradle-9.4.1\lib\agents\gradle-instrumentation-agent-9.4.1.jar 
java_command: org.gradle.launcher.daemon.bootstrap.GradleDaemon 9.4.1
java_class_path (initial): C:\Users\Anselmus\.gradle\wrapper\dists\gradle-9.4.1-bin\arn2x92ynaizyzdaamcbpbhtj\gradle-9.4.1\lib\gradle-daemon-main-9.4.1.jar
Launcher Type: SUN_STANDARD

[Global flags]
     intx CICompilerCount                          = 4                                         {product} {ergonomic}
     uint ConcGCThreads                            = 3                                         {product} {ergonomic}
     uint G1ConcRefinementThreads                  = 10                                        {product} {ergonomic}
   size_t G1HeapRegionSize                         = 1048576                                   {product} {ergonomic}
    uintx GCDrainStackTargetSize                   = 64                                        {product} {ergonomic}
   size_t InitialHeapSize                          = 333447168                                 {product} {ergonomic}
   size_t MarkStackSize                            = 4194304                                   {product} {ergonomic}
   size_t MaxHeapSize                              = 2147483648                                {product} {command line}
   size_t MaxNewSize                               = 1287651328                                {product} {ergonomic}
   size_t MinHeapDeltaBytes                        = 1048576                                   {product} {ergonomic}
   size_t MinHeapSize                              = 8388608                                   {product} {ergonomic}
    uintx NonNMethodCodeHeapSize                   = 5839372                                {pd product} {ergonomic}
    uintx NonProfiledCodeHeapSize                  = 122909434                              {pd product} {ergonomic}
    uintx ProfiledCodeHeapSize                     = 122909434                              {pd product} {ergonomic}
    uintx ReservedCodeCacheSize                    = 251658240                              {pd product} {ergonomic}
     bool SegmentedCodeCache                       = true                                      {product} {ergonomic}
   size_t SoftMaxHeapSize                          = 2147483648                             {manageable} {ergonomic}
     bool UseCompressedOops                        = true                           {product lp64_product} {ergonomic}
     bool UseG1GC                                  = true                                      {product} {ergonomic}
     bool UseLargePagesIndividualAllocation        = false                                  {pd product} {ergonomic}

Logging:
Log output configuration:
 #0: stdout all=warning uptime,level,tags foldmultilines=false
 #1: stderr all=off uptime,level,tags foldmultilines=false

Release file:
JAVA_VERSION="21.0.10" 
MODULES="java.base java.compiler java.datatransfer java.xml java.prefs java.desktop java.instrument java.logging java.management java.security.sasl java.naming java.rmi java.management.rmi java.net.http java.scripting java.security.jgss java.transaction.xa java.sql java.sql.rowset java.xml.crypto java.se java.smartcardio jdk.accessibility jdk.internal.jvmstat jdk.attach jdk.charsets jdk.internal.opt jdk.zipfs jdk.compiler jdk.crypto.ec jdk.crypto.cryptoki jdk.dynalink jdk.hotspot.agent jdk.httpserver jdk.internal.ed jdk.internal.le jdk.internal.vm.ci jdk.jartool jdk.javadoc jdk.jcmd jdk.jdeps jdk.jdwp.agent jdk.jdi jdk.jfr jdk.jlink jdk.jsobject jdk.localedata jdk.management jdk.management.agent jdk.management.jfr jdk.naming.dns jdk.naming.rmi jdk.net jdk.sctp jdk.security.auth jdk.security.jgss jdk.unsupported jdk.unsupported.desktop jdk.xml.dom" 
IMPLEMENTOR="JetBrains s.r.o." 
JAVA_RUNTIME_VERSION="21.0.10+-14961533-b1163.108" 
LIBC="default" 
OS_ARCH="x86_64" 
OS_NAME="Windows" 
SOURCE=".:git:1351622c2ff2" 

Environment Variables:
PATH=C:\Program Files\NVIDIA GPU Computing Toolkit\CUDA\v13.2\bin\x64;C:\Program Files\NVIDIA GPU Computing Toolkit\CUDA\v13.2\bin;C:\Program Files (x86)\Common Files\Oracle\Java\java8path;C:\Program Files (x86)\Common Files\Oracle\Java\javapath;C:\Program Files\Eclipse Adoptium\jdk-25.0.2.10-hotspot\bin;C:\Windows\system32;C:\Windows;C:\Windows\System32\Wbem;C:\Windows\System32\WindowsPowerShell\v1.0\;C:\Windows\System32\OpenSSH\;C:\WINDOWS\system32;C:\WINDOWS;C:\WINDOWS\System32\Wbem;C:\WINDOWS\System32\WindowsPowerShell\v1.0\;C:\WINDOWS\System32\OpenSSH\;C:\ProgramData\chocolatey\bin;C:\Program Files (x86)\NVIDIA Corporation\PhysX\Common;C:\MinGW\bin;C:\Program Files\NVIDIA Corporation\NVIDIA App\NvDLISR;C:\Program Files\Git\cmd;C:\Program Files\nodejs\;C:\Users\Anselmus\AppData\Local\Android\Sdk\platform-tools;C:\Program Files\OpenSSL-Win64;C:\Program Files\CMake\bin;C:\Program Files\Docker\Docker\resources\bin;C:\Users\Anselmus\.unsloth\studio\bin;C:\Program Files\NVIDIA GPU Computing Toolkit\CUDA\v13.2\bin;C:\Users\Anselmus\AppData\Local\Programs\Python\Launcher\;C:\Users\Anselmus\AppData\Local\Microsoft\WindowsApps;C:\Users\Anselmus\AppData\Local\Programs\Microsoft VS Code\bin;C:\Users\Anselmus\AppData\Local\spicetify;C:\Program Files\JetBrains\CLion 2024.1.1\bin;C:\Users\Anselmus\Downloads\Programs\mingw-w64-v11.0.0\mingw-w64-v11.0.0\mingw64\bin;C:\Users\Anselmus\AppData\Local\Microsoft\WindowsApps;D:\Ansel\Kuliah\Binus\Semester 3\2. Code - Kuliah\OOP\flutter\bin;C:\1. CODING\Semester 4 - Code\DEX2JAR\dex-tools-2.1;C:\Users\Anselmus\AppData\Roaming\npm;C:\Users\Anselmus\AppData\Local\Packages\PythonSoftwareFoundation.Python.3.13_qbz5n2kfra8p0\LocalCache\local-packages\Python313\Scripts;C:\Users\Anselmus\AppData\Local\Microsoft\WinGet\Packages\astral-sh.uv_Microsoft.Winget.Source_8wekyb3d8bbwe
USERNAME=Anselmus
OS=Windows_NT
PROCESSOR_IDENTIFIER=AMD64 Family 25 Model 80 Stepping 0, AuthenticAMD
TMP=C:\Users\Anselmus\AppData\Local\Temp
TEMP=C:\Users\Anselmus\AppData\Local\Temp




Periodic native trim disabled

JNI global refs:
JNI global refs: 29, weak refs: 1

JNI global refs memory usage: 835, weak refs: 833

Process memory usage:
Resident Set Size: 403320K (1% of 20820028K total physical memory with 3988092K free physical memory)

OOME stack traces (most recent first):
Classloader memory used:
Loader org.gradle.internal.classloader.VisitableURLClassLoader                         : 40247K
Loader bootstrap                                                                       : 26340K
Loader org.gradle.internal.classloader.VisitableURLClassLoader$InstrumentingVisitableURLClassLoader: 12634K
Loader org.gradle.initialization.MixInLegacyTypesClassLoader                           : 11979K
Loader jdk.internal.reflect.DelegatingClassLoader                                      : 246K
Loader jdk.internal.loader.ClassLoaders$AppClassLoader                                 : 189K
Loader org.gradle.internal.classloader.VisitableURLClassLoader                         : 167K
Loader jdk.internal.loader.ClassLoaders$PlatformClassLoader                            : 150K
Loader org.gradle.groovy.scripts.internal.DefaultScriptCompilationHandler$ScriptClassLoader: 119K

Classes loaded by more than one classloader:
Class Program                                                                         : loaded 5 times (x 72B)
Class Build_gradle                                                                    : loaded 3 times (x 126B)
Class com.google.common.collect.RegularImmutableMap$KeySet                            : loaded 2 times (x 152B)
Class org.gradle.internal.classloader.FilteringClassLoader                            : loaded 2 times (x 105B)
Class com.google.common.base.CharMatcher$IsEither                                     : loaded 2 times (x 111B)
Class org.gradle.internal.classloader.ClassLoaderHierarchy                            : loaded 2 times (x 70B)
Class com.google.common.collect.ImmutableEnumSet                                      : loaded 2 times (x 146B)
Class com.google.common.util.concurrent.ExecutionError                                : loaded 2 times (x 82B)
Class com.google.common.collect.ImmutableList$1                                       : loaded 2 times (x 97B)
Class com.google.common.collect.RegularImmutableMap                                   : loaded 2 times (x 121B)
Class com.google.common.collect.ImmutableMap$MapViewOfValuesAsSingletonSets           : loaded 2 times (x 126B)
Class [Lorg.objectweb.asm.Symbol;                                                     : loaded 2 times (x 69B)
Class org.objectweb.asm.ClassVisitor                                                  : loaded 2 times (x 88B)
Class com.google.common.collect.UnmodifiableListIterator                              : loaded 2 times (x 95B)
Class org.objectweb.asm.MethodTooLargeException                                       : loaded 2 times (x 83B)
Class [Lcom.google.common.cache.CacheBuilder$OneWeigher;                              : loaded 2 times (x 69B)
Class com.google.common.base.Suppliers                                                : loaded 2 times (x 71B)
Class org.gradle.internal.classloader.DefaultClassLoaderFactory                       : loaded 2 times (x 82B)
Class [Lcom.google.common.collect.ImmutableMapEntry;                                  : loaded 2 times (x 69B)
Class com.google.common.collect.ListMultimap                                          : loaded 2 times (x 70B)
Class com.google.common.collect.ImmutableEnumMap                                      : loaded 2 times (x 126B)
Class com.google.common.collect.Sets$1                                                : loaded 2 times (x 139B)
Class org.objectweb.asm.AnnotationVisitor                                             : loaded 2 times (x 78B)
Class org.gradle.api.internal.DefaultClassPathProvider                                : loaded 2 times (x 76B)
Class com.google.common.collect.Sets$2                                                : loaded 2 times (x 139B)
Class [Lorg.gradle.api.internal.ClassPathProvider;                                    : loaded 2 times (x 69B)
Class org.gradle.api.internal.ClassPathProvider                                       : loaded 2 times (x 70B)
Class [Lorg.objectweb.asm.AnnotationVisitor;                                          : loaded 2 times (x 69B)
Class com.google.common.collect.Sets$3                                                : loaded 2 times (x 139B)
Class com.google.common.cache.LocalCache$LocalLoadingCache                            : loaded 2 times (x 134B)
Class org.gradle.internal.service.UnknownServiceException                             : loaded 2 times (x 83B)
Class com.google.common.collect.Sets$4                                                : loaded 2 times (x 139B)
Class org.objectweb.asm.ModuleVisitor                                                 : loaded 2 times (x 81B)
Class com.google.common.cache.LocalCache$Strength$1                                   : loaded 2 times (x 81B)
Class com.google.common.util.concurrent.SettableFuture                                : loaded 2 times (x 114B)
Class com.google.common.cache.LocalCache$Strength$2                                   : loaded 2 times (x 81B)
Class com.google.common.cache.LocalCache$Strength$3                                   : loaded 2 times (x 81B)
Class com.google.common.collect.MapDifference                                         : loaded 2 times (x 70B)
Class org.objectweb.asm.FieldWriter                                                   : loaded 2 times (x 78B)
Class com.google.common.cache.CacheBuilder$NullListener                               : loaded 2 times (x 82B)
Class org.gradle.internal.classpath.TransformedClassPath                              : loaded 2 times (x 96B)
Class org.gradle.internal.classloader.InstrumentingClassLoader                        : loaded 2 times (x 70B)
Class com.google.common.cache.CacheLoader$FunctionToCacheLoader                       : loaded 2 times (x 75B)
Class com.google.common.collect.Iterators$ArrayItr                                    : loaded 2 times (x 97B)
Class com.google.common.collect.ImmutableCollection$Builder                           : loaded 2 times (x 76B)
Class com.google.common.base.Joiner                                                   : loaded 2 times (x 79B)
Class com.google.common.base.MoreObjects                                              : loaded 2 times (x 71B)
Class com.google.common.collect.Platform                                              : loaded 2 times (x 71B)
Class com.google.common.base.PairwiseEquivalence                                      : loaded 2 times (x 83B)
Class com.google.common.collect.UnmodifiableIterator                                  : loaded 2 times (x 80B)
Class org.gradle.internal.service.ServiceLocator                                      : loaded 2 times (x 70B)
Class com.google.common.base.Ascii                                                    : loaded 2 times (x 71B)
Class com.google.common.collect.SingletonImmutableBiMap                               : loaded 2 times (x 143B)
Class com.google.common.cache.LocalCache$1                                            : loaded 2 times (x 89B)
Class com.google.common.collect.Iterators$SingletonIterator                           : loaded 2 times (x 81B)
Class com.google.common.collect.AbstractMapEntry                                      : loaded 2 times (x 81B)
Class com.google.common.collect.AbstractMultimap                                      : loaded 2 times (x 123B)
Class com.google.common.cache.LocalCache$2                                            : loaded 2 times (x 142B)
Class com.google.common.collect.RegularImmutableAsList                                : loaded 2 times (x 217B)
Class com.google.common.util.concurrent.AbstractFuture$Trusted                        : loaded 2 times (x 70B)
Class com.google.common.collect.Iterators                                             : loaded 2 times (x 71B)
Class com.google.common.collect.Lists$StringAsImmutableList                           : loaded 2 times (x 207B)
Class com.google.common.util.concurrent.UncheckedExecutionException                   : loaded 2 times (x 82B)
Class org.gradle.kotlin.dsl.VersionCatalogAccessorsKt                                 : loaded 2 times (x 71B)
Class ijKotlinCoroutineJvmDebugInit1_79e9bzquytwpyk0ixam11jgk$_run_closure1$_closure2 : loaded 2 times (x 139B)
Class org.objectweb.asm.ClassWriter                                                   : loaded 2 times (x 106B)
Class com.google.common.cache.CacheLoader$UnsupportedLoadingOperationException        : loaded 2 times (x 82B)
Class com.google.common.base.CharMatcher$And                                          : loaded 2 times (x 112B)
Class ijKotlinCoroutineJvmDebugInit1_79e9bzquytwpyk0ixam11jgk                         : loaded 2 times (x 171B)
Class org.objectweb.asm.FieldVisitor                                                  : loaded 2 times (x 77B)
Class com.google.common.collect.IndexedImmutableSet                                   : loaded 2 times (x 152B)
Class com.google.common.collect.ImmutableMap$1                                        : loaded 2 times (x 81B)
Class com.google.common.collect.BiMap                                                 : loaded 2 times (x 70B)
Class org.gradle.api.internal.classpath.DefaultModuleRegistry$DefaultModule           : loaded 2 times (x 82B)
Class com.google.common.primitives.Ints                                               : loaded 2 times (x 71B)
Class com.google.common.collect.AbstractIterator                                      : loaded 2 times (x 82B)
Class com.google.common.math.MathPreconditions                                        : loaded 2 times (x 71B)
Class com.google.common.collect.Multiset                                              : loaded 2 times (x 70B)
Class com.google.common.collect.ArrayListMultimapGwtSerializationDependencies         : loaded 2 times (x 172B)
Class com.google.common.collect.AbstractIndexedListIterator                           : loaded 2 times (x 96B)
Class com.google.common.collect.ImmutableMapEntrySet                                  : loaded 2 times (x 152B)
Class org.gradle.api.internal.classpath.Module                                        : loaded 2 times (x 70B)
Class com.google.common.cache.Weigher                                                 : loaded 2 times (x 70B)
Class org.gradle.api.internal.classpath.UnknownModuleException                        : loaded 2 times (x 82B)
Class com.google.common.base.Stopwatch                                                : loaded 2 times (x 72B)
Class com.google.common.cache.LocalCache$Strength                                     : loaded 2 times (x 81B)
Class com.google.common.cache.Cache                                                   : loaded 2 times (x 70B)
Class com.google.common.util.concurrent.AbstractFuture$Cancellation                   : loaded 2 times (x 72B)
Class com.google.common.collect.ImmutableMap$Builder                                  : loaded 2 times (x 82B)
Class com.google.common.cache.RemovalListener                                         : loaded 2 times (x 70B)
Class org.gradle.api.internal.DefaultClassPathRegistry                                : loaded 2 times (x 76B)
Class com.google.common.primitives.IntsMethodsForWeb                                  : loaded 2 times (x 71B)
Class com.google.common.collect.Multimap                                              : loaded 2 times (x 70B)
Class ijKotlinCoroutineJvmDebugInit1_79e9bzquytwpyk0ixam11jgk$_run_closure1           : loaded 2 times (x 139B)
Class org.gradle.internal.classpath.DefaultClassPath$ImmutableUniqueList              : loaded 2 times (x 199B)
Class org.gradle.api.internal.ClassPathRegistry                                       : loaded 2 times (x 70B)
Class [Lorg.objectweb.asm.Type;                                                       : loaded 2 times (x 69B)
Class com.google.common.cache.CacheBuilder                                            : loaded 2 times (x 72B)
Class com.google.common.collect.SingletonImmutableList                                : loaded 2 times (x 207B)
Class Settings_gradle$1                                                               : loaded 2 times (x 74B)
Class org.gradle.internal.classpath.ClassPath                                         : loaded 2 times (x 70B)
Class com.google.common.collect.ImmutableList$ReverseImmutableList                    : loaded 2 times (x 209B)
Class org.objectweb.asm.SymbolTable$Entry                                             : loaded 2 times (x 74B)
Class org.gradle.api.internal.classpath.DefaultModuleRegistry$DefaultModuleAlias      : loaded 2 times (x 80B)
Class org.objectweb.asm.Edge                                                          : loaded 2 times (x 72B)
Class com.google.common.base.Suppliers$SupplierOfInstance                             : loaded 2 times (x 79B)
Class com.google.common.collect.Iterators$1                                           : loaded 2 times (x 81B)
Class com.google.common.cache.LocalCache$ComputingValueReference                      : loaded 2 times (x 96B)
Class com.google.common.collect.SingletonImmutableSet                                 : loaded 2 times (x 146B)
Class com.google.common.collect.ImmutableMap$IteratorBasedImmutableMap                : loaded 2 times (x 126B)
Class ijJvmDebugger1_9gnlpkvfcjvtvz71pm97wvvfb$_run_closure1                          : loaded 2 times (x 139B)
Class com.google.common.cache.LocalCache$Segment                                      : loaded 2 times (x 154B)
Class com.google.common.collect.AbstractListMultimap                                  : loaded 2 times (x 172B)
Class [Lorg.objectweb.asm.SymbolTable$Entry;                                          : loaded 2 times (x 69B)
Class com.google.common.cache.CacheLoader                                             : loaded 2 times (x 74B)
Class com.google.common.collect.Iterators$4                                           : loaded 2 times (x 82B)
Class com.google.common.collect.ImmutableBiMap                                        : loaded 2 times (x 143B)
Class org.gradle.api.internal.classpath.ModuleRegistry                                : loaded 2 times (x 70B)
Class org.gradle.internal.installation.GradleInstallation$1                           : loaded 2 times (x 75B)
Class com.google.common.collect.ImmutableSet$JdkBackedSetBuilderImpl                  : loaded 2 times (x 76B)
Class com.google.common.util.concurrent.internal.InternalFutureFailureAccess          : loaded 2 times (x 72B)
Class com.google.common.collect.Iterators$5                                           : loaded 2 times (x 82B)
Class com.google.common.cache.LocalCache$LocalManualCache$1                           : loaded 2 times (x 75B)
Class com.google.common.base.CharMatcher$ForPredicate                                 : loaded 2 times (x 112B)
Class com.google.common.base.CharMatcher$AnyOf                                        : loaded 2 times (x 112B)
Class com.google.common.collect.ImmutableCollection                                   : loaded 2 times (x 125B)
Class org.gradle.api.internal.classpath.DefaultModuleRegistry                         : loaded 2 times (x 84B)
Class com.google.common.collect.Lists                                                 : loaded 2 times (x 71B)
Class com.google.common.util.concurrent.ListenableFuture                              : loaded 2 times (x 70B)
Class com.google.common.cache.ReferenceEntry                                          : loaded 2 times (x 70B)
Class com.google.common.base.Converter                                                : loaded 2 times (x 90B)
Class com.google.common.collect.ImmutableSet$CachingAsList                            : loaded 2 times (x 148B)
Class com.google.common.collect.AbstractMapBasedMultimap                              : loaded 2 times (x 139B)
Class com.google.common.util.concurrent.AbstractFuture                                : loaded 2 times (x 106B)
Class com.google.common.base.FunctionalEquivalence                                    : loaded 2 times (x 83B)
Class com.google.common.collect.Iterators$9                                           : loaded 2 times (x 81B)
Class com.google.common.collect.ImmutableAsList                                       : loaded 2 times (x 209B)
Class org.objectweb.asm.RecordComponentVisitor                                        : loaded 2 times (x 77B)
Class com.google.common.cache.CacheLoader$SupplierToCacheLoader                       : loaded 2 times (x 75B)
Class org.gradle.internal.service.ServiceLookupException                              : loaded 2 times (x 82B)
Class [Lcom.google.common.cache.LocalCache$EntryFactory;                              : loaded 2 times (x 69B)
Class org.gradle.internal.classloader.ClassLoaderFactory                              : loaded 2 times (x 70B)
Class com.google.common.cache.LocalCache$LocalManualCache                             : loaded 2 times (x 99B)
Class com.google.common.base.CharMatcher$IsNot                                        : loaded 2 times (x 111B)
Class org.gradle.internal.service.CachingServiceLocator                               : loaded 2 times (x 82B)
Class com.google.common.math.IntMath                                                  : loaded 2 times (x 71B)
Class com.google.common.collect.ImmutableMapEntry                                     : loaded 2 times (x 85B)
Class com.google.common.base.Equivalence                                              : loaded 2 times (x 82B)
Class com.google.common.base.Function                                                 : loaded 2 times (x 70B)
Class com.google.common.collect.ImmutableMapEntry$NonTerminalImmutableMapEntry        : loaded 2 times (x 85B)
Class com.google.common.cache.CacheBuilder$OneWeigher                                 : loaded 2 times (x 82B)
Class com.google.common.collect.RegularImmutableList                                  : loaded 2 times (x 213B)
Class org.gradle.internal.classloader.ClasspathUtil                                   : loaded 2 times (x 71B)
Class com.google.common.util.concurrent.Uninterruptibles                              : loaded 2 times (x 71B)
Class com.google.common.util.concurrent.LazyLogger                                    : loaded 2 times (x 72B)
Class com.google.common.collect.Maps                                                  : loaded 2 times (x 71B)
Class org.gradle.api.specs.Spec                                                       : loaded 2 times (x 70B)
Class [Lcom.google.common.collect.ImmutableEntry;                                     : loaded 2 times (x 69B)
Class com.google.common.cache.LocalCache$LoadingValueReference                        : loaded 2 times (x 96B)
Class [Lorg.objectweb.asm.AnnotationWriter;                                           : loaded 2 times (x 69B)
Class com.google.common.collect.Maps$8                                                : loaded 2 times (x 82B)
Class com.google.common.collect.Sets$SetView                                          : loaded 2 times (x 138B)
Class com.google.common.cache.LocalCache$StrongValueReference                         : loaded 2 times (x 90B)
Class org.objectweb.asm.Type                                                          : loaded 2 times (x 72B)
Class org.gradle.internal.classloader.VisitableURLClassLoader$InstrumentingVisitableURLClassLoader: loaded 2 times (x 123B)
Class com.google.common.math.IntMath$1                                                : loaded 2 times (x 71B)
Class org.objectweb.asm.ByteVector                                                    : loaded 2 times (x 79B)
Class [Lcom.google.common.cache.CacheBuilder$NullListener;                            : loaded 2 times (x 69B)
Class org.gradle.internal.classloader.VisitableURLClassLoader$Spec                    : loaded 2 times (x 74B)
Class org.gradle.internal.classpath.DefaultClassPath                                  : loaded 2 times (x 90B)
Class org.objectweb.asm.Symbol                                                        : loaded 2 times (x 73B)
Class com.google.common.base.CharMatcher$BitSetMatcher                                : loaded 2 times (x 112B)
Class com.google.common.collect.RegularImmutableMap$Values                            : loaded 2 times (x 207B)
Class com.google.common.collect.ImmutableSet                                          : loaded 2 times (x 145B)
Class org.gradle.internal.classloader.ClassLoaderSpec                                 : loaded 2 times (x 71B)
Class org.objectweb.asm.AnnotationWriter                                              : loaded 2 times (x 79B)
Class com.google.common.cache.CacheStats                                              : loaded 2 times (x 71B)
Class org.objectweb.asm.RecordComponentWriter                                         : loaded 2 times (x 78B)
Class com.google.common.util.concurrent.AbstractFuture$Listener                       : loaded 2 times (x 72B)
Class com.google.common.base.CharMatcher$Or                                           : loaded 2 times (x 112B)
Class Settings_gradle$1$1                                                             : loaded 2 times (x 74B)
Class org.gradle.api.internal.classpath.Module$ModuleAlias                            : loaded 2 times (x 70B)
Class org.objectweb.asm.Attribute                                                     : loaded 2 times (x 77B)
Class com.google.common.base.Supplier                                                 : loaded 2 times (x 70B)
Class org.gradle.internal.classloader.VisitableURLClassLoader                         : loaded 2 times (x 117B)
Class Settings_gradle                                                                 : loaded 2 times (x 124B)
Class org.gradle.internal.Cast                                                        : loaded 2 times (x 71B)
Class org.gradle.api.Action                                                           : loaded 2 times (x 70B)
Class com.google.common.collect.Sets                                                  : loaded 2 times (x 71B)
Class org.objectweb.asm.Handler                                                       : loaded 2 times (x 72B)
Class com.google.common.base.Ticker                                                   : loaded 2 times (x 72B)
Class com.google.common.base.CharMatcher$FastMatcher                                  : loaded 2 times (x 111B)
Class [Lcom.google.common.cache.LocalCache$Segment;                                   : loaded 2 times (x 69B)
Class [Lcom.google.common.cache.LocalCache$Strength;                                  : loaded 2 times (x 69B)
Class com.google.common.cache.CacheBuilder$1                                          : loaded 2 times (x 85B)
Class com.google.common.base.Predicate                                                : loaded 2 times (x 70B)
Class com.google.common.collect.ImmutableMap                                          : loaded 2 times (x 120B)
Class org.gradle.internal.classpath.DefaultClassPath$ImmutableUniqueList$Builder      : loaded 2 times (x 75B)
Class com.google.common.cache.LocalCache                                              : loaded 2 times (x 187B)
Class com.google.common.cache.CacheBuilder$2                                          : loaded 2 times (x 79B)
Class com.google.common.base.CharMatcher$NegatedFastMatcher                           : loaded 2 times (x 113B)
Class com.google.common.collect.ArrayListMultimap                                     : loaded 2 times (x 172B)
Class com.google.common.cache.CacheBuilder$3                                          : loaded 2 times (x 72B)
Class [Lcom.google.common.collect.AbstractMapEntry;                                   : loaded 2 times (x 69B)
Class com.google.common.collect.ImmutableEntry                                        : loaded 2 times (x 82B)
Class org.gradle.api.GradleException                                                  : loaded 2 times (x 82B)
Class com.google.common.collect.CollectPreconditions                                  : loaded 2 times (x 71B)
Class com.google.common.collect.SortedMapDifference                                   : loaded 2 times (x 70B)
Class com.google.common.cache.LocalCache$EntryFactory                                 : loaded 2 times (x 83B)
Class com.google.common.cache.LocalCache$AbstractReferenceEntry                       : loaded 2 times (x 107B)
Class org.gradle.internal.IoActions                                                   : loaded 2 times (x 71B)
Class org.objectweb.asm.SymbolTable                                                   : loaded 2 times (x 72B)
Class com.google.common.cache.CacheLoader$InvalidCacheLoadException                   : loaded 2 times (x 82B)
Class com.google.common.collect.ImmutableSet$RegularSetBuilderImpl                    : loaded 2 times (x 77B)
Class com.google.common.cache.LocalCache$StrongEntry                                  : loaded 2 times (x 108B)
Class com.google.common.util.concurrent.AbstractFuture$TrustedFuture                  : loaded 2 times (x 114B)
Class com.google.common.cache.LoadingCache                                            : loaded 2 times (x 70B)
Class org.objectweb.asm.MethodWriter                                                  : loaded 2 times (x 106B)
Class [Lcom.google.common.cache.Weigher;                                              : loaded 2 times (x 69B)
Class com.google.common.collect.RegularImmutableMap$BucketOverflowException           : loaded 2 times (x 82B)
Class com.google.common.collect.RegularImmutableBiMap                                 : loaded 2 times (x 149B)
Class com.google.common.cache.LocalCache$ValueReference                               : loaded 2 times (x 70B)
Class com.google.common.base.CharMatcher$Is                                           : loaded 2 times (x 111B)
Class com.google.common.base.CharMatcher$Negated                                      : loaded 2 times (x 113B)
Class com.google.common.util.concurrent.AbstractFuture$Failure                        : loaded 2 times (x 72B)
Class com.google.common.base.Equivalence$Equals                                       : loaded 2 times (x 82B)
Class com.google.common.collect.Hashing                                               : loaded 2 times (x 71B)
Class com.google.common.base.Preconditions                                            : loaded 2 times (x 71B)
Class com.google.common.base.Joiner$1                                                 : loaded 2 times (x 80B)
Class org.objectweb.asm.Label                                                         : loaded 2 times (x 73B)
Class org.objectweb.asm.CurrentFrame                                                  : loaded 2 times (x 73B)
Class org.objectweb.asm.ClassTooLargeException                                        : loaded 2 times (x 83B)
Class com.google.common.base.CharMatcher                                              : loaded 2 times (x 111B)
Class com.google.common.collect.PeekingIterator                                       : loaded 2 times (x 70B)
Class ijJvmDebugger1_9gnlpkvfcjvtvz71pm97wvvfb$_run_closure1$_closure2                : loaded 2 times (x 140B)
Class com.google.common.base.Joiner$2                                                 : loaded 2 times (x 79B)
Class org.objectweb.asm.Frame                                                         : loaded 2 times (x 73B)
Class org.objectweb.asm.MethodVisitor                                                 : loaded 2 times (x 105B)
Class com.google.common.cache.LocalCache$EntryFactory$1                               : loaded 2 times (x 83B)
Class [Lcom.google.common.cache.RemovalListener;                                      : loaded 2 times (x 69B)
Class com.google.common.base.CharMatcher$NamedFastMatcher                             : loaded 2 times (x 112B)
Class com.google.common.base.CharMatcher$1                                            : loaded 2 times (x 113B)
Class com.google.common.cache.LocalCache$EntryFactory$2                               : loaded 2 times (x 83B)
Class org.objectweb.asm.ModuleWriter                                                  : loaded 2 times (x 82B)
Class com.google.common.cache.LocalCache$EntryFactory$3                               : loaded 2 times (x 83B)
Class com.google.common.base.Ticker$1                                                 : loaded 2 times (x 72B)
Class com.google.common.collect.Maps$BiMapConverter                                   : loaded 2 times (x 90B)
Class com.google.common.collect.ImmutableMapEntrySet$RegularEntrySet                  : loaded 2 times (x 152B)
Class com.google.common.collect.ImmutableSet$Builder                                  : loaded 2 times (x 85B)
Class com.google.common.cache.LocalCache$EntryFactory$4                               : loaded 2 times (x 83B)
Class com.google.common.base.CharMatcher$InRange                                      : loaded 2 times (x 111B)
Class com.google.common.cache.LocalCache$EntryFactory$5                               : loaded 2 times (x 83B)
Class com.google.common.base.Equivalence$Identity                                     : loaded 2 times (x 82B)
Class com.google.common.cache.LocalCache$EntryFactory$6                               : loaded 2 times (x 83B)
Class org.gradle.internal.installation.CurrentGradleInstallationLocator               : loaded 2 times (x 71B)
Class com.google.common.collect.ImmutableSet$EmptySetBuilderImpl                      : loaded 2 times (x 76B)
Class com.google.common.cache.LocalCache$EntryFactory$7                               : loaded 2 times (x 83B)
Class com.google.common.collect.ImmutableList                                         : loaded 2 times (x 206B)
Class org.gradle.internal.service.DefaultServiceLocator                               : loaded 2 times (x 83B)
Class com.google.common.cache.LocalCache$EntryFactory$8                               : loaded 2 times (x 83B)
Class com.google.common.collect.ImmutableSet$SetBuilderImpl                           : loaded 2 times (x 76B)
Class org.gradle.internal.installation.CurrentGradleInstallation                      : loaded 2 times (x 73B)
Class com.google.common.cache.CacheLoader$1                                           : loaded 2 times (x 75B)
Class com.google.common.collect.ImmutableList$SubList                                 : loaded 2 times (x 209B)
Class org.gradle.util.internal.GUtil                                                  : loaded 2 times (x 71B)
Class com.google.common.cache.AbstractCache$StatsCounter                              : loaded 2 times (x 70B)
Class com.google.common.collect.Iterators$MergingIterator                             : loaded 2 times (x 81B)
Class com.google.common.collect.RegularImmutableSet                                   : loaded 2 times (x 149B)
Class org.gradle.internal.installation.GradleInstallation                             : loaded 2 times (x 75B)
Class ijJvmDebugger1_9gnlpkvfcjvtvz71pm97wvvfb                                        : loaded 2 times (x 171B)

---------------  S Y S T E M  ---------------

OS:
 Windows 11 , 64 bit Build 26100 (10.0.26100.8328)
OS uptime: 0 days 4:10 hours
Hyper-V role detected

CPU: total 12 (initial active 12) (12 cores per cpu, 2 threads per core) family 25 model 80 stepping 0 microcode 0xa50000d, cx8, cmov, fxsr, ht, mmx, 3dnowpref, sse, sse2, sse3, ssse3, sse4a, sse4.1, sse4.2, popcnt, lzcnt, tsc, tscinvbit, avx, avx2, aes, erms, clmul, bmi1, bmi2, adx, sha, fma, vzeroupper, clflush, clflushopt, hv, rdtscp, rdpid, fsrm, f16c, cet_ss
Processor Information for the first 12 processors :
  Max Mhz: 3301, Current Mhz: 3301, Mhz Limit: 3301

Memory: 4k page, system-wide physical 20332M (3894M free)
TotalPageFile size 20332M (AvailPageFile size 6M)
current process WorkingSet (physical memory assigned to process): 394M, peak: 395M
current process commit charge ("private bytes"): 434M, peak: 472M

vm_info: OpenJDK 64-Bit Server VM (21.0.10+-14961533-b1163.108) for windows-amd64 JRE (21.0.10+-14961533-b1163.108), built on 2026-03-02T19:58:50Z by "builder" with MS VC++ 16.10 / 16.11 (VS2019)

END.
