#
# There is insufficient memory for the Java Runtime Environment to continue.
# Native memory allocation (malloc) failed to allocate 1414256 bytes. Error detail: Chunk::new
# Possible reasons:
#   The system is out of physical RAM or swap space
#   This process is running with CompressedOops enabled, and the Java Heap may be blocking the growth of the native heap
# Possible solutions:
#   Reduce memory load on the system
#   Increase physical memory or swap space
#   Check if swap backing store is full
#   Decrease Java heap size (-Xmx/-Xms)
#   Decrease number of Java threads
#   Decrease Java thread stack sizes (-Xss)
#   Set larger code cache with -XX:ReservedCodeCacheSize=
#   JVM is running with Unscaled Compressed Oops mode in which the Java heap is
#     placed in the first 4GB address space. The Java Heap base address is the
#     maximum limit for the native heap growth. Please use -XX:HeapBaseMinAddress
#     to set the Java Heap base and to place the Java Heap above 4GB virtual address.
# This output file may be truncated or incomplete.
#
#  Out of Memory Error (arena.cpp:168), pid=28716, tid=24792
#
# JRE version: OpenJDK Runtime Environment (21.0.10) (build 21.0.10+-14961533-b1163.108)
# Java VM: OpenJDK 64-Bit Server VM (21.0.10+-14961533-b1163.108, mixed mode, tiered, compressed oops, compressed class ptrs, g1 gc, windows-amd64)
# No core dump will be written. Minidumps are not enabled by default on client versions of Windows
#

---------------  S U M M A R Y ------------

Command Line: --add-opens=java.base/java.lang=ALL-UNNAMED --add-opens=java.base/java.lang.invoke=ALL-UNNAMED --add-opens=java.base/java.util=ALL-UNNAMED --add-opens=java.prefs/java.util.prefs=ALL-UNNAMED --add-exports=jdk.compiler/com.sun.tools.javac.api=ALL-UNNAMED --add-exports=jdk.compiler/com.sun.tools.javac.util=ALL-UNNAMED --add-opens=java.base/java.util=ALL-UNNAMED --add-opens=java.prefs/java.util.prefs=ALL-UNNAMED --add-opens=java.base/java.nio.charset=ALL-UNNAMED --add-opens=java.base/java.net=ALL-UNNAMED --add-opens=java.base/java.util.concurrent=ALL-UNNAMED --add-opens=java.base/java.util.concurrent.atomic=ALL-UNNAMED --add-opens=java.xml/javax.xml.namespace=ALL-UNNAMED --add-opens=java.base/java.time=ALL-UNNAMED -Xmx2048m -Dfile.encoding=UTF-8 -Duser.country=ID -Duser.language=en -Duser.variant -javaagent:C:\Users\Anselmus\.gradle\wrapper\dists\gradle-9.4.1-bin\arn2x92ynaizyzdaamcbpbhtj\gradle-9.4.1\lib\agents\gradle-instrumentation-agent-9.4.1.jar org.gradle.launcher.daemon.bootstrap.GradleDaemon 9.4.1

Host: AMD Ryzen 5 5600H with Radeon Graphics         , 12 cores, 19G,  Windows 11 , 64 bit Build 26100 (10.0.26100.8328)
Time: Fri May 22 18:39:35 2026 SE Asia Standard Time elapsed time: 13.360748 seconds (0d 0h 0m 13s)

---------------  T H R E A D  ---------------

Current thread (0x0000023c7d2eadd0):  JavaThread "C2 CompilerThread0" daemon [_thread_in_native, id=24792, stack(0x000000f710300000,0x000000f710400000) (1024K)]


Current CompileTask:
C2:13360 11792 %     4       org.gradle.internal.instantiation.generator.AbstractClassGenerator::inspectType @ 107 (602 bytes)

Stack: [0x000000f710300000,0x000000f710400000]
Native frames: (J=compiled Java code, j=interpreted, Vv=VM code, C=native code)
V  [jvm.dll+0x6d78a9]
V  [jvm.dll+0x8665b3]
V  [jvm.dll+0x868bde]
V  [jvm.dll+0x8692c3]
V  [jvm.dll+0x280ee6]
V  [jvm.dll+0xc07cd]
V  [jvm.dll+0xc0d03]
V  [jvm.dll+0x2f6170]
V  [jvm.dll+0x6003e9]
V  [jvm.dll+0x252ce2]
V  [jvm.dll+0x25309f]
V  [jvm.dll+0x24b845]
V  [jvm.dll+0x24909e]
V  [jvm.dll+0x1c76e4]
V  [jvm.dll+0x25891e]
V  [jvm.dll+0x256e66]
V  [jvm.dll+0x3f513e]
V  [jvm.dll+0x80fd28]
V  [jvm.dll+0x6d60fd]
C  [ucrtbase.dll+0x37b0]
C  [KERNEL32.DLL+0x2e957]
C  [ntdll.dll+0x427c]


---------------  P R O C E S S  ---------------

Threads class SMR info:
_java_thread_list=0x0000023c30e00ae0, length=58, elements={
0x0000023c72358ee0, 0x0000023c7d2b8b10, 0x0000023c7d2c9cd0, 0x0000023c7d2cb330,
0x0000023c7d2ccb20, 0x0000023c7d2cd190, 0x0000023c7d306740, 0x0000023c7d306db0,
0x0000023c7d2eadd0, 0x0000023c7d2ece60, 0x0000023c7d80c420, 0x0000023c7f30ba00,
0x0000023c7fbde010, 0x0000023c7f340250, 0x0000023c134ec460, 0x0000023c13550280,
0x0000023c7f20c1c0, 0x0000023c7ec976a0, 0x0000023c134bf3a0, 0x0000023c134bed10,
0x0000023c134bfa30, 0x0000023c134c00c0, 0x0000023c134c0750, 0x0000023c134bd2d0,
0x0000023c16af2a60, 0x0000023c16af23d0, 0x0000023c16af16b0, 0x0000023c16af30f0,
0x0000023c16af44a0, 0x0000023c16af1020, 0x0000023c16af3780, 0x0000023c16af3e10,
0x0000023c16af4b30, 0x0000023c16af51c0, 0x0000023c16af1d40, 0x0000023c16af5850,
0x0000023c16af5ee0, 0x0000023c16af6570, 0x0000023c16af6c00, 0x0000023c16af7290,
0x0000023c16af7920, 0x0000023c16af7fb0, 0x0000023c1524b5d0, 0x0000023c1524bc60,
0x0000023c15248e70, 0x0000023c1524d010, 0x0000023c15249b90, 0x0000023c1524f0e0,
0x0000023c1524ea50, 0x0000023c1524dd30, 0x0000023c1524f770, 0x0000023c1524fe00,
0x0000023c1524e3c0, 0x0000023c1524d6a0, 0x0000023c16022de0, 0x0000023c160213a0,
0x0000023c7e8887c0, 0x0000023c15af9b80
}

Java Threads: ( => current thread )
  0x0000023c72358ee0 JavaThread "main"                              [_thread_blocked, id=21864, stack(0x000000f70f400000,0x000000f70f500000) (1024K)]
  0x0000023c7d2b8b10 JavaThread "Common-Cleaner"             daemon [_thread_blocked, id=11412, stack(0x000000f70fc00000,0x000000f70fd00000) (1024K)]
  0x0000023c7d2c9cd0 JavaThread "Reference Handler"          daemon [_thread_blocked, id=33316, stack(0x000000f70fd00000,0x000000f70fe00000) (1024K)]
  0x0000023c7d2cb330 JavaThread "Finalizer"                  daemon [_thread_blocked, id=12140, stack(0x000000f70fe00000,0x000000f70ff00000) (1024K)]
  0x0000023c7d2ccb20 JavaThread "Signal Dispatcher"          daemon [_thread_blocked, id=15068, stack(0x000000f70ff00000,0x000000f710000000) (1024K)]
  0x0000023c7d2cd190 JavaThread "Attach Listener"            daemon [_thread_blocked, id=28472, stack(0x000000f710000000,0x000000f710100000) (1024K)]
  0x0000023c7d306740 JavaThread "Service Thread"             daemon [_thread_blocked, id=12936, stack(0x000000f710100000,0x000000f710200000) (1024K)]
  0x0000023c7d306db0 JavaThread "Monitor Deflation Thread"   daemon [_thread_blocked, id=27100, stack(0x000000f710200000,0x000000f710300000) (1024K)]
=>0x0000023c7d2eadd0 JavaThread "C2 CompilerThread0"         daemon [_thread_in_native, id=24792, stack(0x000000f710300000,0x000000f710400000) (1024K)]
  0x0000023c7d2ece60 JavaThread "C1 CompilerThread0"         daemon [_thread_blocked, id=30868, stack(0x000000f710400000,0x000000f710500000) (1024K)]
  0x0000023c7d80c420 JavaThread "Notification Thread"        daemon [_thread_blocked, id=25844, stack(0x000000f710500000,0x000000f710600000) (1024K)]
  0x0000023c7f30ba00 JavaThread "Daemon health stats"               [_thread_blocked, id=22000, stack(0x000000f710e00000,0x000000f710f00000) (1024K)]
  0x0000023c7fbde010 JavaThread "Incoming local TCP Connector on port 53513"        [_thread_in_native, id=9584, stack(0x000000f710f00000,0x000000f711000000) (1024K)]
  0x0000023c7f340250 JavaThread "Daemon periodic checks"            [_thread_blocked, id=15488, stack(0x000000f711000000,0x000000f711100000) (1024K)]
  0x0000023c134ec460 JavaThread "Daemon"                            [_thread_blocked, id=22416, stack(0x000000f711100000,0x000000f711200000) (1024K)]
  0x0000023c13550280 JavaThread "Handler for socket connection from /127.0.0.1:53513 to /127.0.0.1:53514"        [_thread_in_native, id=33020, stack(0x000000f711200000,0x000000f711300000) (1024K)]
  0x0000023c7f20c1c0 JavaThread "Cancel handler"                    [_thread_blocked, id=15548, stack(0x000000f711800000,0x000000f711900000) (1024K)]
  0x0000023c7ec976a0 JavaThread "Daemon worker"                     [_thread_blocked, id=25168, stack(0x000000f711900000,0x000000f711a00000) (1024K)]
  0x0000023c134bf3a0 JavaThread "Asynchronous log dispatcher for DefaultDaemonConnection: socket connection from /127.0.0.1:53513 to /127.0.0.1:53514"        [_thread_blocked, id=24716, stack(0x000000f711a00000,0x000000f711b00000) (1024K)]
  0x0000023c134bed10 JavaThread "Stdin handler"                     [_thread_blocked, id=12552, stack(0x000000f711b00000,0x000000f711c00000) (1024K)]
  0x0000023c134bfa30 JavaThread "Daemon client event forwarder"        [_thread_blocked, id=28464, stack(0x000000f711c00000,0x000000f711d00000) (1024K)]
  0x0000023c134c00c0 JavaThread "Cache worker for journal cache (C:\Users\Anselmus\.gradle\caches\journal-1)"        [_thread_blocked, id=12068, stack(0x000000f711d00000,0x000000f711e00000) (1024K)]
  0x0000023c134c0750 JavaThread "File lock request listener"        [_thread_in_native, id=31600, stack(0x000000f711e00000,0x000000f711f00000) (1024K)]
  0x0000023c134bd2d0 JavaThread "Cache worker for file hash cache (C:\Users\Anselmus\.gradle\caches\9.4.1\fileHashes)"        [_thread_blocked, id=21536, stack(0x000000f711f00000,0x000000f712000000) (1024K)]
  0x0000023c16af2a60 JavaThread "Cache worker for file hash cache (C:\1. CODING\Semester 4 - Code\Software Engineer\.gradle\9.4.1\fileHashes)"        [_thread_blocked, id=29096, stack(0x000000f712000000,0x000000f712100000) (1024K)]
  0x0000023c16af23d0 JavaThread "Cache worker for Build Output Cleanup Cache (C:\1. CODING\Semester 4 - Code\Software Engineer\.gradle\buildOutputCleanup)"        [_thread_blocked, id=18304, stack(0x000000f712100000,0x000000f712200000) (1024K)]
  0x0000023c16af16b0 JavaThread "File watcher server"        daemon [_thread_in_native, id=25080, stack(0x000000f712200000,0x000000f712300000) (1024K)]
  0x0000023c16af30f0 JavaThread "File watcher consumer"      daemon [_thread_blocked, id=25532, stack(0x000000f712300000,0x000000f712400000) (1024K)]
  0x0000023c16af44a0 JavaThread "jar transforms"                    [_thread_blocked, id=30024, stack(0x000000f712400000,0x000000f712500000) (1024K)]
  0x0000023c16af1020 JavaThread "jar transforms Thread 2"           [_thread_blocked, id=15376, stack(0x000000f712500000,0x000000f712600000) (1024K)]
  0x0000023c16af3780 JavaThread "jar transforms Thread 3"           [_thread_blocked, id=28304, stack(0x000000f712600000,0x000000f712700000) (1024K)]
  0x0000023c16af3e10 JavaThread "jar transforms Thread 4"           [_thread_blocked, id=26040, stack(0x000000f712700000,0x000000f712800000) (1024K)]
  0x0000023c16af4b30 JavaThread "jar transforms Thread 5"           [_thread_blocked, id=30440, stack(0x000000f712800000,0x000000f712900000) (1024K)]
  0x0000023c16af51c0 JavaThread "jar transforms Thread 6"           [_thread_blocked, id=21928, stack(0x000000f712900000,0x000000f712a00000) (1024K)]
  0x0000023c16af1d40 JavaThread "jar transforms Thread 7"           [_thread_blocked, id=5380, stack(0x000000f712a00000,0x000000f712b00000) (1024K)]
  0x0000023c16af5850 JavaThread "jar transforms Thread 8"           [_thread_blocked, id=1860, stack(0x000000f712b00000,0x000000f712c00000) (1024K)]
  0x0000023c16af5ee0 JavaThread "jar transforms Thread 9"           [_thread_blocked, id=21868, stack(0x000000f712c00000,0x000000f712d00000) (1024K)]
  0x0000023c16af6570 JavaThread "jar transforms Thread 10"          [_thread_blocked, id=24504, stack(0x000000f712d00000,0x000000f712e00000) (1024K)]
  0x0000023c16af6c00 JavaThread "jar transforms Thread 11"          [_thread_blocked, id=5640, stack(0x000000f712e00000,0x000000f712f00000) (1024K)]
  0x0000023c16af7290 JavaThread "jar transforms Thread 12"          [_thread_blocked, id=5324, stack(0x000000f712f00000,0x000000f713000000) (1024K)]
  0x0000023c16af7920 JavaThread "Cache worker for file content cache (C:\Users\Anselmus\.gradle\caches\9.4.1\fileContent)"        [_thread_blocked, id=2720, stack(0x000000f713000000,0x000000f713100000) (1024K)]
  0x0000023c16af7fb0 JavaThread "Cache worker for checksums cache (C:\1. CODING\Semester 4 - Code\Software Engineer\.gradle\9.4.1\checksums)"        [_thread_blocked, id=10136, stack(0x000000f713100000,0x000000f713200000) (1024K)]
  0x0000023c1524b5d0 JavaThread "Cache worker for cache directory md-supplier (C:\Users\Anselmus\.gradle\caches\9.4.1\md-supplier)"        [_thread_blocked, id=21164, stack(0x000000f713200000,0x000000f713300000) (1024K)]
  0x0000023c1524bc60 JavaThread "Cache worker for cache directory md-rule (C:\Users\Anselmus\.gradle\caches\9.4.1\md-rule)"        [_thread_blocked, id=17352, stack(0x000000f713300000,0x000000f713400000) (1024K)]
  0x0000023c15248e70 JavaThread "Build operations"                  [_thread_blocked, id=14472, stack(0x000000f713400000,0x000000f713500000) (1024K)]
  0x0000023c1524d010 JavaThread "Build operations Thread 2"         [_thread_blocked, id=33524, stack(0x000000f713500000,0x000000f713600000) (1024K)]
  0x0000023c15249b90 JavaThread "Build operations Thread 3"         [_thread_blocked, id=33528, stack(0x000000f713600000,0x000000f713700000) (1024K)]
  0x0000023c1524f0e0 JavaThread "Build operations Thread 4"         [_thread_blocked, id=22572, stack(0x000000f713700000,0x000000f713800000) (1024K)]
  0x0000023c1524ea50 JavaThread "Build operations Thread 5"         [_thread_blocked, id=31020, stack(0x000000f713800000,0x000000f713900000) (1024K)]
  0x0000023c1524dd30 JavaThread "Build operations Thread 6"         [_thread_blocked, id=23740, stack(0x000000f713900000,0x000000f713a00000) (1024K)]
  0x0000023c1524f770 JavaThread "Build operations Thread 7"         [_thread_blocked, id=33396, stack(0x000000f713a00000,0x000000f713b00000) (1024K)]
  0x0000023c1524fe00 JavaThread "Build operations Thread 8"         [_thread_blocked, id=20048, stack(0x000000f713b00000,0x000000f713c00000) (1024K)]
  0x0000023c1524e3c0 JavaThread "Build operations Thread 9"         [_thread_blocked, id=5652, stack(0x000000f713c00000,0x000000f713d00000) (1024K)]
  0x0000023c1524d6a0 JavaThread "Build operations Thread 10"        [_thread_blocked, id=19472, stack(0x000000f713d00000,0x000000f713e00000) (1024K)]
  0x0000023c16022de0 JavaThread "Build operations Thread 11"        [_thread_blocked, id=29300, stack(0x000000f713e00000,0x000000f713f00000) (1024K)]
  0x0000023c160213a0 JavaThread "Build operations Thread 12"        [_thread_blocked, id=22184, stack(0x000000f713f00000,0x000000f714000000) (1024K)]
  0x0000023c7e8887c0 JavaThread "C2 CompilerThread1"         daemon [_thread_in_vm, id=7352, stack(0x000000f710600000,0x000000f710700000) (1024K)]
  0x0000023c15af9b80 JavaThread "Memory manager"                    [_thread_blocked, id=17416, stack(0x000000f710700000,0x000000f710800000) (1024K)]
Total: 58

Other Threads:
  0x0000023c7d26afa0 VMThread "VM Thread"                           [id=16568, stack(0x000000f70fb00000,0x000000f70fc00000) (1024K)]
  0x0000023c7d2219e0 WatcherThread "VM Periodic Task Thread"        [id=29760, stack(0x000000f70fa00000,0x000000f70fb00000) (1024K)]
  0x0000023c7260b7e0 WorkerThread "GC Thread#0"                     [id=28280, stack(0x000000f70f500000,0x000000f70f600000) (1024K)]
  0x0000023c7e59e150 WorkerThread "GC Thread#1"                     [id=12000, stack(0x000000f710800000,0x000000f710900000) (1024K)]
  0x0000023c7dedda90 WorkerThread "GC Thread#2"                     [id=33384, stack(0x000000f710900000,0x000000f710a00000) (1024K)]
  0x0000023c7d9972d0 WorkerThread "GC Thread#3"                     [id=28800, stack(0x000000f710a00000,0x000000f710b00000) (1024K)]
  0x0000023c7d997680 WorkerThread "GC Thread#4"                     [id=28096, stack(0x000000f710b00000,0x000000f710c00000) (1024K)]
  0x0000023c7d997a30 WorkerThread "GC Thread#5"                     [id=14720, stack(0x000000f710c00000,0x000000f710d00000) (1024K)]
  0x0000023c7e7c08e0 WorkerThread "GC Thread#6"                     [id=19100, stack(0x000000f710d00000,0x000000f710e00000) (1024K)]
  0x0000023c7f21b060 WorkerThread "GC Thread#7"                     [id=29396, stack(0x000000f711300000,0x000000f711400000) (1024K)]
  0x0000023c7f21a550 WorkerThread "GC Thread#8"                     [id=33516, stack(0x000000f711400000,0x000000f711500000) (1024K)]
  0x0000023c7f21b410 WorkerThread "GC Thread#9"                     [id=31980, stack(0x000000f711500000,0x000000f711600000) (1024K)]
  0x0000023c7241bfe0 ConcurrentGCThread "G1 Main Marker"            [id=17144, stack(0x000000f70f600000,0x000000f70f700000) (1024K)]
  0x0000023c7241e6f0 WorkerThread "G1 Conc#0"                       [id=16836, stack(0x000000f70f700000,0x000000f70f800000) (1024K)]
  0x0000023c7f21b7c0 WorkerThread "G1 Conc#1"                       [id=27436, stack(0x000000f711600000,0x000000f711700000) (1024K)]
  0x0000023c7f21a900 WorkerThread "G1 Conc#2"                       [id=23896, stack(0x000000f711700000,0x000000f711800000) (1024K)]
  0x0000023c7d0ab370 ConcurrentGCThread "G1 Refine#0"               [id=12408, stack(0x000000f70f800000,0x000000f70f900000) (1024K)]
  0x0000023c7d0ab7b0 ConcurrentGCThread "G1 Service"                [id=33456, stack(0x000000f70f900000,0x000000f70fa00000) (1024K)]
Total: 18

Threads with active compile tasks:
C2 CompilerThread0  16402 11792 %     4       org.gradle.internal.instantiation.generator.AbstractClassGenerator::inspectType @ 107 (602 bytes)
C2 CompilerThread1  16402 11800       4       java.lang.invoke.LambdaFormBuffer::changeName (149 bytes)
Total: 2

VM state: not at safepoint (normal execution)

VM Mutex/Monitor currently owned by a thread:  ([mutex/lock_event])
[0x00007ffae89e70d0] MethodCompileQueue_lock - owner thread: 0x0000023c7e8887c0
[0x00007ffae89e85d0] CodeCache_lock - owner thread: 0x0000023c7e8887c0
[0x00007ffae89e8750] Compile_lock - owner thread: 0x0000023c7e8887c0

Heap address: 0x0000000080000000, size: 2048 MB, Compressed Oops mode: 32-bit

CDS archive(s) not mapped
Compressed class space mapped at: 0x0000000100000000-0x0000000140000000, reserved size: 1073741824
Narrow klass base: 0x0000000000000000, Narrow klass shift: 3, Narrow klass range: 0x140000000

GC Precious Log:
 CardTable entry size: 512
 Card Set container configuration: InlinePtr #cards 5 size 8 Array Of Cards #cards 12 size 40 Howl #buckets 4 coarsen threshold 1843 Howl Bitmap #cards 512 size 80 coarsen threshold 460 Card regions per heap region 1 cards per card region 2048
 CPUs: 12 total, 12 available
 Memory: 20332M
 Large Page Support: Disabled
 NUMA Support: Disabled
 Compressed Oops: Enabled (32-bit)
 Heap Region Size: 1M
 Heap Min Capacity: 8M
 Heap Initial Capacity: 318M
 Heap Max Capacity: 2G
 Pre-touch: Disabled
 Parallel Workers: 10
 Concurrent Workers: 3
 Concurrent Refinement Workers: 10
 Periodic GC: Disabled

Heap:
 garbage-first heap   total 266240K, used 225204K [0x0000000080000000, 0x0000000100000000)
  region size 1024K, 55 young (56320K), 7 survivors (7168K)
 Metaspace       used 144031K, committed 146176K, reserved 1179648K
  class space    used 19188K, committed 20224K, reserved 1048576K

Heap Regions: E=young(eden), S=young(survivor), O=old, HS=humongous(starts), HC=humongous(continues), CS=collection set, F=free, TAMS=top-at-mark-start, PB=parsable bottom
|   0|0x0000000080000000, 0x0000000080100000, 0x0000000080100000|100%|HS|  |TAMS 0x0000000080000000| PB 0x0000000080000000| Complete 
|   1|0x0000000080100000, 0x0000000080200000, 0x0000000080200000|100%|HC|  |TAMS 0x0000000080100000| PB 0x0000000080100000| Complete 
|   2|0x0000000080200000, 0x0000000080300000, 0x0000000080300000|100%|HC|  |TAMS 0x0000000080200000| PB 0x0000000080200000| Complete 
|   3|0x0000000080300000, 0x0000000080400000, 0x0000000080400000|100%|HC|  |TAMS 0x0000000080300000| PB 0x0000000080300000| Complete 
|   4|0x0000000080400000, 0x0000000080500000, 0x0000000080500000|100%| O|  |TAMS 0x0000000080400000| PB 0x0000000080400000| Untracked 
|   5|0x0000000080500000, 0x0000000080600000, 0x0000000080600000|100%| O|  |TAMS 0x0000000080500000| PB 0x0000000080500000| Untracked 
|   6|0x0000000080600000, 0x0000000080700000, 0x0000000080700000|100%| O|  |TAMS 0x0000000080600000| PB 0x0000000080600000| Untracked 
|   7|0x0000000080700000, 0x0000000080800000, 0x0000000080800000|100%| O|  |TAMS 0x0000000080700000| PB 0x0000000080700000| Untracked 
|   8|0x0000000080800000, 0x0000000080900000, 0x0000000080900000|100%| O|  |TAMS 0x0000000080800000| PB 0x0000000080800000| Untracked 
|   9|0x0000000080900000, 0x0000000080a00000, 0x0000000080a00000|100%| O|  |TAMS 0x0000000080900000| PB 0x0000000080900000| Untracked 
|  10|0x0000000080a00000, 0x0000000080b00000, 0x0000000080b00000|100%| O|  |TAMS 0x0000000080a00000| PB 0x0000000080a00000| Untracked 
|  11|0x0000000080b00000, 0x0000000080c00000, 0x0000000080c00000|100%|HS|  |TAMS 0x0000000080b00000| PB 0x0000000080b00000| Complete 
|  12|0x0000000080c00000, 0x0000000080d00000, 0x0000000080d00000|100%| O|  |TAMS 0x0000000080c00000| PB 0x0000000080c00000| Untracked 
|  13|0x0000000080d00000, 0x0000000080e00000, 0x0000000080e00000|100%| O|  |TAMS 0x0000000080d00000| PB 0x0000000080d00000| Untracked 
|  14|0x0000000080e00000, 0x0000000080f00000, 0x0000000080f00000|100%| O|  |TAMS 0x0000000080e00000| PB 0x0000000080e00000| Untracked 
|  15|0x0000000080f00000, 0x0000000081000000, 0x0000000081000000|100%| O|  |TAMS 0x0000000080f00000| PB 0x0000000080f00000| Untracked 
|  16|0x0000000081000000, 0x0000000081100000, 0x0000000081100000|100%| O|  |TAMS 0x0000000081000000| PB 0x0000000081000000| Untracked 
|  17|0x0000000081100000, 0x0000000081200000, 0x0000000081200000|100%| O|  |TAMS 0x0000000081100000| PB 0x0000000081100000| Untracked 
|  18|0x0000000081200000, 0x0000000081300000, 0x0000000081300000|100%| O|  |TAMS 0x0000000081200000| PB 0x0000000081200000| Untracked 
|  19|0x0000000081300000, 0x0000000081400000, 0x0000000081400000|100%| O|  |TAMS 0x0000000081300000| PB 0x0000000081300000| Untracked 
|  20|0x0000000081400000, 0x0000000081500000, 0x0000000081500000|100%| O|  |TAMS 0x0000000081400000| PB 0x0000000081400000| Untracked 
|  21|0x0000000081500000, 0x0000000081600000, 0x0000000081600000|100%| O|  |TAMS 0x0000000081500000| PB 0x0000000081500000| Untracked 
|  22|0x0000000081600000, 0x0000000081700000, 0x0000000081700000|100%| O|  |TAMS 0x0000000081600000| PB 0x0000000081600000| Untracked 
|  23|0x0000000081700000, 0x0000000081800000, 0x0000000081800000|100%|HS|  |TAMS 0x0000000081700000| PB 0x0000000081700000| Complete 
|  24|0x0000000081800000, 0x0000000081900000, 0x0000000081900000|100%|HC|  |TAMS 0x0000000081800000| PB 0x0000000081800000| Complete 
|  25|0x0000000081900000, 0x0000000081a00000, 0x0000000081a00000|100%|HC|  |TAMS 0x0000000081900000| PB 0x0000000081900000| Complete 
|  26|0x0000000081a00000, 0x0000000081b00000, 0x0000000081b00000|100%|HC|  |TAMS 0x0000000081a00000| PB 0x0000000081a00000| Complete 
|  27|0x0000000081b00000, 0x0000000081c00000, 0x0000000081c00000|100%|HC|  |TAMS 0x0000000081b00000| PB 0x0000000081b00000| Complete 
|  28|0x0000000081c00000, 0x0000000081d00000, 0x0000000081d00000|100%|HC|  |TAMS 0x0000000081c00000| PB 0x0000000081c00000| Complete 
|  29|0x0000000081d00000, 0x0000000081e00000, 0x0000000081e00000|100%|HS|  |TAMS 0x0000000081d00000| PB 0x0000000081d00000| Complete 
|  30|0x0000000081e00000, 0x0000000081f00000, 0x0000000081f00000|100%|HC|  |TAMS 0x0000000081e00000| PB 0x0000000081e00000| Complete 
|  31|0x0000000081f00000, 0x0000000082000000, 0x0000000082000000|100%|HS|  |TAMS 0x0000000081f00000| PB 0x0000000081f00000| Complete 
|  32|0x0000000082000000, 0x0000000082100000, 0x0000000082100000|100%|HS|  |TAMS 0x0000000082000000| PB 0x0000000082000000| Complete 
|  33|0x0000000082100000, 0x0000000082200000, 0x0000000082200000|100%|HC|  |TAMS 0x0000000082100000| PB 0x0000000082100000| Complete 
|  34|0x0000000082200000, 0x0000000082300000, 0x0000000082300000|100%|HC|  |TAMS 0x0000000082200000| PB 0x0000000082200000| Complete 
|  35|0x0000000082300000, 0x0000000082400000, 0x0000000082400000|100%|HC|  |TAMS 0x0000000082300000| PB 0x0000000082300000| Complete 
|  36|0x0000000082400000, 0x0000000082500000, 0x0000000082500000|100%|HC|  |TAMS 0x0000000082400000| PB 0x0000000082400000| Complete 
|  37|0x0000000082500000, 0x0000000082600000, 0x0000000082600000|100%|HC|  |TAMS 0x0000000082500000| PB 0x0000000082500000| Complete 
|  38|0x0000000082600000, 0x0000000082700000, 0x0000000082700000|100%|HS|  |TAMS 0x0000000082600000| PB 0x0000000082600000| Complete 
|  39|0x0000000082700000, 0x0000000082800000, 0x0000000082800000|100%|HC|  |TAMS 0x0000000082700000| PB 0x0000000082700000| Complete 
|  40|0x0000000082800000, 0x0000000082900000, 0x0000000082900000|100%|HS|  |TAMS 0x0000000082800000| PB 0x0000000082800000| Complete 
|  41|0x0000000082900000, 0x0000000082a00000, 0x0000000082a00000|100%| O|  |TAMS 0x0000000082900000| PB 0x0000000082900000| Untracked 
|  42|0x0000000082a00000, 0x0000000082b00000, 0x0000000082b00000|100%| O|  |TAMS 0x0000000082a00000| PB 0x0000000082a00000| Untracked 
|  43|0x0000000082b00000, 0x0000000082c00000, 0x0000000082c00000|100%| O|  |TAMS 0x0000000082b00000| PB 0x0000000082b00000| Untracked 
|  44|0x0000000082c00000, 0x0000000082d00000, 0x0000000082d00000|100%| O|  |TAMS 0x0000000082c00000| PB 0x0000000082c00000| Untracked 
|  45|0x0000000082d00000, 0x0000000082e00000, 0x0000000082e00000|100%| O|  |TAMS 0x0000000082d00000| PB 0x0000000082d00000| Untracked 
|  46|0x0000000082e00000, 0x0000000082f00000, 0x0000000082f00000|100%| O|  |TAMS 0x0000000082e00000| PB 0x0000000082e00000| Untracked 
|  47|0x0000000082f00000, 0x0000000083000000, 0x0000000083000000|100%| O|  |TAMS 0x0000000082f00000| PB 0x0000000082f00000| Untracked 
|  48|0x0000000083000000, 0x0000000083100000, 0x0000000083100000|100%| O|  |TAMS 0x0000000083000000| PB 0x0000000083000000| Untracked 
|  49|0x0000000083100000, 0x0000000083200000, 0x0000000083200000|100%|HS|  |TAMS 0x0000000083100000| PB 0x0000000083100000| Complete 
|  50|0x0000000083200000, 0x0000000083300000, 0x0000000083300000|100%|HC|  |TAMS 0x0000000083200000| PB 0x0000000083200000| Complete 
|  51|0x0000000083300000, 0x0000000083400000, 0x0000000083400000|100%| O|  |TAMS 0x0000000083300000| PB 0x0000000083300000| Untracked 
|  52|0x0000000083400000, 0x0000000083500000, 0x0000000083500000|100%| O|  |TAMS 0x0000000083400000| PB 0x0000000083400000| Untracked 
|  53|0x0000000083500000, 0x0000000083600000, 0x0000000083600000|100%| O|  |TAMS 0x0000000083500000| PB 0x0000000083500000| Untracked 
|  54|0x0000000083600000, 0x0000000083700000, 0x0000000083700000|100%| O|  |TAMS 0x0000000083600000| PB 0x0000000083600000| Untracked 
|  55|0x0000000083700000, 0x0000000083800000, 0x0000000083800000|100%| O|  |TAMS 0x0000000083700000| PB 0x0000000083700000| Untracked 
|  56|0x0000000083800000, 0x0000000083900000, 0x0000000083900000|100%| O|  |TAMS 0x0000000083800000| PB 0x0000000083800000| Untracked 
|  57|0x0000000083900000, 0x0000000083a00000, 0x0000000083a00000|100%| O|  |TAMS 0x0000000083900000| PB 0x0000000083900000| Untracked 
|  58|0x0000000083a00000, 0x0000000083b00000, 0x0000000083b00000|100%| O|  |TAMS 0x0000000083a00000| PB 0x0000000083a00000| Untracked 
|  59|0x0000000083b00000, 0x0000000083c00000, 0x0000000083c00000|100%| O|  |TAMS 0x0000000083b00000| PB 0x0000000083b00000| Untracked 
|  60|0x0000000083c00000, 0x0000000083d00000, 0x0000000083d00000|100%| O|  |TAMS 0x0000000083c00000| PB 0x0000000083c00000| Untracked 
|  61|0x0000000083d00000, 0x0000000083e00000, 0x0000000083e00000|100%| O|  |TAMS 0x0000000083d00000| PB 0x0000000083d00000| Untracked 
|  62|0x0000000083e00000, 0x0000000083f00000, 0x0000000083f00000|100%| O|  |TAMS 0x0000000083e00000| PB 0x0000000083e00000| Untracked 
|  63|0x0000000083f00000, 0x0000000084000000, 0x0000000084000000|100%| O|  |TAMS 0x0000000083f00000| PB 0x0000000083f00000| Untracked 
|  64|0x0000000084000000, 0x0000000084100000, 0x0000000084100000|100%| O|  |TAMS 0x0000000084000000| PB 0x0000000084000000| Untracked 
|  65|0x0000000084100000, 0x0000000084200000, 0x0000000084200000|100%| O|  |TAMS 0x0000000084100000| PB 0x0000000084100000| Untracked 
|  66|0x0000000084200000, 0x0000000084300000, 0x0000000084300000|100%| O|  |TAMS 0x0000000084200000| PB 0x0000000084200000| Untracked 
|  67|0x0000000084300000, 0x0000000084400000, 0x0000000084400000|100%| O|  |TAMS 0x0000000084300000| PB 0x0000000084300000| Untracked 
|  68|0x0000000084400000, 0x0000000084500000, 0x0000000084500000|100%| O|  |TAMS 0x0000000084400000| PB 0x0000000084400000| Untracked 
|  69|0x0000000084500000, 0x0000000084600000, 0x0000000084600000|100%| O|  |TAMS 0x0000000084500000| PB 0x0000000084500000| Untracked 
|  70|0x0000000084600000, 0x0000000084700000, 0x0000000084700000|100%| O|  |TAMS 0x0000000084600000| PB 0x0000000084600000| Untracked 
|  71|0x0000000084700000, 0x0000000084800000, 0x0000000084800000|100%| O|  |TAMS 0x0000000084700000| PB 0x0000000084700000| Untracked 
|  72|0x0000000084800000, 0x0000000084900000, 0x0000000084900000|100%| O|  |TAMS 0x0000000084800000| PB 0x0000000084800000| Untracked 
|  73|0x0000000084900000, 0x0000000084a00000, 0x0000000084a00000|100%|HS|  |TAMS 0x0000000084900000| PB 0x0000000084900000| Complete 
|  74|0x0000000084a00000, 0x0000000084b00000, 0x0000000084b00000|100%| O|  |TAMS 0x0000000084a00000| PB 0x0000000084a00000| Untracked 
|  75|0x0000000084b00000, 0x0000000084c00000, 0x0000000084c00000|100%| O|  |TAMS 0x0000000084b00000| PB 0x0000000084b00000| Untracked 
|  76|0x0000000084c00000, 0x0000000084d00000, 0x0000000084d00000|100%| O|  |TAMS 0x0000000084c00000| PB 0x0000000084c00000| Untracked 
|  77|0x0000000084d00000, 0x0000000084e00000, 0x0000000084e00000|100%| O|  |TAMS 0x0000000084d00000| PB 0x0000000084d00000| Untracked 
|  78|0x0000000084e00000, 0x0000000084f00000, 0x0000000084f00000|100%| O|  |TAMS 0x0000000084e00000| PB 0x0000000084e00000| Untracked 
|  79|0x0000000084f00000, 0x0000000085000000, 0x0000000085000000|100%| O|  |TAMS 0x0000000084f00000| PB 0x0000000084f00000| Untracked 
|  80|0x0000000085000000, 0x0000000085100000, 0x0000000085100000|100%| O|  |TAMS 0x0000000085000000| PB 0x0000000085000000| Untracked 
|  81|0x0000000085100000, 0x0000000085200000, 0x0000000085200000|100%| O|  |TAMS 0x0000000085100000| PB 0x0000000085100000| Untracked 
|  82|0x0000000085200000, 0x0000000085300000, 0x0000000085300000|100%| O|  |TAMS 0x0000000085200000| PB 0x0000000085200000| Untracked 
|  83|0x0000000085300000, 0x0000000085400000, 0x0000000085400000|100%| O|  |TAMS 0x0000000085300000| PB 0x0000000085300000| Untracked 
|  84|0x0000000085400000, 0x0000000085500000, 0x0000000085500000|100%| O|  |TAMS 0x0000000085400000| PB 0x0000000085400000| Untracked 
|  85|0x0000000085500000, 0x0000000085600000, 0x0000000085600000|100%| O|  |TAMS 0x0000000085500000| PB 0x0000000085500000| Untracked 
|  86|0x0000000085600000, 0x0000000085700000, 0x0000000085700000|100%| O|  |TAMS 0x0000000085600000| PB 0x0000000085600000| Untracked 
|  87|0x0000000085700000, 0x0000000085800000, 0x0000000085800000|100%| O|  |TAMS 0x0000000085700000| PB 0x0000000085700000| Untracked 
|  88|0x0000000085800000, 0x0000000085900000, 0x0000000085900000|100%| O|  |TAMS 0x0000000085800000| PB 0x0000000085800000| Untracked 
|  89|0x0000000085900000, 0x0000000085a00000, 0x0000000085a00000|100%| O|  |TAMS 0x0000000085900000| PB 0x0000000085900000| Untracked 
|  90|0x0000000085a00000, 0x0000000085b00000, 0x0000000085b00000|100%| O|  |TAMS 0x0000000085a00000| PB 0x0000000085a00000| Untracked 
|  91|0x0000000085b00000, 0x0000000085c00000, 0x0000000085c00000|100%| O|  |TAMS 0x0000000085b00000| PB 0x0000000085b00000| Untracked 
|  92|0x0000000085c00000, 0x0000000085d00000, 0x0000000085d00000|100%| O|  |TAMS 0x0000000085c00000| PB 0x0000000085c00000| Untracked 
|  93|0x0000000085d00000, 0x0000000085e00000, 0x0000000085e00000|100%| O|  |TAMS 0x0000000085d00000| PB 0x0000000085d00000| Untracked 
|  94|0x0000000085e00000, 0x0000000085f00000, 0x0000000085f00000|100%| O|  |TAMS 0x0000000085e00000| PB 0x0000000085e00000| Untracked 
|  95|0x0000000085f00000, 0x0000000086000000, 0x0000000086000000|100%| O|  |TAMS 0x0000000085f00000| PB 0x0000000085f00000| Untracked 
|  96|0x0000000086000000, 0x0000000086100000, 0x0000000086100000|100%| O|  |TAMS 0x0000000086000000| PB 0x0000000086000000| Untracked 
|  97|0x0000000086100000, 0x0000000086200000, 0x0000000086200000|100%| O|  |TAMS 0x0000000086100000| PB 0x0000000086100000| Untracked 
|  98|0x0000000086200000, 0x0000000086300000, 0x0000000086300000|100%| O|  |TAMS 0x0000000086200000| PB 0x0000000086200000| Untracked 
|  99|0x0000000086300000, 0x0000000086400000, 0x0000000086400000|100%| O|  |TAMS 0x0000000086300000| PB 0x0000000086300000| Untracked 
| 100|0x0000000086400000, 0x0000000086500000, 0x0000000086500000|100%| O|  |TAMS 0x0000000086400000| PB 0x0000000086400000| Untracked 
| 101|0x0000000086500000, 0x0000000086600000, 0x0000000086600000|100%| O|  |TAMS 0x0000000086500000| PB 0x0000000086500000| Untracked 
| 102|0x0000000086600000, 0x0000000086700000, 0x0000000086700000|100%| O|  |TAMS 0x0000000086600000| PB 0x0000000086600000| Untracked 
| 103|0x0000000086700000, 0x0000000086800000, 0x0000000086800000|100%| O|  |TAMS 0x0000000086700000| PB 0x0000000086700000| Untracked 
| 104|0x0000000086800000, 0x0000000086900000, 0x0000000086900000|100%| O|  |TAMS 0x0000000086800000| PB 0x0000000086800000| Untracked 
| 105|0x0000000086900000, 0x0000000086a00000, 0x0000000086a00000|100%| O|Cm|TAMS 0x0000000086900000| PB 0x0000000086900000| Complete 
| 106|0x0000000086a00000, 0x0000000086b00000, 0x0000000086b00000|100%| O|  |TAMS 0x0000000086a00000| PB 0x0000000086a00000| Untracked 
| 107|0x0000000086b00000, 0x0000000086c00000, 0x0000000086c00000|100%| O|Cm|TAMS 0x0000000086b00000| PB 0x0000000086b00000| Complete 
| 108|0x0000000086c00000, 0x0000000086d00000, 0x0000000086d00000|100%| O|  |TAMS 0x0000000086c00000| PB 0x0000000086c00000| Untracked 
| 109|0x0000000086d00000, 0x0000000086e00000, 0x0000000086e00000|100%| O|  |TAMS 0x0000000086d00000| PB 0x0000000086d00000| Untracked 
| 110|0x0000000086e00000, 0x0000000086f00000, 0x0000000086f00000|100%|HS|  |TAMS 0x0000000086e00000| PB 0x0000000086e00000| Complete 
| 111|0x0000000086f00000, 0x0000000087000000, 0x0000000087000000|100%| O|  |TAMS 0x0000000086f00000| PB 0x0000000086f00000| Untracked 
| 112|0x0000000087000000, 0x0000000087100000, 0x0000000087100000|100%| O|  |TAMS 0x0000000087000000| PB 0x0000000087000000| Untracked 
| 113|0x0000000087100000, 0x0000000087200000, 0x0000000087200000|100%| O|  |TAMS 0x0000000087100000| PB 0x0000000087100000| Untracked 
| 114|0x0000000087200000, 0x0000000087300000, 0x0000000087300000|100%| O|  |TAMS 0x0000000087200000| PB 0x0000000087200000| Untracked 
| 115|0x0000000087300000, 0x0000000087400000, 0x0000000087400000|100%| O|  |TAMS 0x0000000087300000| PB 0x0000000087300000| Untracked 
| 116|0x0000000087400000, 0x0000000087500000, 0x0000000087500000|100%| O|  |TAMS 0x0000000087400000| PB 0x0000000087400000| Untracked 
| 117|0x0000000087500000, 0x0000000087600000, 0x0000000087600000|100%| O|  |TAMS 0x0000000087500000| PB 0x0000000087500000| Untracked 
| 118|0x0000000087600000, 0x0000000087700000, 0x0000000087700000|100%| O|  |TAMS 0x0000000087600000| PB 0x0000000087600000| Untracked 
| 119|0x0000000087700000, 0x0000000087800000, 0x0000000087800000|100%| O|  |TAMS 0x0000000087700000| PB 0x0000000087700000| Untracked 
| 120|0x0000000087800000, 0x0000000087900000, 0x0000000087900000|100%| O|Cm|TAMS 0x0000000087800000| PB 0x0000000087800000| Complete 
| 121|0x0000000087900000, 0x0000000087a00000, 0x0000000087a00000|100%|HS|  |TAMS 0x0000000087900000| PB 0x0000000087900000| Complete 
| 122|0x0000000087a00000, 0x0000000087b00000, 0x0000000087b00000|100%|HS|  |TAMS 0x0000000087a00000| PB 0x0000000087a00000| Complete 
| 123|0x0000000087b00000, 0x0000000087c00000, 0x0000000087c00000|100%|HS|  |TAMS 0x0000000087b00000| PB 0x0000000087b00000| Complete 
| 124|0x0000000087c00000, 0x0000000087d00000, 0x0000000087d00000|100%|HS|  |TAMS 0x0000000087c00000| PB 0x0000000087c00000| Complete 
| 125|0x0000000087d00000, 0x0000000087e00000, 0x0000000087e00000|100%|HC|  |TAMS 0x0000000087d00000| PB 0x0000000087d00000| Complete 
| 126|0x0000000087e00000, 0x0000000087f00000, 0x0000000087f00000|100%|HS|  |TAMS 0x0000000087e00000| PB 0x0000000087e00000| Complete 
| 127|0x0000000087f00000, 0x0000000088000000, 0x0000000088000000|100%|HS|  |TAMS 0x0000000087f00000| PB 0x0000000087f00000| Complete 
| 128|0x0000000088000000, 0x0000000088000000, 0x0000000088100000|  0%| F|  |TAMS 0x0000000088000000| PB 0x0000000088000000| Untracked 
| 129|0x0000000088100000, 0x0000000088200000, 0x0000000088200000|100%|HS|  |TAMS 0x0000000088100000| PB 0x0000000088100000| Complete 
| 130|0x0000000088200000, 0x0000000088300000, 0x0000000088300000|100%| O|  |TAMS 0x0000000088200000| PB 0x0000000088200000| Untracked 
| 131|0x0000000088300000, 0x0000000088400000, 0x0000000088400000|100%| O|  |TAMS 0x0000000088300000| PB 0x0000000088300000| Untracked 
| 132|0x0000000088400000, 0x0000000088500000, 0x0000000088500000|100%| O|  |TAMS 0x0000000088400000| PB 0x0000000088400000| Untracked 
| 133|0x0000000088500000, 0x0000000088600000, 0x0000000088600000|100%| O|  |TAMS 0x0000000088500000| PB 0x0000000088500000| Untracked 
| 134|0x0000000088600000, 0x0000000088700000, 0x0000000088700000|100%| O|  |TAMS 0x0000000088600000| PB 0x0000000088600000| Untracked 
| 135|0x0000000088700000, 0x0000000088800000, 0x0000000088800000|100%| O|  |TAMS 0x0000000088700000| PB 0x0000000088700000| Untracked 
| 136|0x0000000088800000, 0x0000000088900000, 0x0000000088900000|100%| O|  |TAMS 0x0000000088800000| PB 0x0000000088800000| Untracked 
| 137|0x0000000088900000, 0x0000000088a00000, 0x0000000088a00000|100%| O|  |TAMS 0x0000000088900000| PB 0x0000000088900000| Untracked 
| 138|0x0000000088a00000, 0x0000000088b00000, 0x0000000088b00000|100%| O|  |TAMS 0x0000000088a00000| PB 0x0000000088a00000| Untracked 
| 139|0x0000000088b00000, 0x0000000088c00000, 0x0000000088c00000|100%| O|  |TAMS 0x0000000088b00000| PB 0x0000000088b00000| Untracked 
| 140|0x0000000088c00000, 0x0000000088d00000, 0x0000000088d00000|100%| O|  |TAMS 0x0000000088c00000| PB 0x0000000088c00000| Untracked 
| 141|0x0000000088d00000, 0x0000000088e00000, 0x0000000088e00000|100%| O|  |TAMS 0x0000000088d00000| PB 0x0000000088d00000| Untracked 
| 142|0x0000000088e00000, 0x0000000088f00000, 0x0000000088f00000|100%| O|  |TAMS 0x0000000088e00000| PB 0x0000000088e00000| Untracked 
| 143|0x0000000088f00000, 0x0000000089000000, 0x0000000089000000|100%| O|  |TAMS 0x0000000088f00000| PB 0x0000000088f00000| Untracked 
| 144|0x0000000089000000, 0x00000000890ed1e8, 0x0000000089100000| 92%| O|  |TAMS 0x0000000089000000| PB 0x0000000089000000| Untracked 
| 145|0x0000000089100000, 0x0000000089200000, 0x0000000089200000|100%|HS|  |TAMS 0x0000000089100000| PB 0x0000000089100000| Complete 
| 146|0x0000000089200000, 0x0000000089300000, 0x0000000089300000|100%|HC|  |TAMS 0x0000000089200000| PB 0x0000000089200000| Complete 
| 147|0x0000000089300000, 0x0000000089300000, 0x0000000089400000|  0%| F|  |TAMS 0x0000000089300000| PB 0x0000000089300000| Untracked 
| 148|0x0000000089400000, 0x0000000089400000, 0x0000000089500000|  0%| F|  |TAMS 0x0000000089400000| PB 0x0000000089400000| Untracked 
| 149|0x0000000089500000, 0x0000000089500000, 0x0000000089600000|  0%| F|  |TAMS 0x0000000089500000| PB 0x0000000089500000| Untracked 
| 150|0x0000000089600000, 0x0000000089600000, 0x0000000089700000|  0%| F|  |TAMS 0x0000000089600000| PB 0x0000000089600000| Untracked 
| 151|0x0000000089700000, 0x0000000089700000, 0x0000000089800000|  0%| F|  |TAMS 0x0000000089700000| PB 0x0000000089700000| Untracked 
| 152|0x0000000089800000, 0x0000000089800000, 0x0000000089900000|  0%| F|  |TAMS 0x0000000089800000| PB 0x0000000089800000| Untracked 
| 153|0x0000000089900000, 0x0000000089900000, 0x0000000089a00000|  0%| F|  |TAMS 0x0000000089900000| PB 0x0000000089900000| Untracked 
| 154|0x0000000089a00000, 0x0000000089a00000, 0x0000000089b00000|  0%| F|  |TAMS 0x0000000089a00000| PB 0x0000000089a00000| Untracked 
| 155|0x0000000089b00000, 0x0000000089b00000, 0x0000000089c00000|  0%| F|  |TAMS 0x0000000089b00000| PB 0x0000000089b00000| Untracked 
| 156|0x0000000089c00000, 0x0000000089c00000, 0x0000000089d00000|  0%| F|  |TAMS 0x0000000089c00000| PB 0x0000000089c00000| Untracked 
| 157|0x0000000089d00000, 0x0000000089d00000, 0x0000000089e00000|  0%| F|  |TAMS 0x0000000089d00000| PB 0x0000000089d00000| Untracked 
| 158|0x0000000089e00000, 0x0000000089e00000, 0x0000000089f00000|  0%| F|  |TAMS 0x0000000089e00000| PB 0x0000000089e00000| Untracked 
| 159|0x0000000089f00000, 0x0000000089f00000, 0x000000008a000000|  0%| F|  |TAMS 0x0000000089f00000| PB 0x0000000089f00000| Untracked 
| 160|0x000000008a000000, 0x000000008a000000, 0x000000008a100000|  0%| F|  |TAMS 0x000000008a000000| PB 0x000000008a000000| Untracked 
| 161|0x000000008a100000, 0x000000008a100000, 0x000000008a200000|  0%| F|  |TAMS 0x000000008a100000| PB 0x000000008a100000| Untracked 
| 162|0x000000008a200000, 0x000000008a200000, 0x000000008a300000|  0%| F|  |TAMS 0x000000008a200000| PB 0x000000008a200000| Untracked 
| 163|0x000000008a300000, 0x000000008a300000, 0x000000008a400000|  0%| F|  |TAMS 0x000000008a300000| PB 0x000000008a300000| Untracked 
| 164|0x000000008a400000, 0x000000008a400000, 0x000000008a500000|  0%| F|  |TAMS 0x000000008a400000| PB 0x000000008a400000| Untracked 
| 165|0x000000008a500000, 0x000000008a500000, 0x000000008a600000|  0%| F|  |TAMS 0x000000008a500000| PB 0x000000008a500000| Untracked 
| 166|0x000000008a600000, 0x000000008a600000, 0x000000008a700000|  0%| F|  |TAMS 0x000000008a600000| PB 0x000000008a600000| Untracked 
| 167|0x000000008a700000, 0x000000008a700000, 0x000000008a800000|  0%| F|  |TAMS 0x000000008a700000| PB 0x000000008a700000| Untracked 
| 168|0x000000008a800000, 0x000000008a800000, 0x000000008a900000|  0%| F|  |TAMS 0x000000008a800000| PB 0x000000008a800000| Untracked 
| 169|0x000000008a900000, 0x000000008a900000, 0x000000008aa00000|  0%| F|  |TAMS 0x000000008a900000| PB 0x000000008a900000| Untracked 
| 170|0x000000008aa00000, 0x000000008aa00000, 0x000000008ab00000|  0%| F|  |TAMS 0x000000008aa00000| PB 0x000000008aa00000| Untracked 
| 171|0x000000008ab00000, 0x000000008ab00000, 0x000000008ac00000|  0%| F|  |TAMS 0x000000008ab00000| PB 0x000000008ab00000| Untracked 
| 172|0x000000008ac00000, 0x000000008ac00000, 0x000000008ad00000|  0%| F|  |TAMS 0x000000008ac00000| PB 0x000000008ac00000| Untracked 
| 173|0x000000008ad00000, 0x000000008ad00000, 0x000000008ae00000|  0%| F|  |TAMS 0x000000008ad00000| PB 0x000000008ad00000| Untracked 
| 174|0x000000008ae00000, 0x000000008ae00000, 0x000000008af00000|  0%| F|  |TAMS 0x000000008ae00000| PB 0x000000008ae00000| Untracked 
| 175|0x000000008af00000, 0x000000008af00000, 0x000000008b000000|  0%| F|  |TAMS 0x000000008af00000| PB 0x000000008af00000| Untracked 
| 176|0x000000008b000000, 0x000000008b000000, 0x000000008b100000|  0%| F|  |TAMS 0x000000008b000000| PB 0x000000008b000000| Untracked 
| 177|0x000000008b100000, 0x000000008b100000, 0x000000008b200000|  0%| F|  |TAMS 0x000000008b100000| PB 0x000000008b100000| Untracked 
| 178|0x000000008b200000, 0x000000008b200000, 0x000000008b300000|  0%| F|  |TAMS 0x000000008b200000| PB 0x000000008b200000| Untracked 
| 179|0x000000008b300000, 0x000000008b300000, 0x000000008b400000|  0%| F|  |TAMS 0x000000008b300000| PB 0x000000008b300000| Untracked 
| 180|0x000000008b400000, 0x000000008b400000, 0x000000008b500000|  0%| F|  |TAMS 0x000000008b400000| PB 0x000000008b400000| Untracked 
| 181|0x000000008b500000, 0x000000008b600000, 0x000000008b600000|100%| S|CS|TAMS 0x000000008b500000| PB 0x000000008b500000| Complete 
| 182|0x000000008b600000, 0x000000008b700000, 0x000000008b700000|100%| S|CS|TAMS 0x000000008b600000| PB 0x000000008b600000| Complete 
| 183|0x000000008b700000, 0x000000008b800000, 0x000000008b800000|100%| S|CS|TAMS 0x000000008b700000| PB 0x000000008b700000| Complete 
| 184|0x000000008b800000, 0x000000008b900000, 0x000000008b900000|100%| S|CS|TAMS 0x000000008b800000| PB 0x000000008b800000| Complete 
| 185|0x000000008b900000, 0x000000008ba00000, 0x000000008ba00000|100%| S|CS|TAMS 0x000000008b900000| PB 0x000000008b900000| Complete 
| 186|0x000000008ba00000, 0x000000008bb00000, 0x000000008bb00000|100%| S|CS|TAMS 0x000000008ba00000| PB 0x000000008ba00000| Complete 
| 187|0x000000008bb00000, 0x000000008bc00000, 0x000000008bc00000|100%| S|CS|TAMS 0x000000008bb00000| PB 0x000000008bb00000| Complete 
| 188|0x000000008bc00000, 0x000000008bc00000, 0x000000008bd00000|  0%| F|  |TAMS 0x000000008bc00000| PB 0x000000008bc00000| Untracked 
| 189|0x000000008bd00000, 0x000000008bd00000, 0x000000008be00000|  0%| F|  |TAMS 0x000000008bd00000| PB 0x000000008bd00000| Untracked 
| 190|0x000000008be00000, 0x000000008be00000, 0x000000008bf00000|  0%| F|  |TAMS 0x000000008be00000| PB 0x000000008be00000| Untracked 
| 191|0x000000008bf00000, 0x000000008bf00000, 0x000000008c000000|  0%| F|  |TAMS 0x000000008bf00000| PB 0x000000008bf00000| Untracked 
| 192|0x000000008c000000, 0x000000008c100000, 0x000000008c100000|100%| E|  |TAMS 0x000000008c000000| PB 0x000000008c000000| Complete 
| 193|0x000000008c100000, 0x000000008c200000, 0x000000008c200000|100%| E|CS|TAMS 0x000000008c100000| PB 0x000000008c100000| Complete 
| 194|0x000000008c200000, 0x000000008c300000, 0x000000008c300000|100%| E|CS|TAMS 0x000000008c200000| PB 0x000000008c200000| Complete 
| 195|0x000000008c300000, 0x000000008c400000, 0x000000008c400000|100%| E|CS|TAMS 0x000000008c300000| PB 0x000000008c300000| Complete 
| 196|0x000000008c400000, 0x000000008c500000, 0x000000008c500000|100%| E|CS|TAMS 0x000000008c400000| PB 0x000000008c400000| Complete 
| 197|0x000000008c500000, 0x000000008c600000, 0x000000008c600000|100%| E|CS|TAMS 0x000000008c500000| PB 0x000000008c500000| Complete 
| 198|0x000000008c600000, 0x000000008c700000, 0x000000008c700000|100%| E|CS|TAMS 0x000000008c600000| PB 0x000000008c600000| Complete 
| 199|0x000000008c700000, 0x000000008c800000, 0x000000008c800000|100%| E|CS|TAMS 0x000000008c700000| PB 0x000000008c700000| Complete 
| 200|0x000000008c800000, 0x000000008c900000, 0x000000008c900000|100%| E|CS|TAMS 0x000000008c800000| PB 0x000000008c800000| Complete 
| 201|0x000000008c900000, 0x000000008ca00000, 0x000000008ca00000|100%| E|CS|TAMS 0x000000008c900000| PB 0x000000008c900000| Complete 
| 202|0x000000008ca00000, 0x000000008cb00000, 0x000000008cb00000|100%| E|CS|TAMS 0x000000008ca00000| PB 0x000000008ca00000| Complete 
| 203|0x000000008cb00000, 0x000000008cc00000, 0x000000008cc00000|100%| E|CS|TAMS 0x000000008cb00000| PB 0x000000008cb00000| Complete 
| 204|0x000000008cc00000, 0x000000008cd00000, 0x000000008cd00000|100%| E|CS|TAMS 0x000000008cc00000| PB 0x000000008cc00000| Complete 
| 205|0x000000008cd00000, 0x000000008ce00000, 0x000000008ce00000|100%| E|CS|TAMS 0x000000008cd00000| PB 0x000000008cd00000| Complete 
| 206|0x000000008ce00000, 0x000000008cf00000, 0x000000008cf00000|100%| E|CS|TAMS 0x000000008ce00000| PB 0x000000008ce00000| Complete 
| 207|0x000000008cf00000, 0x000000008d000000, 0x000000008d000000|100%| E|CS|TAMS 0x000000008cf00000| PB 0x000000008cf00000| Complete 
| 208|0x000000008d000000, 0x000000008d100000, 0x000000008d100000|100%| E|CS|TAMS 0x000000008d000000| PB 0x000000008d000000| Complete 
| 209|0x000000008d100000, 0x000000008d200000, 0x000000008d200000|100%| E|CS|TAMS 0x000000008d100000| PB 0x000000008d100000| Complete 
| 210|0x000000008d200000, 0x000000008d300000, 0x000000008d300000|100%| E|CS|TAMS 0x000000008d200000| PB 0x000000008d200000| Complete 
| 211|0x000000008d300000, 0x000000008d400000, 0x000000008d400000|100%| E|CS|TAMS 0x000000008d300000| PB 0x000000008d300000| Complete 
| 212|0x000000008d400000, 0x000000008d500000, 0x000000008d500000|100%| E|CS|TAMS 0x000000008d400000| PB 0x000000008d400000| Complete 
| 213|0x000000008d500000, 0x000000008d600000, 0x000000008d600000|100%| E|CS|TAMS 0x000000008d500000| PB 0x000000008d500000| Complete 
| 214|0x000000008d600000, 0x000000008d700000, 0x000000008d700000|100%| E|CS|TAMS 0x000000008d600000| PB 0x000000008d600000| Complete 
| 215|0x000000008d700000, 0x000000008d800000, 0x000000008d800000|100%| E|CS|TAMS 0x000000008d700000| PB 0x000000008d700000| Complete 
| 216|0x000000008d800000, 0x000000008d900000, 0x000000008d900000|100%| E|CS|TAMS 0x000000008d800000| PB 0x000000008d800000| Complete 
| 217|0x000000008d900000, 0x000000008da00000, 0x000000008da00000|100%| E|CS|TAMS 0x000000008d900000| PB 0x000000008d900000| Complete 
| 218|0x000000008da00000, 0x000000008db00000, 0x000000008db00000|100%| E|CS|TAMS 0x000000008da00000| PB 0x000000008da00000| Complete 
| 219|0x000000008db00000, 0x000000008dc00000, 0x000000008dc00000|100%| E|CS|TAMS 0x000000008db00000| PB 0x000000008db00000| Complete 
| 220|0x000000008dc00000, 0x000000008dd00000, 0x000000008dd00000|100%| E|CS|TAMS 0x000000008dc00000| PB 0x000000008dc00000| Complete 
| 221|0x000000008dd00000, 0x000000008de00000, 0x000000008de00000|100%| E|CS|TAMS 0x000000008dd00000| PB 0x000000008dd00000| Complete 
| 222|0x000000008de00000, 0x000000008df00000, 0x000000008df00000|100%| E|CS|TAMS 0x000000008de00000| PB 0x000000008de00000| Complete 
| 223|0x000000008df00000, 0x000000008e000000, 0x000000008e000000|100%| E|CS|TAMS 0x000000008df00000| PB 0x000000008df00000| Complete 
| 224|0x000000008e000000, 0x000000008e100000, 0x000000008e100000|100%| E|CS|TAMS 0x000000008e000000| PB 0x000000008e000000| Complete 
| 225|0x000000008e100000, 0x000000008e200000, 0x000000008e200000|100%| E|CS|TAMS 0x000000008e100000| PB 0x000000008e100000| Complete 
| 255|0x000000008ff00000, 0x0000000090000000, 0x0000000090000000|100%| E|CS|TAMS 0x000000008ff00000| PB 0x000000008ff00000| Complete 
| 256|0x0000000090000000, 0x0000000090100000, 0x0000000090100000|100%| E|CS|TAMS 0x0000000090000000| PB 0x0000000090000000| Complete 
| 257|0x0000000090100000, 0x0000000090200000, 0x0000000090200000|100%| E|CS|TAMS 0x0000000090100000| PB 0x0000000090100000| Complete 
| 258|0x0000000090200000, 0x0000000090300000, 0x0000000090300000|100%| E|CS|TAMS 0x0000000090200000| PB 0x0000000090200000| Complete 
| 259|0x0000000090300000, 0x0000000090400000, 0x0000000090400000|100%| E|CS|TAMS 0x0000000090300000| PB 0x0000000090300000| Complete 
| 260|0x0000000090400000, 0x0000000090500000, 0x0000000090500000|100%| E|CS|TAMS 0x0000000090400000| PB 0x0000000090400000| Complete 
| 261|0x0000000090500000, 0x0000000090600000, 0x0000000090600000|100%| E|CS|TAMS 0x0000000090500000| PB 0x0000000090500000| Complete 
| 262|0x0000000090600000, 0x0000000090700000, 0x0000000090700000|100%| E|CS|TAMS 0x0000000090600000| PB 0x0000000090600000| Complete 
| 263|0x0000000090700000, 0x0000000090800000, 0x0000000090800000|100%| E|CS|TAMS 0x0000000090700000| PB 0x0000000090700000| Complete 
| 317|0x0000000093d00000, 0x0000000093e00000, 0x0000000093e00000|100%| E|CS|TAMS 0x0000000093d00000| PB 0x0000000093d00000| Complete 
|2024|0x00000000fe800000, 0x00000000fe900000, 0x00000000fe900000|100%| O|  |TAMS 0x00000000fe800000| PB 0x00000000fe800000| Untracked 
|2025|0x00000000fe900000, 0x00000000fea00000, 0x00000000fea00000|100%| E|CS|TAMS 0x00000000fe900000| PB 0x00000000fe900000| Complete 
|2026|0x00000000fea00000, 0x00000000feb00000, 0x00000000feb00000|100%| O|  |TAMS 0x00000000fea00000| PB 0x00000000fea00000| Untracked 
|2027|0x00000000feb00000, 0x00000000fec00000, 0x00000000fec00000|100%| O|  |TAMS 0x00000000feb00000| PB 0x00000000feb00000| Untracked 
|2028|0x00000000fec00000, 0x00000000fed00000, 0x00000000fed00000|100%| O|  |TAMS 0x00000000fec00000| PB 0x00000000fec00000| Untracked 
|2029|0x00000000fed00000, 0x00000000fee00000, 0x00000000fee00000|100%| O|  |TAMS 0x00000000fed00000| PB 0x00000000fed00000| Untracked 
|2030|0x00000000fee00000, 0x00000000fef00000, 0x00000000fef00000|100%| O|  |TAMS 0x00000000fee00000| PB 0x00000000fee00000| Untracked 
|2031|0x00000000fef00000, 0x00000000ff000000, 0x00000000ff000000|100%| O|  |TAMS 0x00000000fef00000| PB 0x00000000fef00000| Untracked 
|2032|0x00000000ff000000, 0x00000000ff100000, 0x00000000ff100000|100%| O|  |TAMS 0x00000000ff000000| PB 0x00000000ff000000| Untracked 
|2033|0x00000000ff100000, 0x00000000ff200000, 0x00000000ff200000|100%| O|  |TAMS 0x00000000ff100000| PB 0x00000000ff100000| Untracked 
|2034|0x00000000ff200000, 0x00000000ff300000, 0x00000000ff300000|100%| O|  |TAMS 0x00000000ff200000| PB 0x00000000ff200000| Untracked 
|2035|0x00000000ff300000, 0x00000000ff400000, 0x00000000ff400000|100%| O|  |TAMS 0x00000000ff300000| PB 0x00000000ff300000| Untracked 
|2036|0x00000000ff400000, 0x00000000ff500000, 0x00000000ff500000|100%| O|  |TAMS 0x00000000ff400000| PB 0x00000000ff400000| Untracked 
|2037|0x00000000ff500000, 0x00000000ff600000, 0x00000000ff600000|100%| O|  |TAMS 0x00000000ff500000| PB 0x00000000ff500000| Untracked 
|2038|0x00000000ff600000, 0x00000000ff700000, 0x00000000ff700000|100%| O|  |TAMS 0x00000000ff600000| PB 0x00000000ff600000| Untracked 
|2039|0x00000000ff700000, 0x00000000ff800000, 0x00000000ff800000|100%| O|  |TAMS 0x00000000ff700000| PB 0x00000000ff700000| Untracked 
|2040|0x00000000ff800000, 0x00000000ff900000, 0x00000000ff900000|100%| O|  |TAMS 0x00000000ff800000| PB 0x00000000ff800000| Untracked 
|2041|0x00000000ff900000, 0x00000000ffa00000, 0x00000000ffa00000|100%| O|  |TAMS 0x00000000ff900000| PB 0x00000000ff900000| Untracked 
|2042|0x00000000ffa00000, 0x00000000ffb00000, 0x00000000ffb00000|100%| E|CS|TAMS 0x00000000ffa00000| PB 0x00000000ffa00000| Complete 
|2043|0x00000000ffb00000, 0x00000000ffc00000, 0x00000000ffc00000|100%| O|  |TAMS 0x00000000ffb00000| PB 0x00000000ffb00000| Untracked 
|2044|0x00000000ffc00000, 0x00000000ffd00000, 0x00000000ffd00000|100%| E|CS|TAMS 0x00000000ffc00000| PB 0x00000000ffc00000| Complete 
|2045|0x00000000ffd00000, 0x00000000ffe00000, 0x00000000ffe00000|100%| O|  |TAMS 0x00000000ffd00000| PB 0x00000000ffd00000| Untracked 
|2046|0x00000000ffe00000, 0x00000000fff00000, 0x00000000fff00000|100%| O|  |TAMS 0x00000000ffe00000| PB 0x00000000ffe00000| Untracked 
|2047|0x00000000fff00000, 0x0000000100000000, 0x0000000100000000|100%| E|CS|TAMS 0x00000000fff00000| PB 0x00000000fff00000| Complete 

Card table byte_map: [0x0000023c78070000,0x0000023c78470000] _byte_map_base: 0x0000023c77c70000

Marking Bits: (CMBitMap*) 0x0000023c7260be00
 Bits: [0x0000023c78470000, 0x0000023c7a470000)

Polling page: 0x0000023c72300000

Metaspace:

Usage:
  Non-class:    121.92 MB used.
      Class:     18.74 MB used.
       Both:    140.66 MB used.

Virtual space:
  Non-class space:      128.00 MB reserved,     123.00 MB ( 96%) committed,  2 nodes.
      Class space:        1.00 GB reserved,      19.75 MB (  2%) committed,  1 nodes.
             Both:        1.12 GB reserved,     142.75 MB ( 12%) committed. 

Chunk freelists:
   Non-Class:  4.16 MB
       Class:  12.23 MB
        Both:  16.39 MB

MaxMetaspaceSize: unlimited
CompressedClassSpaceSize: 1.00 GB
Initial GC threshold: 21.00 MB
Current GC threshold: 225.94 MB
CDS: off
 - commit_granule_bytes: 65536.
 - commit_granule_words: 8192.
 - virtual_space_node_default_size: 8388608.
 - enlarge_chunks_in_place: 1.
 - use_allocation_guard: 0.


Internal statistics:

num_allocs_failed_limit: 9.
num_arena_births: 4160.
num_arena_deaths: 0.
num_vsnodes_births: 3.
num_vsnodes_deaths: 0.
num_space_committed: 2284.
num_space_uncommitted: 0.
num_chunks_returned_to_freelist: 9.
num_chunks_taken_from_freelist: 9807.
num_chunk_merges: 6.
num_chunk_splits: 6928.
num_chunks_enlarged: 4896.
num_inconsistent_stats: 0.

CodeHeap 'non-profiled nmethods': size=120000Kb used=6334Kb max_used=6334Kb free=113665Kb
 bounds [0x0000023c07ad0000, 0x0000023c08100000, 0x0000023c0f000000]
CodeHeap 'profiled nmethods': size=120000Kb used=19132Kb max_used=19132Kb free=100868Kb
 bounds [0x0000023c00000000, 0x0000023c012b0000, 0x0000023c07530000]
CodeHeap 'non-nmethods': size=5760Kb used=2230Kb max_used=2251Kb free=3529Kb
 bounds [0x0000023c07530000, 0x0000023c077a0000, 0x0000023c07ad0000]
CodeCache: size=245760Kb, used=27696Kb, max_used=27717Kb, free=218062Kb
 total_blobs=11020, nmethods=9940, adapters=980, full_count=0
Compilation: enabled, stopped_count=0, restarted_count=0

Compilation events (20 events):
Event: 12.321 Thread 0x0000023c7d2ece60 11824       3       jdk.internal.org.objectweb.asm.Type::getObjectType (31 bytes)
Event: 12.321 Thread 0x0000023c7d2ece60 nmethod 11824 0x0000023c012a3310 code [0x0000023c012a3540, 0x0000023c012a3d70]
Event: 12.322 Thread 0x0000023c7d2ece60 11825       3       org.gradle.api.internal.DefaultMutationGuard$$Lambda/0x00000001004e3c28::get (4 bytes)
Event: 12.322 Thread 0x0000023c7d2ece60 nmethod 11825 0x0000023c012a4110 code [0x0000023c012a42c0, 0x0000023c012a44b0]
Event: 12.322 Thread 0x0000023c7d2ece60 11826       3       org.gradle.api.internal.DefaultMutationGuard::lambda$new$6f6278e5$1 (5 bytes)
Event: 12.322 Thread 0x0000023c7d2ece60 nmethod 11826 0x0000023c012a4590 code [0x0000023c012a4740, 0x0000023c012a48b0]
Event: 12.322 Thread 0x0000023c7d2ece60 11827       3       org.gradle.api.internal.DefaultMutationGuard::isLazyContext (29 bytes)
Event: 12.323 Thread 0x0000023c7d2ece60 nmethod 11827 0x0000023c012a4990 code [0x0000023c012a4b60, 0x0000023c012a4fe8]
Event: 12.323 Thread 0x0000023c7d2ece60 11828       3       org.gradle.api.internal.DefaultDomainObjectCollection::assertEagerContext (17 bytes)
Event: 12.323 Thread 0x0000023c7d2ece60 nmethod 11828 0x0000023c012a5190 code [0x0000023c012a5360, 0x0000023c012a5608]
Event: 12.323 Thread 0x0000023c7d2ece60 11829       3       org.gradle.api.internal.DefaultMutationGuard::assertEagerContext (28 bytes)
Event: 12.323 Thread 0x0000023c7d2ece60 nmethod 11829 0x0000023c012a5710 code [0x0000023c012a5960, 0x0000023c012a6398]
Event: 12.329 Thread 0x0000023c7d2ece60 11830       3       org.gradle.internal.ImmutableActionSet$EmptySet::execute (1 bytes)
Event: 12.329 Thread 0x0000023c7d2ece60 nmethod 11830 0x0000023c012a6710 code [0x0000023c012a68a0, 0x0000023c012a69a8]
Event: 12.329 Thread 0x0000023c7d2ece60 11831       3       sun.reflect.generics.scope.AbstractScope::lookup (66 bytes)
Event: 12.330 Thread 0x0000023c7d2ece60 nmethod 11831 0x0000023c012a6a10 code [0x0000023c012a6c40, 0x0000023c012a73f8]
Event: 12.338 Thread 0x0000023c7d2ece60 11832       3       com.google.common.cache.LocalCache$EntryFactory$1::newEntry (12 bytes)
Event: 12.338 Thread 0x0000023c7d2ece60 nmethod 11832 0x0000023c012a7690 code [0x0000023c012a7860, 0x0000023c012a7c60]
Event: 12.351 Thread 0x0000023c7d2ece60 11833       3       org.gradle.plugin.use.internal.DefaultPluginId::equals (41 bytes)
Event: 12.352 Thread 0x0000023c7d2ece60 nmethod 11833 0x0000023c012a7e10 code [0x0000023c012a7fe0, 0x0000023c012a8348]

GC Heap History (20 events):
Event: 8.109 GC heap before
{Heap before GC invocations=28 (full 0):
 garbage-first heap   total 178176K, used 149819K [0x0000000080000000, 0x0000000100000000)
  region size 1024K, 50 young (51200K), 8 survivors (8192K)
 Metaspace       used 91733K, committed 93696K, reserved 1179648K
  class space    used 13262K, committed 14208K, reserved 1048576K
}
Event: 8.117 GC heap after
{Heap after GC invocations=29 (full 0):
 garbage-first heap   total 178176K, used 123166K [0x0000000080000000, 0x0000000100000000)
  region size 1024K, 7 young (7168K), 7 survivors (7168K)
 Metaspace       used 91733K, committed 93696K, reserved 1179648K
  class space    used 13262K, committed 14208K, reserved 1048576K
}
Event: 8.340 GC heap before
{Heap before GC invocations=29 (full 0):
 garbage-first heap   total 178176K, used 155934K [0x0000000080000000, 0x0000000100000000)
  region size 1024K, 39 young (39936K), 7 survivors (7168K)
 Metaspace       used 96050K, committed 98048K, reserved 1179648K
  class space    used 13689K, committed 14656K, reserved 1048576K
}
Event: 8.344 GC heap after
{Heap after GC invocations=30 (full 0):
 garbage-first heap   total 178176K, used 125952K [0x0000000080000000, 0x0000000100000000)
  region size 1024K, 2 young (2048K), 2 survivors (2048K)
 Metaspace       used 96050K, committed 98048K, reserved 1179648K
  class space    used 13689K, committed 14656K, reserved 1048576K
}
Event: 8.523 GC heap before
{Heap before GC invocations=30 (full 0):
 garbage-first heap   total 178176K, used 159744K [0x0000000080000000, 0x0000000100000000)
  region size 1024K, 35 young (35840K), 2 survivors (2048K)
 Metaspace       used 99229K, committed 101248K, reserved 1179648K
  class space    used 14058K, committed 15040K, reserved 1048576K
}
Event: 8.526 GC heap after
{Heap after GC invocations=31 (full 0):
 garbage-first heap   total 178176K, used 130024K [0x0000000080000000, 0x0000000100000000)
  region size 1024K, 5 young (5120K), 5 survivors (5120K)
 Metaspace       used 99229K, committed 101248K, reserved 1179648K
  class space    used 14058K, committed 15040K, reserved 1048576K
}
Event: 8.737 GC heap before
{Heap before GC invocations=32 (full 0):
 garbage-first heap   total 217088K, used 160744K [0x0000000080000000, 0x0000000100000000)
  region size 1024K, 36 young (36864K), 5 survivors (5120K)
 Metaspace       used 103212K, committed 105216K, reserved 1179648K
  class space    used 14401K, committed 15360K, reserved 1048576K
}
Event: 8.739 GC heap after
{Heap after GC invocations=33 (full 0):
 garbage-first heap   total 217088K, used 131123K [0x0000000080000000, 0x0000000100000000)
  region size 1024K, 1 young (1024K), 1 survivors (1024K)
 Metaspace       used 103212K, committed 105216K, reserved 1179648K
  class space    used 14401K, committed 15360K, reserved 1048576K
}
Event: 9.123 GC heap before
{Heap before GC invocations=33 (full 0):
 garbage-first heap   total 217088K, used 189491K [0x0000000080000000, 0x0000000100000000)
  region size 1024K, 59 young (60416K), 1 survivors (1024K)
 Metaspace       used 110224K, committed 112192K, reserved 1179648K
  class space    used 15146K, committed 16128K, reserved 1048576K
}
Event: 9.127 GC heap after
{Heap after GC invocations=34 (full 0):
 garbage-first heap   total 217088K, used 133542K [0x0000000080000000, 0x0000000100000000)
  region size 1024K, 5 young (5120K), 5 survivors (5120K)
 Metaspace       used 110224K, committed 112192K, reserved 1179648K
  class space    used 15146K, committed 16128K, reserved 1048576K
}
Event: 9.578 GC heap before
{Heap before GC invocations=34 (full 0):
 garbage-first heap   total 217088K, used 192934K [0x0000000080000000, 0x0000000100000000)
  region size 1024K, 63 young (64512K), 5 survivors (5120K)
 Metaspace       used 117227K, committed 119168K, reserved 1179648K
  class space    used 16020K, committed 16960K, reserved 1048576K
}
Event: 9.581 GC heap after
{Heap after GC invocations=35 (full 0):
 garbage-first heap   total 217088K, used 137666K [0x0000000080000000, 0x0000000100000000)
  region size 1024K, 8 young (8192K), 8 survivors (8192K)
 Metaspace       used 117227K, committed 119168K, reserved 1179648K
  class space    used 16020K, committed 16960K, reserved 1048576K
}
Event: 10.032 GC heap before
{Heap before GC invocations=36 (full 0):
 garbage-first heap   total 230400K, used 195010K [0x0000000080000000, 0x0000000100000000)
  region size 1024K, 65 young (66560K), 8 survivors (8192K)
 Metaspace       used 124463K, committed 126464K, reserved 1179648K
  class space    used 16771K, committed 17728K, reserved 1048576K
}
Event: 10.036 GC heap after
{Heap after GC invocations=37 (full 0):
 garbage-first heap   total 230400K, used 142041K [0x0000000080000000, 0x0000000100000000)
  region size 1024K, 9 young (9216K), 9 survivors (9216K)
 Metaspace       used 124463K, committed 126464K, reserved 1179648K
  class space    used 16771K, committed 17728K, reserved 1048576K
}
Event: 10.406 GC heap before
{Heap before GC invocations=37 (full 0):
 garbage-first heap   total 230400K, used 208601K [0x0000000080000000, 0x0000000100000000)
  region size 1024K, 73 young (74752K), 9 survivors (9216K)
 Metaspace       used 129473K, committed 131520K, reserved 1179648K
  class space    used 17330K, committed 18304K, reserved 1048576K
}
Event: 10.412 GC heap after
{Heap after GC invocations=38 (full 0):
 garbage-first heap   total 230400K, used 152281K [0x0000000080000000, 0x0000000100000000)
  region size 1024K, 10 young (10240K), 10 survivors (10240K)
 Metaspace       used 129473K, committed 131520K, reserved 1179648K
  class space    used 17330K, committed 18304K, reserved 1048576K
}
Event: 11.013 GC heap before
{Heap before GC invocations=38 (full 0):
 garbage-first heap   total 230400K, used 207577K [0x0000000080000000, 0x0000000100000000)
  region size 1024K, 64 young (65536K), 10 survivors (10240K)
 Metaspace       used 136722K, committed 138752K, reserved 1179648K
  class space    used 18204K, committed 19200K, reserved 1048576K
}
Event: 11.017 GC heap after
{Heap after GC invocations=39 (full 0):
 garbage-first heap   total 230400K, used 156487K [0x0000000080000000, 0x0000000100000000)
  region size 1024K, 4 young (4096K), 4 survivors (4096K)
 Metaspace       used 136722K, committed 138752K, reserved 1179648K
  class space    used 18204K, committed 19200K, reserved 1048576K
}
Event: 11.796 GC heap before
{Heap before GC invocations=40 (full 0):
 garbage-first heap   total 266240K, used 217927K [0x0000000080000000, 0x0000000100000000)
  region size 1024K, 56 young (57344K), 4 survivors (4096K)
 Metaspace       used 139499K, committed 141632K, reserved 1179648K
  class space    used 18575K, committed 19584K, reserved 1048576K
}
Event: 11.802 GC heap after
{Heap after GC invocations=41 (full 0):
 garbage-first heap   total 266240K, used 175028K [0x0000000080000000, 0x0000000100000000)
  region size 1024K, 7 young (7168K), 7 survivors (7168K)
 Metaspace       used 139499K, committed 141632K, reserved 1179648K
  class space    used 18575K, committed 19584K, reserved 1048576K
}

Dll operation events (3 events):
Event: 0.008 Loaded shared library C:\Program Files\Android\Android Studio\jbr\bin\java.dll
Event: 0.012 Loaded shared library C:\Program Files\Android\Android Studio\jbr\bin\zip.dll
Event: 0.629 Loaded shared library C:\Program Files\Android\Android Studio\jbr\bin\verify.dll

Deoptimization events (20 events):
Event: 12.281 Thread 0x0000023c7ec976a0 Uncommon trap: trap_request=0xffffff45 fr.pc=0x0000023c07f18310 relative=0x0000000000000350
Event: 12.281 Thread 0x0000023c7ec976a0 Uncommon trap: reason=unstable_if action=reinterpret pc=0x0000023c07f18310 method=java.util.regex.Pattern.has(I)Z @ 6 c2
Event: 12.281 Thread 0x0000023c7ec976a0 DEOPT PACKING pc=0x0000023c07f18310 sp=0x000000f7119f1630
Event: 12.281 Thread 0x0000023c7ec976a0 DEOPT UNPACKING pc=0x0000023c075843a2 sp=0x000000f7119f1548 mode 2
Event: 12.281 Thread 0x0000023c7ec976a0 Uncommon trap: trap_request=0xffffff45 fr.pc=0x0000023c07f08688 relative=0x0000000000000068
Event: 12.281 Thread 0x0000023c7ec976a0 Uncommon trap: reason=unstable_if action=reinterpret pc=0x0000023c07f08688 method=java.util.regex.Pattern.has(I)Z @ 6 c2
Event: 12.281 Thread 0x0000023c7ec976a0 DEOPT PACKING pc=0x0000023c07f08688 sp=0x000000f7119f15b0
Event: 12.281 Thread 0x0000023c7ec976a0 DEOPT UNPACKING pc=0x0000023c075843a2 sp=0x000000f7119f1540 mode 2
Event: 12.281 Thread 0x0000023c7ec976a0 Uncommon trap: trap_request=0xffffff45 fr.pc=0x0000023c07f08d48 relative=0x00000000000000a8
Event: 12.281 Thread 0x0000023c7ec976a0 Uncommon trap: reason=unstable_if action=reinterpret pc=0x0000023c07f08d48 method=java.util.regex.Pattern.append(II)V @ 9 c2
Event: 12.281 Thread 0x0000023c7ec976a0 DEOPT PACKING pc=0x0000023c07f08d48 sp=0x000000f7119f1630
Event: 12.281 Thread 0x0000023c7ec976a0 DEOPT UNPACKING pc=0x0000023c075843a2 sp=0x000000f7119f15c0 mode 2
Event: 12.282 Thread 0x0000023c7ec976a0 Uncommon trap: trap_request=0xffffff6e fr.pc=0x0000023c07f95e0c relative=0x00000000000004ec
Event: 12.282 Thread 0x0000023c7ec976a0 Uncommon trap: reason=loop_limit_check action=maybe_recompile pc=0x0000023c07f95e0c method=java.util.regex.Pattern$Start.match(Ljava/util/regex/Matcher;ILjava/lang/CharSequence;)Z @ 34 c2
Event: 12.282 Thread 0x0000023c7ec976a0 DEOPT PACKING pc=0x0000023c07f95e0c sp=0x000000f7119f25e0
Event: 12.282 Thread 0x0000023c7ec976a0 DEOPT UNPACKING pc=0x0000023c075843a2 sp=0x000000f7119f2520 mode 2
Event: 12.290 Thread 0x0000023c7ec976a0 Uncommon trap: trap_request=0xffffffd6 fr.pc=0x0000023c07c5eff8 relative=0x0000000000000438
Event: 12.290 Thread 0x0000023c7ec976a0 Uncommon trap: reason=array_check action=maybe_recompile pc=0x0000023c07c5eff8 method=java.util.Arrays.fill([Ljava/lang/Object;IILjava/lang/Object;)V @ 20 c2
Event: 12.290 Thread 0x0000023c7ec976a0 DEOPT PACKING pc=0x0000023c07c5eff8 sp=0x000000f7119f33f0
Event: 12.290 Thread 0x0000023c7ec976a0 DEOPT UNPACKING pc=0x0000023c075843a2 sp=0x000000f7119f33b8 mode 2

Classes loaded (20 events):
Event: 12.257 Loading class jdk/xml/internal/XMLSecurityManager$Processor
Event: 12.257 Loading class jdk/xml/internal/XMLSecurityManager$Processor done
Event: 12.257 Loading class jdk/xml/internal/XMLSecurityManager$NameMap
Event: 12.257 Loading class jdk/xml/internal/XMLSecurityManager$NameMap done
Event: 12.257 Loading class com/sun/org/apache/xerces/internal/utils/XMLSecurityPropertyManager
Event: 12.257 Loading class com/sun/org/apache/xerces/internal/utils/XMLSecurityPropertyManager done
Event: 12.257 Loading class com/sun/org/apache/xerces/internal/utils/XMLSecurityPropertyManager$State
Event: 12.258 Loading class com/sun/org/apache/xerces/internal/utils/XMLSecurityPropertyManager$State done
Event: 12.258 Loading class com/sun/org/apache/xerces/internal/utils/XMLSecurityPropertyManager$Property
Event: 12.258 Loading class com/sun/org/apache/xerces/internal/utils/XMLSecurityPropertyManager$Property done
Event: 12.258 Loading class javax/xml/parsers/DocumentBuilderFactory
Event: 12.258 Loading class javax/xml/parsers/DocumentBuilderFactory done
Event: 12.258 Loading class javax/xml/parsers/FactoryFinder
Event: 12.259 Loading class javax/xml/parsers/FactoryFinder done
Event: 12.259 Loading class javax/xml/parsers/FactoryFinder$1
Event: 12.259 Loading class javax/xml/parsers/FactoryFinder$1 done
Event: 12.259 Loading class com/sun/org/apache/xerces/internal/jaxp/DocumentBuilderFactoryImpl
Event: 12.260 Loading class com/sun/org/apache/xerces/internal/jaxp/DocumentBuilderFactoryImpl done
Event: 12.281 Loading class java/util/regex/Pattern$SliceI
Event: 12.281 Loading class java/util/regex/Pattern$SliceI done

Classes unloaded (0 events):
No events

Classes redefined (0 events):
No events

Internal exceptions (20 events):
Event: 12.327 Thread 0x0000023c7ec976a0 Exception <a 'sun/nio/fs/WindowsException'{0x000000008c252260}> (0x000000008c252260) 
thrown [s\src\hotspot\share\prims\jni.cpp, line 537]
Event: 12.327 Thread 0x0000023c7ec976a0 Exception <a 'sun/nio/fs/WindowsException'{0x000000008c262210}> (0x000000008c262210) 
thrown [s\src\hotspot\share\prims\jni.cpp, line 537]
Event: 12.327 Thread 0x0000023c7ec976a0 Exception <a 'sun/nio/fs/WindowsException'{0x000000008c272368}> (0x000000008c272368) 
thrown [s\src\hotspot\share\prims\jni.cpp, line 537]
Event: 12.328 Thread 0x0000023c7ec976a0 Exception <a 'sun/nio/fs/WindowsException'{0x000000008c282e50}> (0x000000008c282e50) 
thrown [s\src\hotspot\share\prims\jni.cpp, line 537]
Event: 12.331 Thread 0x0000023c7ec976a0 Exception <a 'sun/nio/fs/WindowsException'{0x000000008c2c7be8}> (0x000000008c2c7be8) 
thrown [s\src\hotspot\share\prims\jni.cpp, line 537]
Event: 12.332 Thread 0x0000023c7ec976a0 Exception <a 'sun/nio/fs/WindowsException'{0x000000008c2d9258}> (0x000000008c2d9258) 
thrown [s\src\hotspot\share\prims\jni.cpp, line 537]
Event: 12.334 Thread 0x0000023c7ec976a0 Exception <a 'sun/nio/fs/WindowsException'{0x000000008c2f4b70}> (0x000000008c2f4b70) 
thrown [s\src\hotspot\share\prims\jni.cpp, line 537]
Event: 12.336 Thread 0x0000023c7ec976a0 Exception <a 'sun/nio/fs/WindowsException'{0x000000008c11e3b8}> (0x000000008c11e3b8) 
thrown [s\src\hotspot\share\prims\jni.cpp, line 537]
Event: 12.336 Thread 0x0000023c7ec976a0 Exception <a 'sun/nio/fs/WindowsException'{0x000000008c12d098}> (0x000000008c12d098) 
thrown [s\src\hotspot\share\prims\jni.cpp, line 537]
Event: 12.337 Thread 0x0000023c7ec976a0 Exception <a 'sun/nio/fs/WindowsException'{0x000000008c13c390}> (0x000000008c13c390) 
thrown [s\src\hotspot\share\prims\jni.cpp, line 537]
Event: 12.338 Thread 0x0000023c7ec976a0 Exception <a 'sun/nio/fs/WindowsException'{0x000000008c146908}> (0x000000008c146908) 
thrown [s\src\hotspot\share\prims\jni.cpp, line 537]
Event: 12.339 Thread 0x0000023c7ec976a0 Exception <a 'sun/nio/fs/WindowsException'{0x000000008c154ae0}> (0x000000008c154ae0) 
thrown [s\src\hotspot\share\prims\jni.cpp, line 537]
Event: 12.345 Thread 0x0000023c7ec976a0 Exception <a 'sun/nio/fs/WindowsException'{0x000000008c171568}> (0x000000008c171568) 
thrown [s\src\hotspot\share\prims\jni.cpp, line 537]
Event: 12.346 Thread 0x0000023c7ec976a0 Exception <a 'sun/nio/fs/WindowsException'{0x000000008c1a90b0}> (0x000000008c1a90b0) 
thrown [s\src\hotspot\share\prims\jni.cpp, line 537]
Event: 12.347 Thread 0x0000023c7ec976a0 Exception <a 'sun/nio/fs/WindowsException'{0x000000008c1c0f70}> (0x000000008c1c0f70) 
thrown [s\src\hotspot\share\prims\jni.cpp, line 537]
Event: 12.349 Thread 0x0000023c7ec976a0 Exception <a 'sun/nio/fs/WindowsException'{0x000000008c1e9b80}> (0x000000008c1e9b80) 
thrown [s\src\hotspot\share\prims\jni.cpp, line 537]
Event: 12.351 Thread 0x0000023c7ec976a0 Exception <a 'sun/nio/fs/WindowsException'{0x000000008c000800}> (0x000000008c000800) 
thrown [s\src\hotspot\share\prims\jni.cpp, line 537]
Event: 12.352 Thread 0x0000023c7ec976a0 Exception <a 'sun/nio/fs/WindowsException'{0x000000008c00e848}> (0x000000008c00e848) 
thrown [s\src\hotspot\share\prims\jni.cpp, line 537]
Event: 12.354 Thread 0x0000023c7ec976a0 Exception <a 'sun/nio/fs/WindowsException'{0x000000008c018e08}> (0x000000008c018e08) 
thrown [s\src\hotspot\share\prims\jni.cpp, line 537]
Event: 12.354 Thread 0x0000023c7ec976a0 Exception <a 'sun/nio/fs/WindowsException'{0x000000008c026f88}> (0x000000008c026f88) 
thrown [s\src\hotspot\share\prims\jni.cpp, line 537]

ZGC Phase Switch (0 events):
No events

VM Operations (20 events):
Event: 10.413 Executing safepoint VM operation: G1CollectForAllocation (G1 Evacuation Pause) done
Event: 10.637 Executing non-safepoint VM operation: HandshakeAllThreads (Deoptimize)
Event: 10.637 Executing non-safepoint VM operation: HandshakeAllThreads (Deoptimize) done
Event: 10.992 Executing safepoint VM operation: ICBufferFull
Event: 10.992 Executing safepoint VM operation: ICBufferFull done
Event: 11.013 Executing safepoint VM operation: G1CollectForAllocation (G1 Evacuation Pause)
Event: 11.017 Executing safepoint VM operation: G1CollectForAllocation (G1 Evacuation Pause) done
Event: 11.070 Executing safepoint VM operation: G1PauseRemark
Event: 11.074 Executing safepoint VM operation: G1PauseRemark done
Event: 11.109 Executing safepoint VM operation: G1PauseCleanup
Event: 11.109 Executing safepoint VM operation: G1PauseCleanup done
Event: 11.736 Executing non-safepoint VM operation: HandshakeAllThreads (Deoptimize)
Event: 11.736 Executing non-safepoint VM operation: HandshakeAllThreads (Deoptimize) done
Event: 11.737 Executing non-safepoint VM operation: HandshakeAllThreads (Deoptimize)
Event: 11.738 Executing non-safepoint VM operation: HandshakeAllThreads (Deoptimize) done
Event: 11.796 Executing safepoint VM operation: G1CollectForAllocation (G1 Evacuation Pause)
Event: 11.802 Executing safepoint VM operation: G1CollectForAllocation (G1 Evacuation Pause) done
Event: 12.267 Executing non-safepoint VM operation: HandshakeAllThreads (Deoptimize)
Event: 12.267 Executing non-safepoint VM operation: HandshakeAllThreads (Deoptimize) done
Event: 13.280 Executing safepoint VM operation: Cleanup

Memory protections (0 events):
No events

Nmethod flushes (20 events):
Event: 11.073 Thread 0x0000023c7d26afa0 flushing  nmethod 0x0000023c07c5fd90
Event: 11.073 Thread 0x0000023c7d26afa0 flushing  nmethod 0x0000023c07fa3210
Event: 11.073 Thread 0x0000023c7d26afa0 flushing  nmethod 0x0000023c00339690
Event: 11.073 Thread 0x0000023c7d26afa0 flushing  nmethod 0x0000023c00381990
Event: 11.073 Thread 0x0000023c7d26afa0 flushing  nmethod 0x0000023c0052ae90
Event: 11.073 Thread 0x0000023c7d26afa0 flushing  nmethod 0x0000023c00566c90
Event: 11.073 Thread 0x0000023c7d26afa0 flushing  nmethod 0x0000023c0065bb10
Event: 11.073 Thread 0x0000023c7d26afa0 flushing  nmethod 0x0000023c007d5290
Event: 11.073 Thread 0x0000023c7d26afa0 flushing  nmethod 0x0000023c00a1e290
Event: 11.073 Thread 0x0000023c7d26afa0 flushing  nmethod 0x0000023c00b3ad90
Event: 11.073 Thread 0x0000023c7d26afa0 flushing  nmethod 0x0000023c00e76e90
Event: 11.073 Thread 0x0000023c7d26afa0 flushing  nmethod 0x0000023c00f36190
Event: 11.073 Thread 0x0000023c7d26afa0 flushing  nmethod 0x0000023c07d59610
Event: 11.073 Thread 0x0000023c7d26afa0 flushing  nmethod 0x0000023c0006dd90
Event: 11.073 Thread 0x0000023c7d26afa0 flushing  nmethod 0x0000023c0048a890
Event: 11.073 Thread 0x0000023c7d26afa0 flushing  nmethod 0x0000023c0048c110
Event: 11.073 Thread 0x0000023c7d26afa0 flushing  nmethod 0x0000023c0048f790
Event: 11.073 Thread 0x0000023c7d26afa0 flushing  nmethod 0x0000023c0097aa90
Event: 11.073 Thread 0x0000023c7d26afa0 flushing  nmethod 0x0000023c00e6fc10
Event: 11.073 Thread 0x0000023c7d26afa0 flushing  nmethod 0x0000023c00e2d610

Events (20 events):
Event: 4.762 Thread 0x0000023c7ec976a0 Thread added: 0x0000023c16022de0
Event: 4.762 Thread 0x0000023c7ec976a0 Thread added: 0x0000023c160213a0
Event: 5.602 Thread 0x0000023c7da72b40 Thread exited: 0x0000023c7da72b40
Event: 5.622 Thread 0x0000023c7d70bdb0 Thread exited: 0x0000023c7d70bdb0
Event: 6.019 Thread 0x0000023c7d2ece60 Thread added: 0x0000023c1711b400
Event: 6.518 Thread 0x0000023c7d2ece60 Thread added: 0x0000023c7ed11790
Event: 6.962 Thread 0x0000023c7ed11790 Thread exited: 0x0000023c7ed11790
Event: 7.230 Thread 0x0000023c1711b400 Thread exited: 0x0000023c1711b400
Event: 7.591 Thread 0x0000023c7d2ece60 Thread added: 0x0000023c164e7bd0
Event: 7.744 Thread 0x0000023c7d2ece60 Thread added: 0x0000023c164e9710
Event: 8.414 Thread 0x0000023c164e9710 Thread exited: 0x0000023c164e9710
Event: 8.733 Thread 0x0000023c164e7bd0 Thread exited: 0x0000023c164e7bd0
Event: 8.982 Thread 0x0000023c7d2ece60 Thread added: 0x0000023c18a2c240
Event: 8.988 Thread 0x0000023c7d2ece60 Thread added: 0x0000023c18a28bc0
Event: 9.458 Thread 0x0000023c18a28bc0 Thread exited: 0x0000023c18a28bc0
Event: 10.202 Thread 0x0000023c7d2ece60 Thread added: 0x0000023c21057ab0
Event: 11.267 Thread 0x0000023c21057ab0 Thread exited: 0x0000023c21057ab0
Event: 11.491 Thread 0x0000023c18a2c240 Thread exited: 0x0000023c18a2c240
Event: 11.771 Thread 0x0000023c7d2eadd0 Thread added: 0x0000023c7e8887c0
Event: 12.296 Thread 0x0000023c7ec976a0 Thread added: 0x0000023c15af9b80


Dynamic libraries:
0x00007ff6b7d10000 - 0x00007ff6b7d1a000 	C:\Program Files\Android\Android Studio\jbr\bin\java.exe
0x00007ffba3ba0000 - 0x00007ffba3e07000 	C:\WINDOWS\SYSTEM32\ntdll.dll
0x00007ffba2340000 - 0x00007ffba2409000 	C:\WINDOWS\System32\KERNEL32.DLL
0x00007ffba0990000 - 0x00007ffba0d87000 	C:\WINDOWS\System32\KERNELBASE.dll
0x00007ffba0840000 - 0x00007ffba098b000 	C:\WINDOWS\System32\ucrtbase.dll
0x00007ffb84070000 - 0x00007ffb8408b000 	C:\Program Files\Android\Android Studio\jbr\bin\VCRUNTIME140.dll
0x00007ffb8eb20000 - 0x00007ffb8eb38000 	C:\Program Files\Android\Android Studio\jbr\bin\jli.dll
0x00007ffba24e0000 - 0x00007ffba26a6000 	C:\WINDOWS\System32\USER32.dll
0x00007ffba0d90000 - 0x00007ffba0db7000 	C:\WINDOWS\System32\win32u.dll
0x00007ffb8b1f0000 - 0x00007ffb8b482000 	C:\WINDOWS\WinSxS\amd64_microsoft.windows.common-controls_6595b64144ccf1df_6.0.26100.8457_none_3e0b2faee331e92d\COMCTL32.dll
0x00007ffba1cc0000 - 0x00007ffba1ceb000 	C:\WINDOWS\System32\GDI32.dll
0x00007ffba1cf0000 - 0x00007ffba1d99000 	C:\WINDOWS\System32\msvcrt.dll
0x00007ffba05d0000 - 0x00007ffba06fc000 	C:\WINDOWS\System32\gdi32full.dll
0x00007ffba0790000 - 0x00007ffba0833000 	C:\WINDOWS\System32\msvcp_win.dll
0x00007ffba1c80000 - 0x00007ffba1cb2000 	C:\WINDOWS\System32\IMM32.DLL
0x00007ffb9b8c0000 - 0x00007ffb9b8cc000 	C:\Program Files\Android\Android Studio\jbr\bin\vcruntime140_1.dll
0x00007ffb37850000 - 0x00007ffb378dd000 	C:\Program Files\Android\Android Studio\jbr\bin\msvcp140.dll
0x00007ffae7e30000 - 0x00007ffae8ac6000 	C:\Program Files\Android\Android Studio\jbr\bin\server\jvm.dll
0x00007ffba2970000 - 0x00007ffba2a26000 	C:\WINDOWS\System32\ADVAPI32.dll
0x00007ffba2290000 - 0x00007ffba2337000 	C:\WINDOWS\System32\sechost.dll
0x00007ffba26e0000 - 0x00007ffba27f8000 	C:\WINDOWS\System32\RPCRT4.dll
0x00007ffba2200000 - 0x00007ffba2280000 	C:\WINDOWS\System32\WS2_32.dll
0x00007ffba0450000 - 0x00007ffba04ae000 	C:\WINDOWS\SYSTEM32\POWRPROF.dll
0x00007ffb982a0000 - 0x00007ffb982ab000 	C:\WINDOWS\SYSTEM32\VERSION.dll
0x00007ffb98260000 - 0x00007ffb98296000 	C:\WINDOWS\SYSTEM32\WINMM.dll
0x00007ffba0430000 - 0x00007ffba0444000 	C:\WINDOWS\SYSTEM32\UMPDC.dll
0x00007ffb9f330000 - 0x00007ffb9f34b000 	C:\WINDOWS\SYSTEM32\kernel.appcore.dll
0x00007ffb7e700000 - 0x00007ffb7e70a000 	C:\Program Files\Android\Android Studio\jbr\bin\jimage.dll
0x00007ffb9e600000 - 0x00007ffb9e842000 	C:\WINDOWS\SYSTEM32\DBGHELP.DLL
0x00007ffba37c0000 - 0x00007ffba3b43000 	C:\WINDOWS\System32\combase.dll
0x00007ffba2800000 - 0x00007ffba28d9000 	C:\WINDOWS\System32\OLEAUT32.dll
0x00007ffb78af0000 - 0x00007ffb78b2b000 	C:\WINDOWS\SYSTEM32\dbgcore.DLL
0x00007ffba0f40000 - 0x00007ffba0fe8000 	C:\WINDOWS\System32\bcryptPrimitives.dll
0x00007ffb91d40000 - 0x00007ffb91d4e000 	C:\Program Files\Android\Android Studio\jbr\bin\instrument.dll
0x00007ffb7ce00000 - 0x00007ffb7ce20000 	C:\Program Files\Android\Android Studio\jbr\bin\java.dll
0x00007ffb6adb0000 - 0x00007ffb6adc8000 	C:\Program Files\Android\Android Studio\jbr\bin\zip.dll
0x00007ffba2fb0000 - 0x00007ffba371e000 	C:\WINDOWS\System32\SHELL32.dll
0x00007ffba10b0000 - 0x00007ffba191c000 	C:\WINDOWS\System32\windows.storage.dll
0x00007ffba1e60000 - 0x00007ffba1f56000 	C:\WINDOWS\System32\SHCORE.dll
0x00007ffba2f40000 - 0x00007ffba2fa6000 	C:\WINDOWS\System32\shlwapi.dll
0x00007ffba04f0000 - 0x00007ffba0519000 	C:\WINDOWS\SYSTEM32\profapi.dll
0x00007ffb78ca0000 - 0x00007ffb78cb0000 	C:\Program Files\Android\Android Studio\jbr\bin\net.dll
0x00007ffb99540000 - 0x00007ffb99669000 	C:\WINDOWS\SYSTEM32\WINHTTP.dll
0x00007ffb9f8b0000 - 0x00007ffb9f91c000 	C:\WINDOWS\system32\mswsock.dll
0x00007ffb6ad90000 - 0x00007ffb6ada6000 	C:\Program Files\Android\Android Studio\jbr\bin\nio.dll
0x00007ffb62fe0000 - 0x00007ffb62ff0000 	C:\Program Files\Android\Android Studio\jbr\bin\verify.dll
0x00007ffb8e9a0000 - 0x00007ffb8e9c7000 	C:\Users\Anselmus\.gradle\native\660c5614fbf4a5f2a75b1949f50a0caf5cd603558e7d8a26e50b933a0cfb79d1\windows-amd64\native-platform.dll
0x00007ffb5eb90000 - 0x00007ffb5ec07000 	C:\Users\Anselmus\.gradle\native\0.2.8\x86_64-windows-gnu\gradle-fileevents.dll
0x00007ffb6df40000 - 0x00007ffb6df49000 	C:\Program Files\Android\Android Studio\jbr\bin\management.dll
0x00007ffb653d0000 - 0x00007ffb653db000 	C:\Program Files\Android\Android Studio\jbr\bin\management_ext.dll
0x00007ffba1c70000 - 0x00007ffba1c78000 	C:\WINDOWS\System32\PSAPI.DLL
0x00007ffb9ed10000 - 0x00007ffb9ed42000 	C:\WINDOWS\SYSTEM32\IPHLPAPI.DLL
0x00007ffba37b0000 - 0x00007ffba37ba000 	C:\WINDOWS\System32\NSI.dll
0x00007ffb77d70000 - 0x00007ffb77d79000 	C:\Program Files\Android\Android Studio\jbr\bin\extnet.dll
0x00007ffb9fbb0000 - 0x00007ffb9fbcb000 	C:\WINDOWS\SYSTEM32\CRYPTSP.dll
0x00007ffb9f290000 - 0x00007ffb9f2c9000 	C:\WINDOWS\system32\rsaenh.dll
0x00007ffb9f980000 - 0x00007ffb9f9b3000 	C:\WINDOWS\SYSTEM32\USERENV.dll
0x00007ffba04c0000 - 0x00007ffba04ea000 	C:\WINDOWS\SYSTEM32\bcrypt.dll
0x00007ffb9fbd0000 - 0x00007ffb9fbdc000 	C:\WINDOWS\SYSTEM32\CRYPTBASE.dll
0x00007ffb5f840000 - 0x00007ffb5f848000 	C:\WINDOWS\system32\wshunix.dll

JVMTI agents:
C:\Users\Anselmus\.gradle\wrapper\dists\gradle-9.4.1-bin\arn2x92ynaizyzdaamcbpbhtj\gradle-9.4.1\lib\agents\gradle-instrumentation-agent-9.4.1.jar path:C:\Program Files\Android\Android Studio\jbr\bin\instrument.dll, loaded, initialized, instrumentlib options:none

dbghelp: loaded successfully - version: 4.0.5 - missing functions: none
symbol engine: initialized successfully - sym options: 0x614 - pdb path: .;C:\Program Files\Android\Android Studio\jbr\bin;C:\WINDOWS\SYSTEM32;C:\WINDOWS\WinSxS\amd64_microsoft.windows.common-controls_6595b64144ccf1df_6.0.26100.8457_none_3e0b2faee331e92d;C:\Program Files\Android\Android Studio\jbr\bin\server;C:\Users\Anselmus\.gradle\native\660c5614fbf4a5f2a75b1949f50a0caf5cd603558e7d8a26e50b933a0cfb79d1\windows-amd64;C:\Users\Anselmus\.gradle\native\0.2.8\x86_64-windows-gnu

VM Arguments:
jvm_args: --add-opens=java.base/java.lang=ALL-UNNAMED --add-opens=java.base/java.lang.invoke=ALL-UNNAMED --add-opens=java.base/java.util=ALL-UNNAMED --add-opens=java.prefs/java.util.prefs=ALL-UNNAMED --add-exports=jdk.compiler/com.sun.tools.javac.api=ALL-UNNAMED --add-exports=jdk.compiler/com.sun.tools.javac.util=ALL-UNNAMED --add-opens=java.base/java.util=ALL-UNNAMED --add-opens=java.prefs/java.util.prefs=ALL-UNNAMED --add-opens=java.base/java.nio.charset=ALL-UNNAMED --add-opens=java.base/java.net=ALL-UNNAMED --add-opens=java.base/java.util.concurrent=ALL-UNNAMED --add-opens=java.base/java.util.concurrent.atomic=ALL-UNNAMED --add-opens=java.xml/javax.xml.namespace=ALL-UNNAMED --add-opens=java.base/java.time=ALL-UNNAMED -Xmx2048m -Dfile.encoding=UTF-8 -Duser.country=ID -Duser.language=en -Duser.variant -javaagent:C:\Users\Anselmus\.gradle\wrapper\dists\gradle-9.4.1-bin\arn2x92ynaizyzdaamcbpbhtj\gradle-9.4.1\lib\agents\gradle-instrumentation-agent-9.4.1.jar 
java_command: org.gradle.launcher.daemon.bootstrap.GradleDaemon 9.4.1
java_class_path (initial): C:\Users\Anselmus\.gradle\wrapper\dists\gradle-9.4.1-bin\arn2x92ynaizyzdaamcbpbhtj\gradle-9.4.1\lib\gradle-daemon-main-9.4.1.jar
Launcher Type: SUN_STANDARD

[Global flags]
     intx CICompilerCount                          = 4                                         {product} {ergonomic}
     uint ConcGCThreads                            = 3                                         {product} {ergonomic}
     uint G1ConcRefinementThreads                  = 10                                        {product} {ergonomic}
   size_t G1HeapRegionSize                         = 1048576                                   {product} {ergonomic}
    uintx GCDrainStackTargetSize                   = 64                                        {product} {ergonomic}
   size_t InitialHeapSize                          = 333447168                                 {product} {ergonomic}
   size_t MarkStackSize                            = 4194304                                   {product} {ergonomic}
   size_t MaxHeapSize                              = 2147483648                                {product} {command line}
   size_t MaxNewSize                               = 1287651328                                {product} {ergonomic}
   size_t MinHeapDeltaBytes                        = 1048576                                   {product} {ergonomic}
   size_t MinHeapSize                              = 8388608                                   {product} {ergonomic}
    uintx NonNMethodCodeHeapSize                   = 5839372                                {pd product} {ergonomic}
    uintx NonProfiledCodeHeapSize                  = 122909434                              {pd product} {ergonomic}
    uintx ProfiledCodeHeapSize                     = 122909434                              {pd product} {ergonomic}
    uintx ReservedCodeCacheSize                    = 251658240                              {pd product} {ergonomic}
     bool SegmentedCodeCache                       = true                                      {product} {ergonomic}
   size_t SoftMaxHeapSize                          = 2147483648                             {manageable} {ergonomic}
     bool UseCompressedOops                        = true                           {product lp64_product} {ergonomic}
     bool UseG1GC                                  = true                                      {product} {ergonomic}
     bool UseLargePagesIndividualAllocation        = false                                  {pd product} {ergonomic}

Logging:
Log output configuration:
 #0: stdout all=warning uptime,level,tags foldmultilines=false
 #1: stderr all=off uptime,level,tags foldmultilines=false

Release file:
JAVA_VERSION="21.0.10" 
MODULES="java.base java.compiler java.datatransfer java.xml java.prefs java.desktop java.instrument java.logging java.management java.security.sasl java.naming java.rmi java.management.rmi java.net.http java.scripting java.security.jgss java.transaction.xa java.sql java.sql.rowset java.xml.crypto java.se java.smartcardio jdk.accessibility jdk.internal.jvmstat jdk.attach jdk.charsets jdk.internal.opt jdk.zipfs jdk.compiler jdk.crypto.ec jdk.crypto.cryptoki jdk.dynalink jdk.hotspot.agent jdk.httpserver jdk.internal.ed jdk.internal.le jdk.internal.vm.ci jdk.jartool jdk.javadoc jdk.jcmd jdk.jdeps jdk.jdwp.agent jdk.jdi jdk.jfr jdk.jlink jdk.jsobject jdk.localedata jdk.management jdk.management.agent jdk.management.jfr jdk.naming.dns jdk.naming.rmi jdk.net jdk.sctp jdk.security.auth jdk.security.jgss jdk.unsupported jdk.unsupported.desktop jdk.xml.dom" 
IMPLEMENTOR="JetBrains s.r.o." 
JAVA_RUNTIME_VERSION="21.0.10+-14961533-b1163.108" 
LIBC="default" 
OS_ARCH="x86_64" 
OS_NAME="Windows" 
SOURCE=".:git:1351622c2ff2" 

Environment Variables:
PATH=C:\Program Files\NVIDIA GPU Computing Toolkit\CUDA\v13.2\bin\x64;C:\Program Files\NVIDIA GPU Computing Toolkit\CUDA\v13.2\bin;C:\Program Files (x86)\Common Files\Oracle\Java\java8path;C:\Program Files (x86)\Common Files\Oracle\Java\javapath;C:\Program Files\Eclipse Adoptium\jdk-25.0.2.10-hotspot\bin;C:\Windows\system32;C:\Windows;C:\Windows\System32\Wbem;C:\Windows\System32\WindowsPowerShell\v1.0\;C:\Windows\System32\OpenSSH\;C:\WINDOWS\system32;C:\WINDOWS;C:\WINDOWS\System32\Wbem;C:\WINDOWS\System32\WindowsPowerShell\v1.0\;C:\WINDOWS\System32\OpenSSH\;C:\ProgramData\chocolatey\bin;C:\Program Files (x86)\NVIDIA Corporation\PhysX\Common;C:\MinGW\bin;C:\Program Files\NVIDIA Corporation\NVIDIA App\NvDLISR;C:\Program Files\Git\cmd;C:\Program Files\Docker\Docker\resources\bin;C:\Program Files\nodejs\;C:\Users\Anselmus\AppData\Local\Android\Sdk\platform-tools;C:\Program Files\OpenSSL-Win64;C:\Program Files\CMake\bin;C:\Users\Anselmus\.unsloth\studio\bin;C:\Program Files\NVIDIA GPU Computing Toolkit\CUDA\v13.2\bin;C:\Users\Anselmus\AppData\Local\Programs\Python\Launcher\;C:\Users\Anselmus\AppData\Local\Microsoft\WindowsApps;C:\Users\Anselmus\AppData\Local\Programs\Microsoft VS Code\bin;C:\Users\Anselmus\AppData\Local\spicetify;C:\Program Files\JetBrains\CLion 2024.1.1\bin;C:\Users\Anselmus\Downloads\Programs\mingw-w64-v11.0.0\mingw-w64-v11.0.0\mingw64\bin;C:\Users\Anselmus\AppData\Local\Microsoft\WindowsApps;D:\Ansel\Kuliah\Binus\Semester 3\2. Code - Kuliah\OOP\flutter\bin;C:\1. CODING\Semester 4 - Code\DEX2JAR\dex-tools-2.1;C:\Users\Anselmus\AppData\Roaming\npm;C:\Users\Anselmus\AppData\Local\Packages\PythonSoftwareFoundation.Python.3.13_qbz5n2kfra8p0\LocalCache\local-packages\Python313\Scripts;C:\Users\Anselmus\AppData\Local\Microsoft\WinGet\Packages\astral-sh.uv_Microsoft.Winget.Source_8wekyb3d8bbwe;
USERNAME=Anselmus
OS=Windows_NT
PROCESSOR_IDENTIFIER=AMD64 Family 25 Model 80 Stepping 0, AuthenticAMD
TMP=C:\Users\Anselmus\AppData\Local\Temp
TEMP=C:\Users\Anselmus\AppData\Local\Temp




Periodic native trim disabled

JNI global refs:
JNI global refs: 28, weak refs: 0

JNI global refs memory usage: 835, weak refs: 201

Process memory usage:
Resident Set Size: 637968K (3% of 20820028K total physical memory with 5389764K free physical memory)

OOME stack traces (most recent first):
Classloader memory used:
Loader org.gradle.internal.classloader.VisitableURLClassLoader                         : 99717K
Loader bootstrap                                                                       : 24242K
Loader org.gradle.initialization.MixInLegacyTypesClassLoader                           : 11842K
Loader org.gradle.internal.classloader.VisitableURLClassLoader$InstrumentingVisitableURLClassLoader: 6032K
Loader org.gradle.internal.classloader.VisitableURLClassLoader                         : 1061K
Loader jdk.internal.jrtfs.JrtFileSystemProvider$JrtFsLoader                            : 331K
Loader jdk.internal.reflect.DelegatingClassLoader                                      : 321K
Loader jdk.internal.loader.ClassLoaders$PlatformClassLoader                            : 202K
Loader jdk.internal.loader.ClassLoaders$AppClassLoader                                 : 189K
Loader org.gradle.groovy.scripts.internal.DefaultScriptCompilationHandler$ScriptClassLoader: 91248B

Classes loaded by more than one classloader:
Class Program                                                                         : loaded 4 times (x 74B)
Class com.google.common.collect.PeekingIterator                                       : loaded 3 times (x 70B)
Class com.google.common.base.Preconditions                                            : loaded 3 times (x 71B)
Class org.gradle.internal.IoActions                                                   : loaded 3 times (x 71B)
Class org.gradle.api.GradleException                                                  : loaded 3 times (x 82B)
Class org.gradle.api.Action                                                           : loaded 3 times (x 70B)
Class org.gradle.internal.Cast                                                        : loaded 3 times (x 71B)
Class com.google.common.collect.ImmutableList                                         : loaded 3 times (x 206B)
Class com.google.common.collect.Iterators$9                                           : loaded 3 times (x 81B)
Class com.google.common.collect.ImmutableCollection                                   : loaded 3 times (x 125B)
Class com.google.common.collect.Iterators$5                                           : loaded 3 times (x 82B)
Class com.google.common.collect.Iterators$4                                           : loaded 3 times (x 82B)
Class com.google.common.collect.UnmodifiableListIterator                              : loaded 3 times (x 95B)
Class com.google.common.collect.Iterators$1                                           : loaded 3 times (x 81B)
Class com.google.common.collect.Iterators$MergingIterator                             : loaded 3 times (x 81B)
Class com.google.common.collect.AbstractIndexedListIterator                           : loaded 3 times (x 96B)
Class com.google.common.collect.AbstractIterator                                      : loaded 3 times (x 82B)
Class com.google.common.collect.Iterators                                             : loaded 3 times (x 71B)
Class com.google.common.collect.Iterators$SingletonIterator                           : loaded 3 times (x 81B)
Class com.google.common.collect.UnmodifiableIterator                                  : loaded 3 times (x 80B)
Class com.google.common.collect.Iterators$ArrayItr                                    : loaded 3 times (x 97B)
Class org.gradle.tooling.internal.gradle.DefaultProjectIdentifier                     : loaded 2 times (x 86B)
Class org.gradle.api.internal.DefaultClassPathProvider                                : loaded 2 times (x 76B)
Class [Lorg.gradle.api.internal.ClassPathProvider;                                    : loaded 2 times (x 69B)
Class org.gradle.api.internal.ClassPathProvider                                       : loaded 2 times (x 70B)
Class com.google.common.cache.LocalCache$LocalLoadingCache                            : loaded 2 times (x 134B)
Class org.gradle.internal.service.UnknownServiceException                             : loaded 2 times (x 83B)
Class com.google.common.cache.LocalCache$Strength$1                                   : loaded 2 times (x 81B)
Class com.google.common.cache.LocalCache$Strength$2                                   : loaded 2 times (x 81B)
Class com.google.common.cache.LocalCache$Strength$3                                   : loaded 2 times (x 81B)
Class com.google.common.collect.MapDifference                                         : loaded 2 times (x 70B)
Class com.google.common.cache.CacheBuilder$NullListener                               : loaded 2 times (x 82B)
Class org.gradle.internal.classpath.TransformedClassPath                              : loaded 2 times (x 96B)
Class org.gradle.internal.classloader.InstrumentingClassLoader                        : loaded 2 times (x 70B)
Class com.google.common.cache.CacheLoader$FunctionToCacheLoader                       : loaded 2 times (x 75B)
Class com.google.common.collect.ImmutableEnumMap                                      : loaded 2 times (x 126B)
Class com.google.common.collect.ImmutableCollection$Builder                           : loaded 2 times (x 76B)
Class kotlin.enums.EnumEntriesList                                                    : loaded 2 times (x 223B)
Class com.google.common.base.MoreObjects                                              : loaded 2 times (x 71B)
Class [Lcom.google.common.collect.ImmutableMapEntry;                                  : loaded 2 times (x 69B)
Class org.gradle.internal.service.ServiceLocator                                      : loaded 2 times (x 70B)
Class com.google.common.collect.SingletonImmutableBiMap                               : loaded 2 times (x 143B)
Class com.google.common.cache.LocalCache$1                                            : loaded 2 times (x 89B)
Class kotlin.collections.AbstractList$Companion                                       : loaded 2 times (x 71B)
Class com.google.common.collect.AbstractMapEntry                                      : loaded 2 times (x 81B)
Class jdk.internal.jrtfs.JrtFileSystemProvider                                        : loaded 2 times (x 101B)
Class com.intellij.gradle.toolingExtension.util.GradleVersionUtil                     : loaded 2 times (x 71B)
Class org.gradle.tooling.model.UnsupportedMethodException                             : loaded 2 times (x 82B)
Class com.google.common.cache.LocalCache$2                                            : loaded 2 times (x 142B)
Class sync_studio_tooling8_c1o4yiczanwnidxshbqe5jg15                                  : loaded 2 times (x 171B)
Class com.google.common.collect.RegularImmutableAsList                                : loaded 2 times (x 217B)
Class org.gradle.internal.classloader.DefaultClassLoaderFactory                       : loaded 2 times (x 82B)
Class com.google.common.util.concurrent.UncheckedExecutionException                   : loaded 2 times (x 82B)
Class org.gradle.kotlin.dsl.VersionCatalogAccessorsKt                                 : loaded 2 times (x 71B)
Class jdk.internal.jimage.ImageLocation                                               : loaded 2 times (x 90B)
Class com.google.common.collect.Lists$StringAsImmutableList                           : loaded 2 times (x 207B)
Class com.google.common.cache.CacheLoader$UnsupportedLoadingOperationException        : loaded 2 times (x 82B)
Class com.google.common.base.CharMatcher$And                                          : loaded 2 times (x 112B)
Class jdk.internal.jimage.ImageBufferCache$1                                          : loaded 2 times (x 83B)
Class org.gradle.internal.time.DefaultTimer                                           : loaded 2 times (x 80B)
Class com.google.common.collect.IndexedImmutableSet                                   : loaded 2 times (x 152B)
Class com.google.common.collect.ImmutableMap$1                                        : loaded 2 times (x 81B)
Class com.google.common.collect.BiMap                                                 : loaded 2 times (x 70B)
Class jdk.internal.jimage.ImageBufferCache$2                                          : loaded 2 times (x 91B)
Class org.gradle.api.internal.classpath.DefaultModuleRegistry$DefaultModule           : loaded 2 times (x 82B)
Class com.google.common.base.Suppliers                                                : loaded 2 times (x 71B)
Class [Lcom.google.common.cache.CacheBuilder$OneWeigher;                              : loaded 2 times (x 69B)
Class org.gradle.internal.time.DefaultCountdownTimer                                  : loaded 2 times (x 88B)
Class com.google.common.collect.ImmutableMapEntrySet                                  : loaded 2 times (x 152B)
Class org.gradle.tooling.internal.gradle.DefaultBuildIdentifier                       : loaded 2 times (x 79B)
Class org.gradle.api.internal.classpath.Module                                        : loaded 2 times (x 70B)
Class com.google.common.cache.Weigher                                                 : loaded 2 times (x 70B)
Class org.gradle.api.internal.classpath.UnknownModuleException                        : loaded 2 times (x 82B)
Class com.google.common.cache.LocalCache$Strength                                     : loaded 2 times (x 81B)
Class com.google.common.cache.Cache                                                   : loaded 2 times (x 70B)
Class jdk.internal.jimage.ImageHeader                                                 : loaded 2 times (x 71B)
Class com.google.common.collect.ImmutableMap$Builder                                  : loaded 2 times (x 82B)
Class com.google.common.cache.RemovalListener                                         : loaded 2 times (x 70B)
Class org.gradle.tooling.internal.gradle.GradleProjectIdentity                        : loaded 2 times (x 70B)
Class org.gradle.api.internal.DefaultClassPathRegistry                                : loaded 2 times (x 76B)
Class org.gradle.internal.classpath.DefaultClassPath$ImmutableUniqueList              : loaded 2 times (x 199B)
Class org.gradle.api.internal.ClassPathRegistry                                       : loaded 2 times (x 70B)
Class jdk.internal.jimage.decompressor.ResourceDecompressor                           : loaded 2 times (x 70B)
Class com.google.common.cache.CacheBuilder                                            : loaded 2 times (x 72B)
Class com.google.common.collect.SingletonImmutableList                                : loaded 2 times (x 207B)
Class org.gradle.internal.operations.MultipleBuildOperationFailures                   : loaded 2 times (x 95B)
Class Settings_gradle$1                                                               : loaded 2 times (x 74B)
Class org.gradle.internal.classpath.ClassPath                                         : loaded 2 times (x 70B)
Class com.google.common.collect.ImmutableList$ReverseImmutableList                    : loaded 2 times (x 209B)
Class org.gradle.api.internal.classpath.DefaultModuleRegistry$DefaultModuleAlias      : loaded 2 times (x 80B)
Class com.google.common.base.Suppliers$SupplierOfInstance                             : loaded 2 times (x 79B)
Class jdk.internal.jimage.decompressor.StringSharingDecompressorFactory               : loaded 2 times (x 74B)
Class jdk.internal.jimage.ImageStringsReader                                          : loaded 2 times (x 80B)
Class org.gradle.tooling.model.Model                                                  : loaded 2 times (x 70B)
Class com.google.common.cache.LocalCache$ComputingValueReference                      : loaded 2 times (x 96B)
Class com.google.common.collect.SingletonImmutableSet                                 : loaded 2 times (x 146B)
Class com.google.common.collect.ImmutableMap$IteratorBasedImmutableMap                : loaded 2 times (x 126B)
Class kotlin.UninitializedPropertyAccessException                                     : loaded 2 times (x 82B)
Class com.google.common.cache.LocalCache$Segment                                      : loaded 2 times (x 154B)
Class jdk.internal.jimage.ImageReader                                                 : loaded 2 times (x 75B)
Class com.google.common.cache.CacheLoader                                             : loaded 2 times (x 74B)
Class com.google.common.collect.ImmutableMap$MapViewOfValuesAsSingletonSets           : loaded 2 times (x 126B)
Class com.google.common.collect.ImmutableBiMap                                        : loaded 2 times (x 143B)
Class jdk.internal.jimage.ImageReader$SharedImageReader                               : loaded 2 times (x 95B)
Class org.gradle.api.internal.classpath.ModuleRegistry                                : loaded 2 times (x 70B)
Class org.gradle.internal.installation.GradleInstallation$1                           : loaded 2 times (x 75B)
Class com.google.common.collect.RegularImmutableMap                                   : loaded 2 times (x 121B)
Class jdk.internal.jimage.decompressor.ResourceDecompressorFactory                    : loaded 2 times (x 74B)
Class com.google.common.cache.LocalCache$LocalManualCache$1                           : loaded 2 times (x 75B)
Class com.google.common.base.CharMatcher$ForPredicate                                 : loaded 2 times (x 112B)
Class com.google.common.base.CharMatcher$AnyOf                                        : loaded 2 times (x 112B)
Class com.google.common.collect.ImmutableList$1                                       : loaded 2 times (x 97B)
Class jdk.internal.jimage.ImageReader$Node                                            : loaded 2 times (x 84B)
Class ijInit2_ev2w9dgqt5idxuana4ibepw91                                               : loaded 2 times (x 171B)
Class org.gradle.api.internal.classpath.DefaultModuleRegistry                         : loaded 2 times (x 84B)
Class com.google.common.cache.ReferenceEntry                                          : loaded 2 times (x 70B)
Class com.google.common.base.Converter                                                : loaded 2 times (x 90B)
Class com.google.common.collect.ImmutableSet$CachingAsList                            : loaded 2 times (x 148B)
Class jdk.internal.jimage.BasicImageReader$1                                          : loaded 2 times (x 77B)
Class com.google.common.collect.Lists                                                 : loaded 2 times (x 71B)
Class com.google.common.base.FunctionalEquivalence                                    : loaded 2 times (x 83B)
Class com.google.common.util.concurrent.ExecutionError                                : loaded 2 times (x 82B)
Class com.google.common.collect.ImmutableAsList                                       : loaded 2 times (x 209B)
Class org.gradle.internal.classloader.ClassLoaderHierarchy                            : loaded 2 times (x 70B)
Class jdk.internal.jimage.decompressor.Decompressor                                   : loaded 2 times (x 72B)
Class org.gradle.internal.time.MonotonicClock                                         : loaded 2 times (x 77B)
Class org.gradle.internal.service.ServiceLookupException                              : loaded 2 times (x 82B)
Class [Lcom.google.common.cache.LocalCache$EntryFactory;                              : loaded 2 times (x 69B)
Class org.gradle.internal.classloader.ClassLoaderFactory                              : loaded 2 times (x 70B)
Class com.google.common.cache.LocalCache$LocalManualCache                             : loaded 2 times (x 99B)
Class com.google.common.base.CharMatcher$IsNot                                        : loaded 2 times (x 111B)
Class org.gradle.internal.service.CachingServiceLocator                               : loaded 2 times (x 82B)
Class com.google.common.collect.ImmutableMapEntry                                     : loaded 2 times (x 85B)
Class org.gradle.internal.time.TimeSource                                             : loaded 2 times (x 70B)
Class com.google.common.base.Equivalence                                              : loaded 2 times (x 82B)
Class com.google.common.base.Function                                                 : loaded 2 times (x 70B)
Class com.google.common.collect.ImmutableMapEntry$NonTerminalImmutableMapEntry        : loaded 2 times (x 85B)
Class org.gradle.tooling.internal.gradle.GradleBuildIdentity                          : loaded 2 times (x 70B)
Class kotlin.enums.EnumEntries                                                        : loaded 2 times (x 70B)
Class com.google.common.cache.CacheBuilder$OneWeigher                                 : loaded 2 times (x 82B)
Class com.google.common.collect.RegularImmutableList                                  : loaded 2 times (x 213B)
Class org.gradle.internal.exceptions.ResolutionProvider                               : loaded 2 times (x 70B)
Class jdk.internal.jimage.ImageBufferCache                                            : loaded 2 times (x 71B)
Class jdk.internal.jrtfs.JrtPath                                                      : loaded 2 times (x 118B)
Class org.gradle.tooling.model.ProjectIdentifier                                      : loaded 2 times (x 70B)
Class org.gradle.internal.classloader.ClasspathUtil                                   : loaded 2 times (x 71B)
Class com.google.common.collect.Maps                                                  : loaded 2 times (x 71B)
Class org.gradle.internal.time.TimeSource$1                                           : loaded 2 times (x 77B)
Class kotlin.jvm.internal.DefaultConstructorMarker                                    : loaded 2 times (x 71B)
Class org.gradle.api.specs.Spec                                                       : loaded 2 times (x 70B)
Class [Lcom.google.common.collect.ImmutableEntry;                                     : loaded 2 times (x 69B)
Class com.google.common.cache.LocalCache$LoadingValueReference                        : loaded 2 times (x 96B)
Class jdk.internal.jimage.decompressor.ResourceDecompressorRepository                 : loaded 2 times (x 71B)
Class com.intellij.gradle.toolingExtension.impl.model.utilDummyModel.DummyModel       : loaded 2 times (x 70B)
Class org.gradle.internal.time.Clock                                                  : loaded 2 times (x 70B)
Class com.google.common.collect.Maps$8                                                : loaded 2 times (x 82B)
Class jdk.internal.jimage.ImageReader$Directory                                       : loaded 2 times (x 84B)
Class kotlin.collections.AbstractList                                                 : loaded 2 times (x 197B)
Class kotlin.collections.AbstractCollection                                           : loaded 2 times (x 117B)
Class org.gradle.internal.classloader.VisitableURLClassLoader$InstrumentingVisitableURLClassLoader: loaded 2 times (x 123B)
Class [Lcom.google.common.cache.CacheBuilder$NullListener;                            : loaded 2 times (x 69B)
Class org.gradle.internal.classloader.VisitableURLClassLoader$Spec                    : loaded 2 times (x 74B)
Class org.gradle.internal.classpath.DefaultClassPath                                  : loaded 2 times (x 90B)
Class jdk.internal.jimage.decompressor.ZipDecompressorFactory                         : loaded 2 times (x 74B)
Class org.gradle.util.internal.DefaultGradleVersion                                   : loaded 2 times (x 82B)
Class com.google.common.base.CharMatcher$BitSetMatcher                                : loaded 2 times (x 112B)
Class com.google.common.collect.RegularImmutableMap$Values                            : loaded 2 times (x 207B)
Class com.google.common.collect.ImmutableSet                                          : loaded 2 times (x 145B)
Class org.gradle.internal.classloader.ClassLoaderSpec                                 : loaded 2 times (x 71B)
Class com.google.common.cache.CacheStats                                              : loaded 2 times (x 71B)
Class com.google.common.base.CharMatcher$Or                                           : loaded 2 times (x 112B)
Class Settings_gradle$1$1                                                             : loaded 2 times (x 74B)
Class org.gradle.api.internal.classpath.Module$ModuleAlias                            : loaded 2 times (x 70B)
Class com.google.common.base.Supplier                                                 : loaded 2 times (x 70B)
Class org.gradle.internal.classloader.VisitableURLClassLoader                         : loaded 2 times (x 117B)
Class Settings_gradle                                                                 : loaded 2 times (x 124B)
Class jdk.internal.jimage.BasicImageReader                                            : loaded 2 times (x 95B)
Class com.google.common.base.CharMatcher$IsEither                                     : loaded 2 times (x 111B)
Class com.google.common.base.Ticker                                                   : loaded 2 times (x 72B)
Class com.google.common.base.CharMatcher$FastMatcher                                  : loaded 2 times (x 111B)
Class jdk.internal.jimage.decompressor.ZipDecompressor                                : loaded 2 times (x 75B)
Class [Lcom.google.common.cache.LocalCache$Segment;                                   : loaded 2 times (x 69B)
Class [Lcom.google.common.cache.LocalCache$Strength;                                  : loaded 2 times (x 69B)
Class com.google.common.cache.CacheBuilder$1                                          : loaded 2 times (x 85B)
Class com.google.common.base.Predicate                                                : loaded 2 times (x 70B)
Class com.google.common.collect.ImmutableMap                                          : loaded 2 times (x 120B)
Class org.gradle.internal.classpath.DefaultClassPath$ImmutableUniqueList$Builder      : loaded 2 times (x 75B)
Class com.google.common.cache.LocalCache                                              : loaded 2 times (x 187B)
Class com.google.common.cache.CacheBuilder$2                                          : loaded 2 times (x 79B)
Class com.google.common.base.CharMatcher$NegatedFastMatcher                           : loaded 2 times (x 113B)
Class com.google.common.cache.CacheBuilder$3                                          : loaded 2 times (x 72B)
Class [Lcom.google.common.collect.AbstractMapEntry;                                   : loaded 2 times (x 69B)
Class com.google.common.collect.ImmutableEntry                                        : loaded 2 times (x 82B)
Class org.gradle.internal.classloader.FilteringClassLoader                            : loaded 2 times (x 105B)
Class org.gradle.internal.exceptions.NonGradleCauseExceptionsHolder                   : loaded 2 times (x 70B)
Class com.google.common.collect.CollectPreconditions                                  : loaded 2 times (x 71B)
Class jdk.internal.jimage.ImageStrings                                                : loaded 2 times (x 70B)
Class com.google.common.collect.SortedMapDifference                                   : loaded 2 times (x 70B)
Class com.google.common.cache.LocalCache$EntryFactory                                 : loaded 2 times (x 83B)
Class kotlin.NotImplementedError                                                      : loaded 2 times (x 82B)
Class kotlin.enums.EnumEntriesKt                                                      : loaded 2 times (x 71B)
Class com.google.common.cache.CacheLoader$InvalidCacheLoadException                   : loaded 2 times (x 82B)
Class com.google.common.collect.ImmutableSet$RegularSetBuilderImpl                    : loaded 2 times (x 77B)
Class com.google.common.cache.LoadingCache                                            : loaded 2 times (x 70B)
Class org.gradle.internal.exceptions.MultiCauseException                              : loaded 2 times (x 70B)
Class org.gradle.internal.time.CountdownTimer                                         : loaded 2 times (x 70B)
Class kotlin.jvm.internal.Intrinsics                                                  : loaded 2 times (x 71B)
Class [Lcom.google.common.cache.Weigher;                                              : loaded 2 times (x 69B)
Class com.google.common.collect.RegularImmutableMap$BucketOverflowException           : loaded 2 times (x 82B)
Class jdk.internal.jrtfs.JrtFileSystem                                                : loaded 2 times (x 102B)
Class ijInit2_ev2w9dgqt5idxuana4ibepw91$_run_closure1                                 : loaded 2 times (x 140B)
Class org.gradle.tooling.model.ProjectModel                                           : loaded 2 times (x 70B)
Class jdk.internal.jimage.decompressor.CompressedResourceHeader                       : loaded 2 times (x 71B)
Class kotlin.KotlinNullPointerException                                               : loaded 2 times (x 83B)
Class com.google.common.collect.RegularImmutableBiMap                                 : loaded 2 times (x 149B)
Class com.google.common.cache.LocalCache$ValueReference                               : loaded 2 times (x 70B)
Class com.google.common.base.CharMatcher$Is                                           : loaded 2 times (x 111B)
Class com.google.common.base.CharMatcher$Negated                                      : loaded 2 times (x 113B)
Class org.gradle.internal.exceptions.DefaultMultiCauseException                       : loaded 2 times (x 95B)
Class com.google.common.base.Equivalence$Equals                                       : loaded 2 times (x 82B)
Class com.google.common.collect.Hashing                                               : loaded 2 times (x 71B)
Class com.google.common.collect.RegularImmutableMap$KeySet                            : loaded 2 times (x 152B)
Class sync_studio_tooling8_c1o4yiczanwnidxshbqe5jg15$_run_closure1                    : loaded 2 times (x 139B)
Class com.google.common.base.CharMatcher                                              : loaded 2 times (x 111B)
Class com.google.common.base.Equivalence$Identity                                     : loaded 2 times (x 82B)
Class org.gradle.internal.time.Time                                                   : loaded 2 times (x 71B)
Class com.google.common.cache.LocalCache$EntryFactory$1                               : loaded 2 times (x 83B)
Class [Lcom.google.common.cache.RemovalListener;                                      : loaded 2 times (x 69B)
Class com.google.common.base.CharMatcher$NamedFastMatcher                             : loaded 2 times (x 112B)
Class com.google.common.base.CharMatcher$1                                            : loaded 2 times (x 113B)
Class com.google.common.cache.LocalCache$EntryFactory$2                               : loaded 2 times (x 83B)
Class com.google.common.cache.LocalCache$EntryFactory$3                               : loaded 2 times (x 83B)
Class com.google.common.base.Ticker$1                                                 : loaded 2 times (x 72B)
Class com.google.common.collect.Maps$BiMapConverter                                   : loaded 2 times (x 90B)
Class com.google.common.collect.ImmutableMapEntrySet$RegularEntrySet                  : loaded 2 times (x 152B)
Class org.gradle.tooling.model.BuildIdentifier                                        : loaded 2 times (x 70B)
Class kotlin.NoWhenBranchMatchedException                                             : loaded 2 times (x 82B)
Class com.google.common.cache.LocalCache$EntryFactory$4                               : loaded 2 times (x 83B)
Class com.google.common.base.CharMatcher$InRange                                      : loaded 2 times (x 111B)
Class com.google.common.cache.LocalCache$EntryFactory$5                               : loaded 2 times (x 83B)
Class com.google.common.cache.LocalCache$EntryFactory$6                               : loaded 2 times (x 83B)
Class Build_gradle                                                                    : loaded 2 times (x 72B)
Class org.gradle.internal.time.Timer                                                  : loaded 2 times (x 70B)
Class kotlin.jvm.internal.markers.KMappedMarker                                       : loaded 2 times (x 70B)
Class org.gradle.internal.installation.CurrentGradleInstallationLocator               : loaded 2 times (x 71B)
Class com.google.common.cache.LocalCache$EntryFactory$7                               : loaded 2 times (x 83B)
Class com.google.common.cache.CacheLoader$SupplierToCacheLoader                       : loaded 2 times (x 75B)
Class org.gradle.internal.service.DefaultServiceLocator                               : loaded 2 times (x 83B)
Class com.google.common.cache.LocalCache$EntryFactory$8                               : loaded 2 times (x 83B)
Class com.google.common.collect.ImmutableSet$SetBuilderImpl                           : loaded 2 times (x 76B)
Class org.gradle.util.GradleVersion                                                   : loaded 2 times (x 81B)
Class org.gradle.internal.installation.CurrentGradleInstallation                      : loaded 2 times (x 73B)
Class com.google.common.cache.CacheLoader$1                                           : loaded 2 times (x 75B)
Class com.google.common.collect.ImmutableList$SubList                                 : loaded 2 times (x 209B)
Class org.gradle.util.internal.GUtil                                                  : loaded 2 times (x 71B)
Class com.google.common.cache.AbstractCache$StatsCounter                              : loaded 2 times (x 70B)
Class com.google.common.base.PairwiseEquivalence                                      : loaded 2 times (x 83B)
Class com.google.common.collect.RegularImmutableSet                                   : loaded 2 times (x 149B)
Class org.gradle.internal.installation.GradleInstallation                             : loaded 2 times (x 75B)
Class jdk.internal.jimage.decompressor.ResourceDecompressor$StringsProvider           : loaded 2 times (x 70B)

---------------  S Y S T E M  ---------------

OS:
 Windows 11 , 64 bit Build 26100 (10.0.26100.8328)
OS uptime: 0 days 8:15 hours
Hyper-V role detected

CPU: total 12 (initial active 12) (12 cores per cpu, 2 threads per core) family 25 model 80 stepping 0 microcode 0xa50000d, cx8, cmov, fxsr, ht, mmx, 3dnowpref, sse, sse2, sse3, ssse3, sse4a, sse4.1, sse4.2, popcnt, lzcnt, tsc, tscinvbit, avx, avx2, aes, erms, clmul, bmi1, bmi2, adx, sha, fma, vzeroupper, clflush, clflushopt, hv, rdtscp, rdpid, fsrm, f16c, cet_ss
Processor Information for the first 12 processors :
  Max Mhz: 3301, Current Mhz: 3301, Mhz Limit: 3301

Memory: 4k page, system-wide physical 20332M (5263M free)
TotalPageFile size 20332M (AvailPageFile size 1M)
current process WorkingSet (physical memory assigned to process): 622M, peak: 623M
current process commit charge ("private bytes"): 662M, peak: 663M

vm_info: OpenJDK 64-Bit Server VM (21.0.10+-14961533-b1163.108) for windows-amd64 JRE (21.0.10+-14961533-b1163.108), built on 2026-03-02T19:58:50Z by "builder" with MS VC++ 16.10 / 16.11 (VS2019)

END.
