#
# There is insufficient memory for the Java Runtime Environment to continue.
# Native memory allocation (mmap) failed to map 53477376 bytes. Error detail: G1 virtual space
# Possible reasons:
#   The system is out of physical RAM or swap space
#   This process is running with CompressedOops enabled, and the Java Heap may be blocking the growth of the native heap
# Possible solutions:
#   Reduce memory load on the system
#   Increase physical memory or swap space
#   Check if swap backing store is full
#   Decrease Java heap size (-Xmx/-Xms)
#   Decrease number of Java threads
#   Decrease Java thread stack sizes (-Xss)
#   Set larger code cache with -XX:ReservedCodeCacheSize=
#   JVM is running with Unscaled Compressed Oops mode in which the Java heap is
#     placed in the first 4GB address space. The Java Heap base address is the
#     maximum limit for the native heap growth. Please use -XX:HeapBaseMinAddress
#     to set the Java Heap base and to place the Java Heap above 4GB virtual address.
# This output file may be truncated or incomplete.
#
#  Out of Memory Error (os_windows.cpp:3926), pid=25080, tid=17416
#
# JRE version: OpenJDK Runtime Environment (21.0.10) (build 21.0.10+-14961533-b1163.108)
# Java VM: OpenJDK 64-Bit Server VM (21.0.10+-14961533-b1163.108, mixed mode, tiered, compressed oops, compressed class ptrs, g1 gc, windows-amd64)
# No core dump will be written. Minidumps are not enabled by default on client versions of Windows
#

---------------  S U M M A R Y ------------

Command Line: --add-opens=java.base/java.lang=ALL-UNNAMED --add-opens=java.base/java.lang.invoke=ALL-UNNAMED --add-opens=java.base/java.util=ALL-UNNAMED --add-opens=java.prefs/java.util.prefs=ALL-UNNAMED --add-exports=jdk.compiler/com.sun.tools.javac.api=ALL-UNNAMED --add-exports=jdk.compiler/com.sun.tools.javac.util=ALL-UNNAMED --add-opens=java.base/java.util=ALL-UNNAMED --add-opens=java.prefs/java.util.prefs=ALL-UNNAMED --add-opens=java.base/java.nio.charset=ALL-UNNAMED --add-opens=java.base/java.net=ALL-UNNAMED --add-opens=java.base/java.util.concurrent=ALL-UNNAMED --add-opens=java.base/java.util.concurrent.atomic=ALL-UNNAMED --add-opens=java.xml/javax.xml.namespace=ALL-UNNAMED --add-opens=java.base/java.time=ALL-UNNAMED -Xmx2048m -Dfile.encoding=UTF-8 -Duser.country=ID -Duser.language=en -Duser.variant -javaagent:C:\Users\Anselmus\.gradle\wrapper\dists\gradle-9.4.1-bin\arn2x92ynaizyzdaamcbpbhtj\gradle-9.4.1\lib\agents\gradle-instrumentation-agent-9.4.1.jar org.gradle.launcher.daemon.bootstrap.GradleDaemon 9.4.1

Host: AMD Ryzen 5 5600H with Radeon Graphics         , 12 cores, 19G,  Windows 11 , 64 bit Build 26100 (10.0.26100.8328)
Time: Fri May 22 19:04:46 2026 SE Asia Standard Time elapsed time: 23.619073 seconds (0d 0h 0m 23s)

---------------  T H R E A D  ---------------

Current thread (0x00000152bc50f030):  VMThread "VM Thread"          [id=17416, stack(0x00000020ca500000,0x00000020ca600000) (1024K)]

Stack: [0x00000020ca500000,0x00000020ca600000]
Native frames: (J=compiled Java code, j=interpreted, Vv=VM code, C=native code)
V  [jvm.dll+0x6d78a9]
V  [jvm.dll+0x8665b3]
V  [jvm.dll+0x868bde]
V  [jvm.dll+0x8692c3]
V  [jvm.dll+0x280ee6]
V  [jvm.dll+0x6d4165]
V  [jvm.dll+0x6c77fa]
V  [jvm.dll+0x358f4b]
V  [jvm.dll+0x360bc6]
V  [jvm.dll+0x3b2ea6]
V  [jvm.dll+0x3b3178]
V  [jvm.dll+0x32b65c]
V  [jvm.dll+0x32e066]
V  [jvm.dll+0x337f3d]
V  [jvm.dll+0x36f6a5]
V  [jvm.dll+0x86f048]
V  [jvm.dll+0x870394]
V  [jvm.dll+0x8708d0]
V  [jvm.dll+0x870b63]
V  [jvm.dll+0x80fd28]
V  [jvm.dll+0x6d60fd]
C  [ucrtbase.dll+0x37b0]
C  [KERNEL32.DLL+0x2e957]
C  [ntdll.dll+0x427c]

VM_Operation (0x00000020ca0ff7a0): G1PauseRemark, mode: safepoint, requested by thread 0x00000152a49875a0


---------------  P R O C E S S  ---------------

Threads class SMR info:
_java_thread_list=0x00000152ce074c80, length=91, elements={
0x00000152a2508f70, 0x00000152bc589250, 0x00000152bc58fa10, 0x00000152bc590470,
0x00000152bc5a1a80, 0x00000152bc5a24e0, 0x00000152bc58a0a0, 0x00000152bc58ab00,
0x00000152bc5d2310, 0x00000152bc5db2d0, 0x00000152bc86e7f0, 0x00000152c2f32860,
0x00000152c25b8f30, 0x00000152c3069840, 0x00000152c35979b0, 0x00000152c21ec480,
0x00000152c2c6ce60, 0x00000152c36d93e0, 0x00000152c2fd2260, 0x00000152c2fd28f0,
0x00000152c2fd1bd0, 0x00000152c2fd3ca0, 0x00000152c2fd0820, 0x00000152c2fd0eb0,
0x00000152c5c72260, 0x00000152c5c75d70, 0x00000152c5c72f80, 0x00000152c5c728f0,
0x00000152c5c76a90, 0x00000152c5c73610, 0x00000152c5c777b0, 0x00000152c5c77e40,
0x00000152c5c791f0, 0x00000152c3fa71e0, 0x00000152c3fa92b0, 0x00000152c3fa5e30,
0x00000152c3fa7f00, 0x00000152c3fa9940, 0x00000152c3fa64c0, 0x00000152c3fa9fd0,
0x00000152c3fa6b50, 0x00000152c3faa660, 0x00000152c3faacf0, 0x00000152c3fa7870,
0x00000152c3fac0a0, 0x00000152c3faba10, 0x00000152c3fac730, 0x00000152c3facdc0,
0x00000152c3fab380, 0x00000152c3fad450, 0x00000152c73a7a70, 0x00000152c73a8e20,
0x00000152c73acfc0, 0x00000152c73ac930, 0x00000152c73ab580, 0x00000152c7a9f8b0,
0x00000152c7aa26a0, 0x00000152c7aa1980, 0x00000152c7aa2010, 0x00000152c7a9f220,
0x00000152c7a9ff40, 0x00000152c7aa05d0, 0x00000152c7aa12f0, 0x00000152c8d4efc0,
0x00000152c8d4f650, 0x00000152c8d4fce0, 0x00000152c8d50370, 0x00000152c5c77120,
0x00000152c7a9d7e0, 0x00000152bc5da530, 0x00000152c4dda940, 0x00000152c5e60fe0,
0x00000152c5e602c0, 0x00000152c5e5fc30, 0x00000152c7a9e500, 0x00000152c7aa0c60,
0x00000152c7a9de70, 0x00000152c824a140, 0x00000152c824c210, 0x00000152c8249ab0,
0x00000152c824ae60, 0x00000152c824b4f0, 0x00000152c824bb80, 0x00000152c8248d90,
0x00000152c824cf30, 0x00000152c824f000, 0x00000152c824c8a0, 0x00000152c82503b0,
0x00000152c824f690, 0x00000152c824e2e0, 0x00000152c824fd20
}

Java Threads: ( => current thread )
  0x00000152a2508f70 JavaThread "main"                              [_thread_blocked, id=14472, stack(0x00000020c9e00000,0x00000020c9f00000) (1024K)]
  0x00000152bc589250 JavaThread "Common-Cleaner"             daemon [_thread_blocked, id=7352, stack(0x00000020ca600000,0x00000020ca700000) (1024K)]
  0x00000152bc58fa10 JavaThread "Reference Handler"          daemon [_thread_blocked, id=17820, stack(0x00000020ca700000,0x00000020ca800000) (1024K)]
  0x00000152bc590470 JavaThread "Finalizer"                  daemon [_thread_blocked, id=29576, stack(0x00000020ca800000,0x00000020ca900000) (1024K)]
  0x00000152bc5a1a80 JavaThread "Signal Dispatcher"          daemon [_thread_blocked, id=24136, stack(0x00000020ca900000,0x00000020caa00000) (1024K)]
  0x00000152bc5a24e0 JavaThread "Attach Listener"            daemon [_thread_blocked, id=32256, stack(0x00000020caa00000,0x00000020cab00000) (1024K)]
  0x00000152bc58a0a0 JavaThread "Service Thread"             daemon [_thread_blocked, id=25784, stack(0x00000020cab00000,0x00000020cac00000) (1024K)]
  0x00000152bc58ab00 JavaThread "Monitor Deflation Thread"   daemon [_thread_blocked, id=32380, stack(0x00000020cac00000,0x00000020cad00000) (1024K)]
  0x00000152bc5d2310 JavaThread "C2 CompilerThread0"         daemon [_thread_blocked, id=26384, stack(0x00000020cad00000,0x00000020cae00000) (1024K)]
  0x00000152bc5db2d0 JavaThread "C1 CompilerThread0"         daemon [_thread_blocked, id=17500, stack(0x00000020cae00000,0x00000020caf00000) (1024K)]
  0x00000152bc86e7f0 JavaThread "Notification Thread"        daemon [_thread_blocked, id=33300, stack(0x00000020caf00000,0x00000020cb000000) (1024K)]
  0x00000152c2f32860 JavaThread "Daemon health stats"               [_thread_blocked, id=16832, stack(0x00000020cb700000,0x00000020cb800000) (1024K)]
  0x00000152c25b8f30 JavaThread "Incoming local TCP Connector on port 57458"        [_thread_in_native, id=28204, stack(0x00000020cb800000,0x00000020cb900000) (1024K)]
  0x00000152c3069840 JavaThread "Daemon periodic checks"            [_thread_blocked, id=28420, stack(0x00000020cb900000,0x00000020cba00000) (1024K)]
  0x00000152c35979b0 JavaThread "Daemon"                            [_thread_blocked, id=6340, stack(0x00000020cba00000,0x00000020cbb00000) (1024K)]
  0x00000152c21ec480 JavaThread "Handler for socket connection from /127.0.0.1:57458 to /127.0.0.1:57459"        [_thread_in_native, id=32352, stack(0x00000020cbb00000,0x00000020cbc00000) (1024K)]
  0x00000152c2c6ce60 JavaThread "Cancel handler"                    [_thread_blocked, id=20876, stack(0x00000020cbc00000,0x00000020cbd00000) (1024K)]
  0x00000152c36d93e0 JavaThread "Daemon worker"                     [_thread_blocked, id=31852, stack(0x00000020cc200000,0x00000020cc300000) (1024K)]
  0x00000152c2fd2260 JavaThread "Asynchronous log dispatcher for DefaultDaemonConnection: socket connection from /127.0.0.1:57458 to /127.0.0.1:57459"        [_thread_blocked, id=32088, stack(0x00000020cc300000,0x00000020cc400000) (1024K)]
  0x00000152c2fd28f0 JavaThread "Stdin handler"                     [_thread_blocked, id=15616, stack(0x00000020cc400000,0x00000020cc500000) (1024K)]
  0x00000152c2fd1bd0 JavaThread "Daemon client event forwarder"        [_thread_blocked, id=16116, stack(0x00000020cc500000,0x00000020cc600000) (1024K)]
  0x00000152c2fd3ca0 JavaThread "Cache worker for journal cache (C:\Users\Anselmus\.gradle\caches\journal-1)"        [_thread_blocked, id=32688, stack(0x00000020cc600000,0x00000020cc700000) (1024K)]
  0x00000152c2fd0820 JavaThread "File lock request listener"        [_thread_in_native, id=10916, stack(0x00000020cc700000,0x00000020cc800000) (1024K)]
  0x00000152c2fd0eb0 JavaThread "Cache worker for file hash cache (C:\Users\Anselmus\.gradle\caches\9.4.1\fileHashes)"        [_thread_blocked, id=33432, stack(0x00000020cc800000,0x00000020cc900000) (1024K)]
  0x00000152c5c72260 JavaThread "Cache worker for file hash cache (C:\1. CODING\Semester 4 - Code\Software Engineer\.gradle\9.4.1\fileHashes)"        [_thread_blocked, id=7420, stack(0x00000020cca00000,0x00000020ccb00000) (1024K)]
  0x00000152c5c75d70 JavaThread "Cache worker for Build Output Cleanup Cache (C:\1. CODING\Semester 4 - Code\Software Engineer\.gradle\buildOutputCleanup)"        [_thread_blocked, id=15820, stack(0x00000020ccb00000,0x00000020ccc00000) (1024K)]
  0x00000152c5c72f80 JavaThread "File watcher server"        daemon [_thread_blocked, id=7408, stack(0x00000020ccc00000,0x00000020ccd00000) (1024K)]
  0x00000152c5c728f0 JavaThread "File watcher consumer"      daemon [_thread_blocked, id=22736, stack(0x00000020ccd00000,0x00000020cce00000) (1024K)]
  0x00000152c5c76a90 JavaThread "Cache worker for file content cache (C:\Users\Anselmus\.gradle\caches\9.4.1\fileContent)"        [_thread_blocked, id=25844, stack(0x00000020cce00000,0x00000020ccf00000) (1024K)]
  0x00000152c5c73610 JavaThread "Cache worker for checksums cache (C:\1. CODING\Semester 4 - Code\Software Engineer\.gradle\9.4.1\checksums)"        [_thread_blocked, id=29316, stack(0x00000020ccf00000,0x00000020cd000000) (1024K)]
  0x00000152c5c777b0 JavaThread "Cache worker for cache directory md-supplier (C:\Users\Anselmus\.gradle\caches\9.4.1\md-supplier)"        [_thread_blocked, id=9164, stack(0x00000020cd000000,0x00000020cd100000) (1024K)]
  0x00000152c5c77e40 JavaThread "Cache worker for cache directory md-rule (C:\Users\Anselmus\.gradle\caches\9.4.1\md-rule)"        [_thread_blocked, id=3108, stack(0x00000020cd100000,0x00000020cd200000) (1024K)]
  0x00000152c5c791f0 JavaThread "jar transforms"                    [_thread_blocked, id=8016, stack(0x00000020cd200000,0x00000020cd300000) (1024K)]
  0x00000152c3fa71e0 JavaThread "jar transforms Thread 2"           [_thread_blocked, id=20528, stack(0x00000020cd300000,0x00000020cd400000) (1024K)]
  0x00000152c3fa92b0 JavaThread "jar transforms Thread 3"           [_thread_blocked, id=5640, stack(0x00000020cd400000,0x00000020cd500000) (1024K)]
  0x00000152c3fa5e30 JavaThread "Build operations"                  [_thread_blocked, id=33408, stack(0x00000020cc900000,0x00000020cca00000) (1024K)]
  0x00000152c3fa7f00 JavaThread "Build operations Thread 2"         [_thread_blocked, id=25672, stack(0x00000020cd500000,0x00000020cd600000) (1024K)]
  0x00000152c3fa9940 JavaThread "Build operations Thread 3"         [_thread_blocked, id=25452, stack(0x00000020cd600000,0x00000020cd700000) (1024K)]
  0x00000152c3fa64c0 JavaThread "Build operations Thread 4"         [_thread_blocked, id=27396, stack(0x00000020cd700000,0x00000020cd800000) (1024K)]
  0x00000152c3fa9fd0 JavaThread "Build operations Thread 5"         [_thread_blocked, id=28348, stack(0x00000020cd800000,0x00000020cd900000) (1024K)]
  0x00000152c3fa6b50 JavaThread "Build operations Thread 6"         [_thread_blocked, id=16692, stack(0x00000020cd900000,0x00000020cda00000) (1024K)]
  0x00000152c3faa660 JavaThread "Build operations Thread 7"         [_thread_blocked, id=25692, stack(0x00000020cda00000,0x00000020cdb00000) (1024K)]
  0x00000152c3faacf0 JavaThread "Build operations Thread 8"         [_thread_blocked, id=21376, stack(0x00000020cdb00000,0x00000020cdc00000) (1024K)]
  0x00000152c3fa7870 JavaThread "Build operations Thread 9"         [_thread_blocked, id=29328, stack(0x00000020cdc00000,0x00000020cdd00000) (1024K)]
  0x00000152c3fac0a0 JavaThread "Build operations Thread 10"        [_thread_blocked, id=24196, stack(0x00000020cdd00000,0x00000020cde00000) (1024K)]
  0x00000152c3faba10 JavaThread "Build operations Thread 11"        [_thread_blocked, id=1916, stack(0x00000020cdf00000,0x00000020ce000000) (1024K)]
  0x00000152c3fac730 JavaThread "Build operations Thread 12"        [_thread_blocked, id=27564, stack(0x00000020ce000000,0x00000020ce100000) (1024K)]
  0x00000152c3facdc0 JavaThread "jar transforms Thread 4"           [_thread_blocked, id=27896, stack(0x00000020ce100000,0x00000020ce200000) (1024K)]
  0x00000152c3fab380 JavaThread "jar transforms Thread 5"           [_thread_blocked, id=23464, stack(0x00000020ce200000,0x00000020ce300000) (1024K)]
  0x00000152c3fad450 JavaThread "jar transforms Thread 6"           [_thread_blocked, id=22032, stack(0x00000020ce300000,0x00000020ce400000) (1024K)]
  0x00000152c73a7a70 JavaThread "jar transforms Thread 7"           [_thread_blocked, id=25872, stack(0x00000020ce400000,0x00000020ce500000) (1024K)]
  0x00000152c73a8e20 JavaThread "jar transforms Thread 8"           [_thread_blocked, id=30824, stack(0x00000020ce500000,0x00000020ce600000) (1024K)]
  0x00000152c73acfc0 JavaThread "build event listener"              [_thread_blocked, id=28560, stack(0x00000020ce600000,0x00000020ce700000) (1024K)]
  0x00000152c73ac930 JavaThread "Memory manager"                    [_thread_blocked, id=31276, stack(0x00000020ce700000,0x00000020ce800000) (1024K)]
  0x00000152c73ab580 JavaThread "build event listener"              [_thread_blocked, id=24140, stack(0x00000020ce800000,0x00000020ce900000) (1024K)]
  0x00000152c7a9f8b0 JavaThread "included builds"                   [_thread_blocked, id=24016, stack(0x00000020ce900000,0x00000020cea00000) (1024K)]
  0x00000152c7aa26a0 JavaThread "Execution worker"                  [_thread_blocked, id=23184, stack(0x00000020cea00000,0x00000020ceb00000) (1024K)]
  0x00000152c7aa1980 JavaThread "Execution worker Thread 2"         [_thread_blocked, id=16028, stack(0x00000020ceb00000,0x00000020cec00000) (1024K)]
  0x00000152c7aa2010 JavaThread "Execution worker Thread 3"         [_thread_blocked, id=29788, stack(0x00000020cec00000,0x00000020ced00000) (1024K)]
  0x00000152c7a9f220 JavaThread "Execution worker Thread 4"         [_thread_blocked, id=21516, stack(0x00000020ced00000,0x00000020cee00000) (1024K)]
  0x00000152c7a9ff40 JavaThread "Execution worker Thread 5"         [_thread_blocked, id=33108, stack(0x00000020cee00000,0x00000020cef00000) (1024K)]
  0x00000152c7aa05d0 JavaThread "Execution worker Thread 6"         [_thread_blocked, id=22052, stack(0x00000020cef00000,0x00000020cf000000) (1024K)]
  0x00000152c7aa12f0 JavaThread "Execution worker Thread 7"         [_thread_blocked, id=26528, stack(0x00000020cf000000,0x00000020cf100000) (1024K)]
  0x00000152c8d4efc0 JavaThread "Execution worker Thread 8"         [_thread_blocked, id=32104, stack(0x00000020cf100000,0x00000020cf200000) (1024K)]
  0x00000152c8d4f650 JavaThread "Execution worker Thread 9"         [_thread_blocked, id=31600, stack(0x00000020cf200000,0x00000020cf300000) (1024K)]
  0x00000152c8d4fce0 JavaThread "Execution worker Thread 10"        [_thread_blocked, id=31956, stack(0x00000020cf300000,0x00000020cf400000) (1024K)]
  0x00000152c8d50370 JavaThread "Execution worker Thread 11"        [_thread_blocked, id=8128, stack(0x00000020cf400000,0x00000020cf500000) (1024K)]
  0x00000152c5c77120 JavaThread "Cache worker for execution history cache (C:\1. CODING\Semester 4 - Code\Software Engineer\.gradle\9.4.1\executionHistory)"        [_thread_blocked, id=23772, stack(0x00000020cf500000,0x00000020cf600000) (1024K)]
  0x00000152c7a9d7e0 JavaThread "Cache worker for Java compile cache (C:\Users\Anselmus\.gradle\caches\9.4.1\javaCompile)"        [_thread_blocked, id=32056, stack(0x00000020cf600000,0x00000020cf700000) (1024K)]
  0x00000152bc5da530 JavaThread "C2 CompilerThread1"         daemon [_thread_blocked, id=12776, stack(0x00000020cb000000,0x00000020cb100000) (1024K)]
  0x00000152c4dda940 JavaThread "C2 CompilerThread2"         daemon [_thread_blocked, id=20956, stack(0x00000020cde00000,0x00000020cdf00000) (1024K)]
  0x00000152c5e60fe0 JavaThread "WorkerExecutor Queue"              [_thread_blocked, id=33440, stack(0x00000020cf700000,0x00000020cf800000) (1024K)]
  0x00000152c5e602c0 JavaThread "WorkerExecutor Queue Thread 2"        [_thread_blocked, id=28320, stack(0x00000020cf800000,0x00000020cf900000) (1024K)]
  0x00000152c5e5fc30 JavaThread "WorkerExecutor Queue Thread 3"        [_thread_blocked, id=12444, stack(0x00000020cf900000,0x00000020cfa00000) (1024K)]
  0x00000152c7a9e500 JavaThread "WorkerExecutor Queue Thread 4"        [_thread_blocked, id=26864, stack(0x00000020cfa00000,0x00000020cfb00000) (1024K)]
  0x00000152c7aa0c60 JavaThread "ForkJoinPool-1-worker-1"    daemon [_thread_blocked, id=18148, stack(0x00000020cfb00000,0x00000020cfc00000) (1024K)]
  0x00000152c7a9de70 JavaThread "ForkJoinPool-1-worker-2"    daemon [_thread_blocked, id=30928, stack(0x00000020cfc00000,0x00000020cfd00000) (1024K)]
  0x00000152c824a140 JavaThread "ForkJoinPool-1-worker-3"    daemon [_thread_blocked, id=25788, stack(0x00000020cfd00000,0x00000020cfe00000) (1024K)]
  0x00000152c824c210 JavaThread "ForkJoinPool-1-worker-4"    daemon [_thread_blocked, id=22724, stack(0x00000020cfe00000,0x00000020cff00000) (1024K)]
  0x00000152c8249ab0 JavaThread "ForkJoinPool-1-worker-5"    daemon [_thread_blocked, id=33092, stack(0x00000020cff00000,0x00000020d0000000) (1024K)]
  0x00000152c824ae60 JavaThread "ForkJoinPool-1-worker-6"    daemon [_thread_blocked, id=31380, stack(0x00000020d0000000,0x00000020d0100000) (1024K)]
  0x00000152c824b4f0 JavaThread "ForkJoinPool-1-worker-7"    daemon [_thread_blocked, id=29404, stack(0x00000020d0100000,0x00000020d0200000) (1024K)]
  0x00000152c824bb80 JavaThread "ForkJoinPool-1-worker-8"    daemon [_thread_blocked, id=20888, stack(0x00000020d0200000,0x00000020d0300000) (1024K)]
  0x00000152c8248d90 JavaThread "ForkJoinPool-1-worker-9"    daemon [_thread_blocked, id=21128, stack(0x00000020d0300000,0x00000020d0400000) (1024K)]
  0x00000152c824cf30 JavaThread "ForkJoinPool-1-worker-10"   daemon [_thread_blocked, id=18228, stack(0x00000020d0400000,0x00000020d0500000) (1024K)]
  0x00000152c824f000 JavaThread "ForkJoinPool-1-worker-11"   daemon [_thread_blocked, id=29608, stack(0x00000020d0500000,0x00000020d0600000) (1024K)]
  0x00000152c824c8a0 JavaThread "ForkJoinPool-1-worker-12"   daemon [_thread_blocked, id=12464, stack(0x00000020d0600000,0x00000020d0700000) (1024K)]
  0x00000152c82503b0 JavaThread "WorkerExecutor Queue Thread 5"        [_thread_blocked, id=33764, stack(0x00000020d0700000,0x00000020d0800000) (1024K)]
  0x00000152c824f690 JavaThread "pool-3-thread-1"                   [_thread_blocked, id=13376, stack(0x00000020d0800000,0x00000020d0900000) (1024K)]
  0x00000152c824e2e0 JavaThread "stderr"                            [_thread_in_native, id=29284, stack(0x00000020d0900000,0x00000020d0a00000) (1024K)]
  0x00000152c824fd20 JavaThread "stdout"                            [_thread_blocked, id=31720, stack(0x00000020d0a00000,0x00000020d0b00000) (1024K)]
Total: 91

Other Threads:
=>0x00000152bc50f030 VMThread "VM Thread"                           [id=17416, stack(0x00000020ca500000,0x00000020ca600000) (1024K)]
  0x00000152bc4f19e0 WatcherThread "VM Periodic Task Thread"        [id=18304, stack(0x00000020ca400000,0x00000020ca500000) (1024K)]
  0x00000152a25cdfb0 WorkerThread "GC Thread#0"                     [id=23740, stack(0x00000020c9f00000,0x00000020ca000000) (1024K)]
  0x00000152c1912930 WorkerThread "GC Thread#1"                     [id=16712, stack(0x00000020cb100000,0x00000020cb200000) (1024K)]
  0x00000152c1e51160 WorkerThread "GC Thread#2"                     [id=22984, stack(0x00000020cb200000,0x00000020cb300000) (1024K)]
  0x00000152c1e51510 WorkerThread "GC Thread#3"                     [id=30920, stack(0x00000020cb300000,0x00000020cb400000) (1024K)]
  0x00000152c1e518c0 WorkerThread "GC Thread#4"                     [id=27520, stack(0x00000020cb400000,0x00000020cb500000) (1024K)]
  0x00000152c1ce9cf0 WorkerThread "GC Thread#5"                     [id=21408, stack(0x00000020cb500000,0x00000020cb600000) (1024K)]
  0x00000152c1e51c70 WorkerThread "GC Thread#6"                     [id=31616, stack(0x00000020cb600000,0x00000020cb700000) (1024K)]
  0x00000152c2565700 WorkerThread "GC Thread#7"                     [id=14720, stack(0x00000020cbd00000,0x00000020cbe00000) (1024K)]
  0x00000152c2564840 WorkerThread "GC Thread#8"                     [id=24080, stack(0x00000020cbe00000,0x00000020cbf00000) (1024K)]
  0x00000152c2564fa0 WorkerThread "GC Thread#9"                     [id=7496, stack(0x00000020cbf00000,0x00000020cc000000) (1024K)]
  0x00000152a49875a0 ConcurrentGCThread "G1 Main Marker"            [id=31020, stack(0x00000020ca000000,0x00000020ca100000) (1024K)]
  0x00000152a4988760 WorkerThread "G1 Conc#0"                       [id=33396, stack(0x00000020ca100000,0x00000020ca200000) (1024K)]
  0x00000152c2565350 WorkerThread "G1 Conc#1"                       [id=6780, stack(0x00000020cc000000,0x00000020cc100000) (1024K)]
  0x00000152c2564490 WorkerThread "G1 Conc#2"                       [id=19916, stack(0x00000020cc100000,0x00000020cc200000) (1024K)]
  0x00000152bc37b780 ConcurrentGCThread "G1 Refine#0"               [id=33528, stack(0x00000020ca200000,0x00000020ca300000) (1024K)]
  0x00000152bc37bfb0 ConcurrentGCThread "G1 Service"                [id=28464, stack(0x00000020ca300000,0x00000020ca400000) (1024K)]
Total: 18

Threads with active compile tasks:
C2 CompilerThread0  23646 20502 %     4       com.android.tools.r8.dex.z::a @ 150 (880 bytes)
C2 CompilerThread1  23646 20848       4       com.android.tools.r8.dex.z::b (36 bytes)
C2 CompilerThread2  23646 20506       4       com.android.tools.r8.dex.z::a (1018 bytes)
Total: 3

VM state: at safepoint (normal execution)

VM Mutex/Monitor currently owned by a thread:  ([mutex/lock_event])
[0x00007ffae89e86d0] Threads_lock - owner thread: 0x00000152bc50f030
[0x00007ffae89e87d0] Heap_lock - owner thread: 0x00000152a49875a0

Heap address: 0x0000000080000000, size: 2048 MB, Compressed Oops mode: 32-bit

CDS archive(s) not mapped
Compressed class space mapped at: 0x0000000100000000-0x0000000140000000, reserved size: 1073741824
Narrow klass base: 0x0000000000000000, Narrow klass shift: 3, Narrow klass range: 0x140000000

GC Precious Log:
 CardTable entry size: 512
 Card Set container configuration: InlinePtr #cards 5 size 8 Array Of Cards #cards 12 size 40 Howl #buckets 4 coarsen threshold 1843 Howl Bitmap #cards 512 size 80 coarsen threshold 460 Card regions per heap region 1 cards per card region 2048
 CPUs: 12 total, 12 available
 Memory: 20332M
 Large Page Support: Disabled
 NUMA Support: Disabled
 Compressed Oops: Enabled (32-bit)
 Heap Region Size: 1M
 Heap Min Capacity: 8M
 Heap Initial Capacity: 318M
 Heap Max Capacity: 2G
 Pre-touch: Disabled
 Parallel Workers: 10
 Concurrent Workers: 3
 Concurrent Refinement Workers: 10
 Periodic GC: Disabled

Heap:
 garbage-first heap   total 359424K, used 284536K [0x0000000080000000, 0x0000000100000000)
  region size 1024K, 49 young (50176K), 10 survivors (10240K)
 Metaspace       used 148921K, committed 151360K, reserved 1179648K
  class space    used 21007K, committed 22208K, reserved 1048576K

Heap Regions: E=young(eden), S=young(survivor), O=old, HS=humongous(starts), HC=humongous(continues), CS=collection set, F=free, TAMS=top-at-mark-start, PB=parsable bottom
|   0|0x0000000080000000, 0x0000000080100000, 0x0000000080100000|100%|HS|  |TAMS 0x0000000080100000| PB 0x0000000080000000| Complete 
|   1|0x0000000080100000, 0x0000000080200000, 0x0000000080200000|100%|HC|  |TAMS 0x0000000080200000| PB 0x0000000080100000| Complete 
|   2|0x0000000080200000, 0x0000000080300000, 0x0000000080300000|100%|HC|  |TAMS 0x0000000080300000| PB 0x0000000080200000| Complete 
|   3|0x0000000080300000, 0x0000000080400000, 0x0000000080400000|100%|HC|  |TAMS 0x0000000080400000| PB 0x0000000080300000| Complete 
|   4|0x0000000080400000, 0x0000000080500000, 0x0000000080500000|100%| O|  |TAMS 0x0000000080500000| PB 0x0000000080500000| Untracked 
|   5|0x0000000080500000, 0x0000000080600000, 0x0000000080600000|100%| O|  |TAMS 0x0000000080600000| PB 0x0000000080600000| Untracked 
|   6|0x0000000080600000, 0x0000000080700000, 0x0000000080700000|100%| O|  |TAMS 0x0000000080700000| PB 0x0000000080700000| Untracked 
|   7|0x0000000080700000, 0x0000000080800000, 0x0000000080800000|100%| O|  |TAMS 0x0000000080800000| PB 0x0000000080800000| Untracked 
|   8|0x0000000080800000, 0x0000000080900000, 0x0000000080900000|100%| O|  |TAMS 0x0000000080900000| PB 0x0000000080900000| Untracked 
|   9|0x0000000080900000, 0x0000000080a00000, 0x0000000080a00000|100%| O|  |TAMS 0x0000000080a00000| PB 0x0000000080a00000| Untracked 
|  10|0x0000000080a00000, 0x0000000080b00000, 0x0000000080b00000|100%| O|  |TAMS 0x0000000080b00000| PB 0x0000000080b00000| Untracked 
|  11|0x0000000080b00000, 0x0000000080c00000, 0x0000000080c00000|100%|HS|  |TAMS 0x0000000080c00000| PB 0x0000000080b00000| Complete 
|  12|0x0000000080c00000, 0x0000000080d00000, 0x0000000080d00000|100%| O|  |TAMS 0x0000000080d00000| PB 0x0000000080d00000| Untracked 
|  13|0x0000000080d00000, 0x0000000080e00000, 0x0000000080e00000|100%| O|  |TAMS 0x0000000080e00000| PB 0x0000000080e00000| Untracked 
|  14|0x0000000080e00000, 0x0000000080f00000, 0x0000000080f00000|100%| O|  |TAMS 0x0000000080f00000| PB 0x0000000080f00000| Untracked 
|  15|0x0000000080f00000, 0x0000000081000000, 0x0000000081000000|100%| O|  |TAMS 0x0000000081000000| PB 0x0000000081000000| Untracked 
|  16|0x0000000081000000, 0x0000000081100000, 0x0000000081100000|100%| O|  |TAMS 0x0000000081100000| PB 0x0000000081100000| Untracked 
|  17|0x0000000081100000, 0x0000000081200000, 0x0000000081200000|100%| O|  |TAMS 0x0000000081200000| PB 0x0000000081200000| Untracked 
|  18|0x0000000081200000, 0x0000000081300000, 0x0000000081300000|100%| O|  |TAMS 0x0000000081300000| PB 0x0000000081300000| Untracked 
|  19|0x0000000081300000, 0x0000000081400000, 0x0000000081400000|100%| O|  |TAMS 0x0000000081400000| PB 0x0000000081400000| Untracked 
|  20|0x0000000081400000, 0x0000000081500000, 0x0000000081500000|100%| O|  |TAMS 0x0000000081500000| PB 0x0000000081500000| Untracked 
|  21|0x0000000081500000, 0x0000000081600000, 0x0000000081600000|100%| O|  |TAMS 0x0000000081600000| PB 0x0000000081600000| Untracked 
|  22|0x0000000081600000, 0x0000000081700000, 0x0000000081700000|100%| O|  |TAMS 0x0000000081700000| PB 0x0000000081700000| Updating 
|  23|0x0000000081700000, 0x0000000081800000, 0x0000000081800000|100%| O|  |TAMS 0x0000000081800000| PB 0x0000000081800000| Untracked 
|  24|0x0000000081800000, 0x0000000081900000, 0x0000000081900000|100%| O|  |TAMS 0x0000000081900000| PB 0x0000000081900000| Untracked 
|  25|0x0000000081900000, 0x0000000081a00000, 0x0000000081a00000|100%| O|  |TAMS 0x0000000081a00000| PB 0x0000000081a00000| Updating 
|  26|0x0000000081a00000, 0x0000000081b00000, 0x0000000081b00000|100%| O|  |TAMS 0x0000000081b00000| PB 0x0000000081b00000| Untracked 
|  27|0x0000000081b00000, 0x0000000081c00000, 0x0000000081c00000|100%| O|  |TAMS 0x0000000081c00000| PB 0x0000000081c00000| Untracked 
|  28|0x0000000081c00000, 0x0000000081d00000, 0x0000000081d00000|100%| O|  |TAMS 0x0000000081d00000| PB 0x0000000081d00000| Untracked 
|  29|0x0000000081d00000, 0x0000000081e00000, 0x0000000081e00000|100%| O|  |TAMS 0x0000000081e00000| PB 0x0000000081e00000| Untracked 
|  30|0x0000000081e00000, 0x0000000081f00000, 0x0000000081f00000|100%|HS|  |TAMS 0x0000000081f00000| PB 0x0000000081e00000| Complete 
|  31|0x0000000081f00000, 0x0000000082000000, 0x0000000082000000|100%|HC|  |TAMS 0x0000000082000000| PB 0x0000000081f00000| Complete 
|  32|0x0000000082000000, 0x0000000082100000, 0x0000000082100000|100%| O|  |TAMS 0x0000000082100000| PB 0x0000000082100000| Untracked 
|  33|0x0000000082100000, 0x0000000082200000, 0x0000000082200000|100%| O|  |TAMS 0x0000000082200000| PB 0x0000000082200000| Untracked 
|  34|0x0000000082200000, 0x0000000082300000, 0x0000000082300000|100%| O|  |TAMS 0x0000000082300000| PB 0x0000000082300000| Untracked 
|  35|0x0000000082300000, 0x0000000082400000, 0x0000000082400000|100%| O|  |TAMS 0x0000000082400000| PB 0x0000000082400000| Untracked 
|  36|0x0000000082400000, 0x0000000082500000, 0x0000000082500000|100%| O|  |TAMS 0x0000000082500000| PB 0x0000000082500000| Untracked 
|  37|0x0000000082500000, 0x0000000082600000, 0x0000000082600000|100%| O|  |TAMS 0x0000000082600000| PB 0x0000000082600000| Untracked 
|  38|0x0000000082600000, 0x0000000082700000, 0x0000000082700000|100%| O|  |TAMS 0x0000000082700000| PB 0x0000000082700000| Untracked 
|  39|0x0000000082700000, 0x0000000082800000, 0x0000000082800000|100%| O|  |TAMS 0x0000000082800000| PB 0x0000000082800000| Untracked 
|  40|0x0000000082800000, 0x0000000082900000, 0x0000000082900000|100%| O|  |TAMS 0x0000000082900000| PB 0x0000000082900000| Untracked 
|  41|0x0000000082900000, 0x0000000082a00000, 0x0000000082a00000|100%| O|  |TAMS 0x0000000082a00000| PB 0x0000000082a00000| Untracked 
|  42|0x0000000082a00000, 0x0000000082b00000, 0x0000000082b00000|100%|HS|  |TAMS 0x0000000082b00000| PB 0x0000000082a00000| Complete 
|  43|0x0000000082b00000, 0x0000000082c00000, 0x0000000082c00000|100%| O|  |TAMS 0x0000000082c00000| PB 0x0000000082c00000| Untracked 
|  44|0x0000000082c00000, 0x0000000082d00000, 0x0000000082d00000|100%| O|  |TAMS 0x0000000082d00000| PB 0x0000000082d00000| Untracked 
|  45|0x0000000082d00000, 0x0000000082e00000, 0x0000000082e00000|100%|HS|  |TAMS 0x0000000082e00000| PB 0x0000000082d00000| Complete 
|  46|0x0000000082e00000, 0x0000000082f00000, 0x0000000082f00000|100%|HS|  |TAMS 0x0000000082f00000| PB 0x0000000082e00000| Complete 
|  47|0x0000000082f00000, 0x0000000083000000, 0x0000000083000000|100%| O|  |TAMS 0x0000000083000000| PB 0x0000000083000000| Untracked 
|  48|0x0000000083000000, 0x0000000083100000, 0x0000000083100000|100%| O|  |TAMS 0x0000000083100000| PB 0x0000000083100000| Untracked 
|  49|0x0000000083100000, 0x0000000083200000, 0x0000000083200000|100%| O|  |TAMS 0x0000000083200000| PB 0x0000000083200000| Untracked 
|  50|0x0000000083200000, 0x0000000083300000, 0x0000000083300000|100%| O|  |TAMS 0x0000000083300000| PB 0x0000000083300000| Untracked 
|  51|0x0000000083300000, 0x0000000083400000, 0x0000000083400000|100%|HS|  |TAMS 0x0000000083400000| PB 0x0000000083300000| Complete 
|  52|0x0000000083400000, 0x0000000083500000, 0x0000000083500000|100%| O|  |TAMS 0x0000000083500000| PB 0x0000000083500000| Untracked 
|  53|0x0000000083500000, 0x0000000083600000, 0x0000000083600000|100%| O|  |TAMS 0x0000000083600000| PB 0x0000000083600000| Untracked 
|  54|0x0000000083600000, 0x0000000083700000, 0x0000000083700000|100%| O|  |TAMS 0x0000000083700000| PB 0x0000000083700000| Updating 
|  55|0x0000000083700000, 0x0000000083800000, 0x0000000083800000|100%| O|  |TAMS 0x0000000083800000| PB 0x0000000083800000| Untracked 
|  56|0x0000000083800000, 0x0000000083900000, 0x0000000083900000|100%|HS|  |TAMS 0x0000000083900000| PB 0x0000000083800000| Complete 
|  57|0x0000000083900000, 0x0000000083a00000, 0x0000000083a00000|100%| O|  |TAMS 0x0000000083a00000| PB 0x0000000083a00000| Updating 
|  58|0x0000000083a00000, 0x0000000083b00000, 0x0000000083b00000|100%|HS|  |TAMS 0x0000000083b00000| PB 0x0000000083a00000| Complete 
|  59|0x0000000083b00000, 0x0000000083c00000, 0x0000000083c00000|100%|HC|  |TAMS 0x0000000083c00000| PB 0x0000000083b00000| Complete 
|  60|0x0000000083c00000, 0x0000000083d00000, 0x0000000083d00000|100%|HS|  |TAMS 0x0000000083d00000| PB 0x0000000083c00000| Complete 
|  61|0x0000000083d00000, 0x0000000083e00000, 0x0000000083e00000|100%|HS|  |TAMS 0x0000000083e00000| PB 0x0000000083d00000| Complete 
|  62|0x0000000083e00000, 0x0000000083f00000, 0x0000000083f00000|100%|HC|  |TAMS 0x0000000083f00000| PB 0x0000000083e00000| Complete 
|  63|0x0000000083f00000, 0x0000000084000000, 0x0000000084000000|100%| O|  |TAMS 0x0000000084000000| PB 0x0000000084000000| Untracked 
|  64|0x0000000084000000, 0x0000000084100000, 0x0000000084100000|100%|HS|  |TAMS 0x0000000084100000| PB 0x0000000084000000| Complete 
|  65|0x0000000084100000, 0x0000000084200000, 0x0000000084200000|100%| O|  |TAMS 0x0000000084200000| PB 0x0000000084200000| Untracked 
|  66|0x0000000084200000, 0x0000000084300000, 0x0000000084300000|100%| O|  |TAMS 0x0000000084300000| PB 0x0000000084300000| Untracked 
|  67|0x0000000084300000, 0x0000000084400000, 0x0000000084400000|100%| O|  |TAMS 0x0000000084400000| PB 0x0000000084400000| Updating 
|  68|0x0000000084400000, 0x0000000084500000, 0x0000000084500000|100%| O|  |TAMS 0x0000000084500000| PB 0x0000000084500000| Untracked 
|  69|0x0000000084500000, 0x0000000084600000, 0x0000000084600000|100%| O|  |TAMS 0x0000000084600000| PB 0x0000000084600000| Updating 
|  70|0x0000000084600000, 0x0000000084700000, 0x0000000084700000|100%| O|  |TAMS 0x0000000084700000| PB 0x0000000084700000| Untracked 
|  71|0x0000000084700000, 0x0000000084800000, 0x0000000084800000|100%| O|  |TAMS 0x0000000084800000| PB 0x0000000084800000| Untracked 
|  72|0x0000000084800000, 0x0000000084900000, 0x0000000084900000|100%| O|  |TAMS 0x0000000084900000| PB 0x0000000084900000| Untracked 
|  73|0x0000000084900000, 0x0000000084a00000, 0x0000000084a00000|100%| O|  |TAMS 0x0000000084a00000| PB 0x0000000084a00000| Untracked 
|  74|0x0000000084a00000, 0x0000000084b00000, 0x0000000084b00000|100%| O|  |TAMS 0x0000000084b00000| PB 0x0000000084b00000| Updating 
|  75|0x0000000084b00000, 0x0000000084c00000, 0x0000000084c00000|100%| O|  |TAMS 0x0000000084c00000| PB 0x0000000084c00000| Untracked 
|  76|0x0000000084c00000, 0x0000000084d00000, 0x0000000084d00000|100%| O|  |TAMS 0x0000000084d00000| PB 0x0000000084d00000| Untracked 
|  77|0x0000000084d00000, 0x0000000084e00000, 0x0000000084e00000|100%| O|  |TAMS 0x0000000084e00000| PB 0x0000000084e00000| Untracked 
|  78|0x0000000084e00000, 0x0000000084f00000, 0x0000000084f00000|100%| O|  |TAMS 0x0000000084f00000| PB 0x0000000084f00000| Untracked 
|  79|0x0000000084f00000, 0x0000000085000000, 0x0000000085000000|100%| O|  |TAMS 0x0000000085000000| PB 0x0000000085000000| Untracked 
|  80|0x0000000085000000, 0x0000000085100000, 0x0000000085100000|100%| O|  |TAMS 0x0000000085100000| PB 0x0000000085100000| Untracked 
|  81|0x0000000085100000, 0x0000000085200000, 0x0000000085200000|100%| O|  |TAMS 0x0000000085200000| PB 0x0000000085200000| Untracked 
|  82|0x0000000085200000, 0x0000000085300000, 0x0000000085300000|100%| O|  |TAMS 0x0000000085300000| PB 0x0000000085300000| Untracked 
|  83|0x0000000085300000, 0x0000000085400000, 0x0000000085400000|100%| O|  |TAMS 0x0000000085400000| PB 0x0000000085400000| Untracked 
|  84|0x0000000085400000, 0x0000000085500000, 0x0000000085500000|100%| O|  |TAMS 0x0000000085500000| PB 0x0000000085500000| Untracked 
|  85|0x0000000085500000, 0x0000000085600000, 0x0000000085600000|100%| O|  |TAMS 0x0000000085600000| PB 0x0000000085600000| Untracked 
|  86|0x0000000085600000, 0x0000000085700000, 0x0000000085700000|100%| O|  |TAMS 0x0000000085700000| PB 0x0000000085700000| Untracked 
|  87|0x0000000085700000, 0x0000000085800000, 0x0000000085800000|100%| O|  |TAMS 0x0000000085800000| PB 0x0000000085800000| Untracked 
|  88|0x0000000085800000, 0x0000000085900000, 0x0000000085900000|100%| O|  |TAMS 0x0000000085900000| PB 0x0000000085900000| Untracked 
|  89|0x0000000085900000, 0x0000000085a00000, 0x0000000085a00000|100%| O|  |TAMS 0x0000000085a00000| PB 0x0000000085a00000| Untracked 
|  90|0x0000000085a00000, 0x0000000085b00000, 0x0000000085b00000|100%| O|  |TAMS 0x0000000085b00000| PB 0x0000000085b00000| Updating 
|  91|0x0000000085b00000, 0x0000000085c00000, 0x0000000085c00000|100%| O|  |TAMS 0x0000000085c00000| PB 0x0000000085c00000| Untracked 
|  92|0x0000000085c00000, 0x0000000085d00000, 0x0000000085d00000|100%| O|  |TAMS 0x0000000085d00000| PB 0x0000000085d00000| Untracked 
|  93|0x0000000085d00000, 0x0000000085e00000, 0x0000000085e00000|100%| O|  |TAMS 0x0000000085e00000| PB 0x0000000085e00000| Updating 
|  94|0x0000000085e00000, 0x0000000085f00000, 0x0000000085f00000|100%| O|  |TAMS 0x0000000085f00000| PB 0x0000000085f00000| Updating 
|  95|0x0000000085f00000, 0x0000000086000000, 0x0000000086000000|100%| O|  |TAMS 0x0000000086000000| PB 0x0000000086000000| Updating 
|  96|0x0000000086000000, 0x0000000086100000, 0x0000000086100000|100%| O|  |TAMS 0x0000000086100000| PB 0x0000000086100000| Untracked 
|  97|0x0000000086100000, 0x0000000086200000, 0x0000000086200000|100%| O|  |TAMS 0x0000000086200000| PB 0x0000000086200000| Updating 
|  98|0x0000000086200000, 0x0000000086300000, 0x0000000086300000|100%|HS|  |TAMS 0x0000000086300000| PB 0x0000000086200000| Complete 
|  99|0x0000000086300000, 0x0000000086400000, 0x0000000086400000|100%| O|  |TAMS 0x0000000086400000| PB 0x0000000086400000| Untracked 
| 100|0x0000000086400000, 0x0000000086500000, 0x0000000086500000|100%| O|  |TAMS 0x0000000086500000| PB 0x0000000086500000| Untracked 
| 101|0x0000000086500000, 0x0000000086600000, 0x0000000086600000|100%| O|  |TAMS 0x0000000086600000| PB 0x0000000086600000| Updating 
| 102|0x0000000086600000, 0x0000000086700000, 0x0000000086700000|100%| O|  |TAMS 0x0000000086700000| PB 0x0000000086700000| Updating 
| 103|0x0000000086700000, 0x0000000086800000, 0x0000000086800000|100%| O|  |TAMS 0x0000000086800000| PB 0x0000000086800000| Updating 
| 104|0x0000000086800000, 0x0000000086900000, 0x0000000086900000|100%|HS|  |TAMS 0x0000000086900000| PB 0x0000000086800000| Complete 
| 105|0x0000000086900000, 0x0000000086a00000, 0x0000000086a00000|100%| O|  |TAMS 0x0000000086a00000| PB 0x0000000086a00000| Updating 
| 106|0x0000000086a00000, 0x0000000086b00000, 0x0000000086b00000|100%| O|  |TAMS 0x0000000086b00000| PB 0x0000000086b00000| Updating 
| 107|0x0000000086b00000, 0x0000000086c00000, 0x0000000086c00000|100%| O|  |TAMS 0x0000000086c00000| PB 0x0000000086c00000| Updating 
| 108|0x0000000086c00000, 0x0000000086d00000, 0x0000000086d00000|100%| O|  |TAMS 0x0000000086d00000| PB 0x0000000086d00000| Updating 
| 109|0x0000000086d00000, 0x0000000086e00000, 0x0000000086e00000|100%| O|  |TAMS 0x0000000086d00000| PB 0x0000000086d00000| Untracked 
| 110|0x0000000086e00000, 0x0000000086f00000, 0x0000000086f00000|100%| O|  |TAMS 0x0000000086f00000| PB 0x0000000086f00000| Untracked 
| 111|0x0000000086f00000, 0x0000000087000000, 0x0000000087000000|100%| O|  |TAMS 0x0000000087000000| PB 0x0000000087000000| Updating 
| 112|0x0000000087000000, 0x0000000087100000, 0x0000000087100000|100%| O|  |TAMS 0x0000000087100000| PB 0x0000000087100000| Updating 
| 113|0x0000000087100000, 0x0000000087100000, 0x0000000087200000|  0%| F|  |TAMS 0x0000000087100000| PB 0x0000000087100000| Untracked 
| 114|0x0000000087200000, 0x0000000087300000, 0x0000000087300000|100%| O|  |TAMS 0x0000000087300000| PB 0x0000000087300000| Untracked 
| 115|0x0000000087300000, 0x0000000087400000, 0x0000000087400000|100%| O|  |TAMS 0x0000000087400000| PB 0x0000000087400000| Updating 
| 116|0x0000000087400000, 0x0000000087500000, 0x0000000087500000|100%| O|  |TAMS 0x0000000087500000| PB 0x0000000087500000| Updating 
| 117|0x0000000087500000, 0x0000000087600000, 0x0000000087600000|100%| O|  |TAMS 0x0000000087600000| PB 0x0000000087600000| Updating 
| 118|0x0000000087600000, 0x0000000087700000, 0x0000000087700000|100%| O|  |TAMS 0x0000000087700000| PB 0x0000000087700000| Updating 
| 119|0x0000000087700000, 0x0000000087800000, 0x0000000087800000|100%|HS|  |TAMS 0x0000000087800000| PB 0x0000000087700000| Complete 
| 120|0x0000000087800000, 0x0000000087900000, 0x0000000087900000|100%| O|  |TAMS 0x0000000087800000| PB 0x0000000087800000| Untracked 
| 121|0x0000000087900000, 0x0000000087a00000, 0x0000000087a00000|100%| O|  |TAMS 0x0000000087900000| PB 0x0000000087900000| Untracked 
| 122|0x0000000087a00000, 0x0000000087b00000, 0x0000000087b00000|100%| O|  |TAMS 0x0000000087a00000| PB 0x0000000087a00000| Untracked 
| 123|0x0000000087b00000, 0x0000000087c00000, 0x0000000087c00000|100%| O|  |TAMS 0x0000000087c00000| PB 0x0000000087c00000| Untracked 
| 124|0x0000000087c00000, 0x0000000087d00000, 0x0000000087d00000|100%|HS|  |TAMS 0x0000000087d00000| PB 0x0000000087c00000| Complete 
| 125|0x0000000087d00000, 0x0000000087e00000, 0x0000000087e00000|100%|HC|  |TAMS 0x0000000087e00000| PB 0x0000000087d00000| Complete 
| 126|0x0000000087e00000, 0x0000000087f00000, 0x0000000087f00000|100%|HS|  |TAMS 0x0000000087f00000| PB 0x0000000087e00000| Complete 
| 127|0x0000000087f00000, 0x0000000088000000, 0x0000000088000000|100%|HC|  |TAMS 0x0000000088000000| PB 0x0000000087f00000| Complete 
| 128|0x0000000088000000, 0x0000000088100000, 0x0000000088100000|100%|HS|  |TAMS 0x0000000088100000| PB 0x0000000088000000| Complete 
| 129|0x0000000088100000, 0x0000000088200000, 0x0000000088200000|100%|HC|  |TAMS 0x0000000088200000| PB 0x0000000088100000| Complete 
| 130|0x0000000088200000, 0x0000000088300000, 0x0000000088300000|100%| O|  |TAMS 0x0000000088300000| PB 0x0000000088300000| Untracked 
| 131|0x0000000088300000, 0x0000000088400000, 0x0000000088400000|100%| O|  |TAMS 0x0000000088400000| PB 0x0000000088400000| Untracked 
| 132|0x0000000088400000, 0x0000000088500000, 0x0000000088500000|100%| O|  |TAMS 0x0000000088500000| PB 0x0000000088500000| Updating 
| 133|0x0000000088500000, 0x0000000088600000, 0x0000000088600000|100%| O|  |TAMS 0x0000000088600000| PB 0x0000000088600000| Updating 
| 134|0x0000000088600000, 0x0000000088700000, 0x0000000088700000|100%|HS|  |TAMS 0x0000000088700000| PB 0x0000000088600000| Complete 
| 135|0x0000000088700000, 0x0000000088800000, 0x0000000088800000|100%|HS|  |TAMS 0x0000000088800000| PB 0x0000000088700000| Complete 
| 136|0x0000000088800000, 0x0000000088900000, 0x0000000088900000|100%|HC|  |TAMS 0x0000000088900000| PB 0x0000000088800000| Complete 
| 137|0x0000000088900000, 0x0000000088a00000, 0x0000000088a00000|100%|HC|  |TAMS 0x0000000088a00000| PB 0x0000000088900000| Complete 
| 138|0x0000000088a00000, 0x0000000088b00000, 0x0000000088b00000|100%| O|  |TAMS 0x0000000088b00000| PB 0x0000000088b00000| Updating 
| 139|0x0000000088b00000, 0x0000000088c00000, 0x0000000088c00000|100%| O|  |TAMS 0x0000000088c00000| PB 0x0000000088c00000| Untracked 
| 140|0x0000000088c00000, 0x0000000088d00000, 0x0000000088d00000|100%|HS|  |TAMS 0x0000000088d00000| PB 0x0000000088c00000| Complete 
| 141|0x0000000088d00000, 0x0000000088e00000, 0x0000000088e00000|100%|HC|  |TAMS 0x0000000088e00000| PB 0x0000000088d00000| Complete 
| 142|0x0000000088e00000, 0x0000000088f00000, 0x0000000088f00000|100%| O|  |TAMS 0x0000000088f00000| PB 0x0000000088f00000| Untracked 
| 143|0x0000000088f00000, 0x0000000089000000, 0x0000000089000000|100%|HS|  |TAMS 0x0000000089000000| PB 0x0000000088f00000| Complete 
| 144|0x0000000089000000, 0x0000000089100000, 0x0000000089100000|100%| O|  |TAMS 0x0000000089100000| PB 0x0000000089100000| Updating 
| 145|0x0000000089100000, 0x0000000089200000, 0x0000000089200000|100%|HS|  |TAMS 0x0000000089200000| PB 0x0000000089100000| Complete 
| 146|0x0000000089200000, 0x0000000089300000, 0x0000000089300000|100%| O|  |TAMS 0x0000000089300000| PB 0x0000000089300000| Untracked 
| 147|0x0000000089300000, 0x0000000089400000, 0x0000000089400000|100%|HS|  |TAMS 0x0000000089400000| PB 0x0000000089300000| Complete 
| 148|0x0000000089400000, 0x0000000089500000, 0x0000000089500000|100%| O|  |TAMS 0x0000000089500000| PB 0x0000000089500000| Updating 
| 149|0x0000000089500000, 0x0000000089600000, 0x0000000089600000|100%| O|  |TAMS 0x0000000089600000| PB 0x0000000089600000| Untracked 
| 150|0x0000000089600000, 0x0000000089700000, 0x0000000089700000|100%| O|  |TAMS 0x0000000089700000| PB 0x0000000089700000| Updating 
| 151|0x0000000089700000, 0x0000000089800000, 0x0000000089800000|100%|HS|  |TAMS 0x0000000089800000| PB 0x0000000089700000| Complete 
| 152|0x0000000089800000, 0x0000000089900000, 0x0000000089900000|100%|HC|  |TAMS 0x0000000089900000| PB 0x0000000089800000| Complete 
| 153|0x0000000089900000, 0x0000000089a00000, 0x0000000089a00000|100%| O|  |TAMS 0x0000000089a00000| PB 0x0000000089a00000| Untracked 
| 154|0x0000000089a00000, 0x0000000089b00000, 0x0000000089b00000|100%| O|  |TAMS 0x0000000089b00000| PB 0x0000000089b00000| Untracked 
| 155|0x0000000089b00000, 0x0000000089c00000, 0x0000000089c00000|100%| O|  |TAMS 0x0000000089c00000| PB 0x0000000089c00000| Untracked 
| 156|0x0000000089c00000, 0x0000000089d00000, 0x0000000089d00000|100%|HS|  |TAMS 0x0000000089d00000| PB 0x0000000089c00000| Complete 
| 157|0x0000000089d00000, 0x0000000089e00000, 0x0000000089e00000|100%|HC|  |TAMS 0x0000000089e00000| PB 0x0000000089d00000| Complete 
| 158|0x0000000089e00000, 0x0000000089f00000, 0x0000000089f00000|100%| O|  |TAMS 0x0000000089f00000| PB 0x0000000089f00000| Untracked 
| 159|0x0000000089f00000, 0x000000008a000000, 0x000000008a000000|100%| O|  |TAMS 0x000000008a000000| PB 0x000000008a000000| Updating 
| 160|0x000000008a000000, 0x000000008a100000, 0x000000008a100000|100%| O|  |TAMS 0x000000008a100000| PB 0x000000008a100000| Untracked 
| 161|0x000000008a100000, 0x000000008a200000, 0x000000008a200000|100%| O|  |TAMS 0x000000008a200000| PB 0x000000008a200000| Untracked 
| 162|0x000000008a200000, 0x000000008a300000, 0x000000008a300000|100%| O|  |TAMS 0x000000008a300000| PB 0x000000008a300000| Untracked 
| 163|0x000000008a300000, 0x000000008a400000, 0x000000008a400000|100%| O|  |TAMS 0x000000008a400000| PB 0x000000008a400000| Untracked 
| 164|0x000000008a400000, 0x000000008a500000, 0x000000008a500000|100%|HS|  |TAMS 0x000000008a500000| PB 0x000000008a400000| Complete 
| 165|0x000000008a500000, 0x000000008a600000, 0x000000008a600000|100%|HC|  |TAMS 0x000000008a600000| PB 0x000000008a500000| Complete 
| 166|0x000000008a600000, 0x000000008a700000, 0x000000008a700000|100%|HC|  |TAMS 0x000000008a700000| PB 0x000000008a600000| Complete 
| 167|0x000000008a700000, 0x000000008a800000, 0x000000008a800000|100%|HS|  |TAMS 0x000000008a800000| PB 0x000000008a700000| Complete 
| 168|0x000000008a800000, 0x000000008a900000, 0x000000008a900000|100%| O|  |TAMS 0x000000008a900000| PB 0x000000008a900000| Untracked 
| 169|0x000000008a900000, 0x000000008aa00000, 0x000000008aa00000|100%| O|  |TAMS 0x000000008aa00000| PB 0x000000008aa00000| Updating 
| 170|0x000000008aa00000, 0x000000008ab00000, 0x000000008ab00000|100%| O|  |TAMS 0x000000008ab00000| PB 0x000000008ab00000| Updating 
| 171|0x000000008ab00000, 0x000000008ac00000, 0x000000008ac00000|100%| O|  |TAMS 0x000000008ac00000| PB 0x000000008ac00000| Untracked 
| 172|0x000000008ac00000, 0x000000008ad00000, 0x000000008ad00000|100%| O|  |TAMS 0x000000008ad00000| PB 0x000000008ad00000| Untracked 
| 173|0x000000008ad00000, 0x000000008ae00000, 0x000000008ae00000|100%| O|  |TAMS 0x000000008ae00000| PB 0x000000008ae00000| Untracked 
| 174|0x000000008ae00000, 0x000000008af00000, 0x000000008af00000|100%| O|  |TAMS 0x000000008af00000| PB 0x000000008af00000| Untracked 
| 175|0x000000008af00000, 0x000000008b000000, 0x000000008b000000|100%| O|  |TAMS 0x000000008b000000| PB 0x000000008b000000| Untracked 
| 176|0x000000008b000000, 0x000000008b100000, 0x000000008b100000|100%| O|  |TAMS 0x000000008b100000| PB 0x000000008b100000| Untracked 
| 177|0x000000008b100000, 0x000000008b200000, 0x000000008b200000|100%| O|  |TAMS 0x000000008b200000| PB 0x000000008b200000| Untracked 
| 178|0x000000008b200000, 0x000000008b300000, 0x000000008b300000|100%| O|  |TAMS 0x000000008b300000| PB 0x000000008b300000| Untracked 
| 179|0x000000008b300000, 0x000000008b400000, 0x000000008b400000|100%| O|  |TAMS 0x000000008b400000| PB 0x000000008b400000| Updating 
| 180|0x000000008b400000, 0x000000008b500000, 0x000000008b500000|100%| O|  |TAMS 0x000000008b500000| PB 0x000000008b500000| Untracked 
| 181|0x000000008b500000, 0x000000008b600000, 0x000000008b600000|100%| O|  |TAMS 0x000000008b600000| PB 0x000000008b600000| Untracked 
| 182|0x000000008b600000, 0x000000008b700000, 0x000000008b700000|100%| O|  |TAMS 0x000000008b700000| PB 0x000000008b700000| Untracked 
| 183|0x000000008b700000, 0x000000008b800000, 0x000000008b800000|100%|HS|  |TAMS 0x000000008b700000| PB 0x000000008b700000| Complete 
| 184|0x000000008b800000, 0x000000008b900000, 0x000000008b900000|100%|HS|  |TAMS 0x000000008b800000| PB 0x000000008b800000| Complete 
| 185|0x000000008b900000, 0x000000008b900000, 0x000000008ba00000|  0%| F|  |TAMS 0x000000008b900000| PB 0x000000008b900000| Untracked 
| 186|0x000000008ba00000, 0x000000008ba00000, 0x000000008bb00000|  0%| F|  |TAMS 0x000000008ba00000| PB 0x000000008ba00000| Untracked 
| 187|0x000000008bb00000, 0x000000008bb00000, 0x000000008bc00000|  0%| F|  |TAMS 0x000000008bb00000| PB 0x000000008bb00000| Untracked 
| 188|0x000000008bc00000, 0x000000008bc00000, 0x000000008bd00000|  0%| F|  |TAMS 0x000000008bc00000| PB 0x000000008bc00000| Untracked 
| 189|0x000000008bd00000, 0x000000008bd00000, 0x000000008be00000|  0%| F|  |TAMS 0x000000008bd00000| PB 0x000000008bd00000| Untracked 
| 190|0x000000008be00000, 0x000000008be00000, 0x000000008bf00000|  0%| F|  |TAMS 0x000000008be00000| PB 0x000000008be00000| Untracked 
| 191|0x000000008bf00000, 0x000000008bf00000, 0x000000008c000000|  0%| F|  |TAMS 0x000000008bf00000| PB 0x000000008bf00000| Untracked 
| 192|0x000000008c000000, 0x000000008c000000, 0x000000008c100000|  0%| F|  |TAMS 0x000000008c000000| PB 0x000000008c000000| Untracked 
| 193|0x000000008c100000, 0x000000008c100000, 0x000000008c200000|  0%| F|  |TAMS 0x000000008c100000| PB 0x000000008c100000| Untracked 
| 194|0x000000008c200000, 0x000000008c200000, 0x000000008c300000|  0%| F|  |TAMS 0x000000008c200000| PB 0x000000008c200000| Untracked 
| 195|0x000000008c300000, 0x000000008c400000, 0x000000008c400000|100%| O|  |TAMS 0x000000008c300000| PB 0x000000008c300000| Untracked 
| 196|0x000000008c400000, 0x000000008c500000, 0x000000008c500000|100%| O|  |TAMS 0x000000008c400000| PB 0x000000008c400000| Untracked 
| 197|0x000000008c500000, 0x000000008c600000, 0x000000008c600000|100%| O|  |TAMS 0x000000008c500000| PB 0x000000008c500000| Untracked 
| 198|0x000000008c600000, 0x000000008c700000, 0x000000008c700000|100%| O|  |TAMS 0x000000008c600000| PB 0x000000008c600000| Untracked 
| 199|0x000000008c700000, 0x000000008c800000, 0x000000008c800000|100%| O|  |TAMS 0x000000008c700000| PB 0x000000008c700000| Untracked 
| 200|0x000000008c800000, 0x000000008c900000, 0x000000008c900000|100%| O|  |TAMS 0x000000008c800000| PB 0x000000008c800000| Untracked 
| 201|0x000000008c900000, 0x000000008ca00000, 0x000000008ca00000|100%| O|  |TAMS 0x000000008c900000| PB 0x000000008c900000| Untracked 
| 202|0x000000008ca00000, 0x000000008cb00000, 0x000000008cb00000|100%| O|  |TAMS 0x000000008ca00000| PB 0x000000008ca00000| Untracked 
| 203|0x000000008cb00000, 0x000000008cc00000, 0x000000008cc00000|100%| O|  |TAMS 0x000000008cb00000| PB 0x000000008cb00000| Untracked 
| 204|0x000000008cc00000, 0x000000008cd00000, 0x000000008cd00000|100%| O|  |TAMS 0x000000008cc00000| PB 0x000000008cc00000| Untracked 
| 205|0x000000008cd00000, 0x000000008ce00000, 0x000000008ce00000|100%| O|  |TAMS 0x000000008cd00000| PB 0x000000008cd00000| Untracked 
| 206|0x000000008ce00000, 0x000000008cf00000, 0x000000008cf00000|100%| O|  |TAMS 0x000000008ce00000| PB 0x000000008ce00000| Untracked 
| 207|0x000000008cf00000, 0x000000008d000000, 0x000000008d000000|100%| O|  |TAMS 0x000000008cf00000| PB 0x000000008cf00000| Untracked 
| 208|0x000000008d000000, 0x000000008d100000, 0x000000008d100000|100%| O|  |TAMS 0x000000008d000000| PB 0x000000008d000000| Untracked 
| 209|0x000000008d100000, 0x000000008d200000, 0x000000008d200000|100%| O|  |TAMS 0x000000008d100000| PB 0x000000008d100000| Untracked 
| 210|0x000000008d200000, 0x000000008d300000, 0x000000008d300000|100%| O|  |TAMS 0x000000008d200000| PB 0x000000008d200000| Untracked 
| 211|0x000000008d300000, 0x000000008d400000, 0x000000008d400000|100%| O|  |TAMS 0x000000008d300000| PB 0x000000008d300000| Untracked 
| 212|0x000000008d400000, 0x000000008d500000, 0x000000008d500000|100%| O|  |TAMS 0x000000008d400000| PB 0x000000008d400000| Untracked 
| 213|0x000000008d500000, 0x000000008d600000, 0x000000008d600000|100%| O|  |TAMS 0x000000008d500000| PB 0x000000008d500000| Untracked 
| 214|0x000000008d600000, 0x000000008d700000, 0x000000008d700000|100%| O|  |TAMS 0x000000008d600000| PB 0x000000008d600000| Untracked 
| 215|0x000000008d700000, 0x000000008d800000, 0x000000008d800000|100%| O|  |TAMS 0x000000008d700000| PB 0x000000008d700000| Untracked 
| 216|0x000000008d800000, 0x000000008d900000, 0x000000008d900000|100%| S|CS|TAMS 0x000000008d800000| PB 0x000000008d800000| Complete 
| 217|0x000000008d900000, 0x000000008da00000, 0x000000008da00000|100%| S|CS|TAMS 0x000000008d900000| PB 0x000000008d900000| Complete 
| 218|0x000000008da00000, 0x000000008db00000, 0x000000008db00000|100%| S|CS|TAMS 0x000000008da00000| PB 0x000000008da00000| Complete 
| 219|0x000000008db00000, 0x000000008dc00000, 0x000000008dc00000|100%| S|CS|TAMS 0x000000008db00000| PB 0x000000008db00000| Complete 
| 220|0x000000008dc00000, 0x000000008dd00000, 0x000000008dd00000|100%| S|CS|TAMS 0x000000008dc00000| PB 0x000000008dc00000| Complete 
| 221|0x000000008dd00000, 0x000000008de00000, 0x000000008de00000|100%| S|CS|TAMS 0x000000008dd00000| PB 0x000000008dd00000| Complete 
| 222|0x000000008de00000, 0x000000008df00000, 0x000000008df00000|100%| S|CS|TAMS 0x000000008de00000| PB 0x000000008de00000| Complete 
| 223|0x000000008df00000, 0x000000008e000000, 0x000000008e000000|100%| S|CS|TAMS 0x000000008df00000| PB 0x000000008df00000| Complete 
| 224|0x000000008e000000, 0x000000008e100000, 0x000000008e100000|100%| S|CS|TAMS 0x000000008e000000| PB 0x000000008e000000| Complete 
| 225|0x000000008e100000, 0x000000008e200000, 0x000000008e200000|100%| S|CS|TAMS 0x000000008e100000| PB 0x000000008e100000| Complete 
| 226|0x000000008e200000, 0x000000008e200000, 0x000000008e300000|  0%| F|  |TAMS 0x000000008e200000| PB 0x000000008e200000| Untracked 
| 227|0x000000008e300000, 0x000000008e300000, 0x000000008e400000|  0%| F|  |TAMS 0x000000008e300000| PB 0x000000008e300000| Untracked 
| 228|0x000000008e400000, 0x000000008e400000, 0x000000008e500000|  0%| F|  |TAMS 0x000000008e400000| PB 0x000000008e400000| Untracked 
| 229|0x000000008e500000, 0x000000008e500000, 0x000000008e600000|  0%| F|  |TAMS 0x000000008e500000| PB 0x000000008e500000| Untracked 
| 230|0x000000008e600000, 0x000000008e600000, 0x000000008e700000|  0%| F|  |TAMS 0x000000008e600000| PB 0x000000008e600000| Untracked 
| 231|0x000000008e700000, 0x000000008e700000, 0x000000008e800000|  0%| F|  |TAMS 0x000000008e700000| PB 0x000000008e700000| Untracked 
| 232|0x000000008e800000, 0x000000008e800000, 0x000000008e900000|  0%| F|  |TAMS 0x000000008e800000| PB 0x000000008e800000| Untracked 
| 233|0x000000008e900000, 0x000000008e900000, 0x000000008ea00000|  0%| F|  |TAMS 0x000000008e900000| PB 0x000000008e900000| Untracked 
| 234|0x000000008ea00000, 0x000000008ea00000, 0x000000008eb00000|  0%| F|  |TAMS 0x000000008ea00000| PB 0x000000008ea00000| Untracked 
| 235|0x000000008eb00000, 0x000000008eb00000, 0x000000008ec00000|  0%| F|  |TAMS 0x000000008eb00000| PB 0x000000008eb00000| Untracked 
| 236|0x000000008ec00000, 0x000000008ec00000, 0x000000008ed00000|  0%| F|  |TAMS 0x000000008ec00000| PB 0x000000008ec00000| Untracked 
| 237|0x000000008ed00000, 0x000000008ed00000, 0x000000008ee00000|  0%| F|  |TAMS 0x000000008ed00000| PB 0x000000008ed00000| Untracked 
| 238|0x000000008ee00000, 0x000000008ee00000, 0x000000008ef00000|  0%| F|  |TAMS 0x000000008ee00000| PB 0x000000008ee00000| Untracked 
| 239|0x000000008ef00000, 0x000000008ef00000, 0x000000008f000000|  0%| F|  |TAMS 0x000000008ef00000| PB 0x000000008ef00000| Untracked 
| 240|0x000000008f000000, 0x000000008f000000, 0x000000008f100000|  0%| F|  |TAMS 0x000000008f000000| PB 0x000000008f000000| Untracked 
| 241|0x000000008f100000, 0x000000008f100000, 0x000000008f200000|  0%| F|  |TAMS 0x000000008f100000| PB 0x000000008f100000| Untracked 
| 242|0x000000008f200000, 0x000000008f200000, 0x000000008f300000|  0%| F|  |TAMS 0x000000008f200000| PB 0x000000008f200000| Untracked 
| 243|0x000000008f300000, 0x000000008f300000, 0x000000008f400000|  0%| F|  |TAMS 0x000000008f300000| PB 0x000000008f300000| Untracked 
| 244|0x000000008f400000, 0x000000008f400000, 0x000000008f500000|  0%| F|  |TAMS 0x000000008f400000| PB 0x000000008f400000| Untracked 
| 245|0x000000008f500000, 0x000000008f500000, 0x000000008f600000|  0%| F|  |TAMS 0x000000008f500000| PB 0x000000008f500000| Untracked 
| 246|0x000000008f600000, 0x000000008f600000, 0x000000008f700000|  0%| F|  |TAMS 0x000000008f600000| PB 0x000000008f600000| Untracked 
| 247|0x000000008f700000, 0x000000008f700000, 0x000000008f800000|  0%| F|  |TAMS 0x000000008f700000| PB 0x000000008f700000| Untracked 
| 248|0x000000008f800000, 0x000000008f800000, 0x000000008f900000|  0%| F|  |TAMS 0x000000008f800000| PB 0x000000008f800000| Untracked 
| 249|0x000000008f900000, 0x000000008f900000, 0x000000008fa00000|  0%| F|  |TAMS 0x000000008f900000| PB 0x000000008f900000| Untracked 
| 250|0x000000008fa00000, 0x000000008fa00000, 0x000000008fb00000|  0%| F|  |TAMS 0x000000008fa00000| PB 0x000000008fa00000| Untracked 
| 251|0x000000008fb00000, 0x000000008fbfe428, 0x000000008fc00000| 99%| E|  |TAMS 0x000000008fb00000| PB 0x000000008fb00000| Complete 
| 252|0x000000008fc00000, 0x000000008fd00000, 0x000000008fd00000|100%| E|CS|TAMS 0x000000008fc00000| PB 0x000000008fc00000| Complete 
| 253|0x000000008fd00000, 0x000000008fe00000, 0x000000008fe00000|100%| E|CS|TAMS 0x000000008fd00000| PB 0x000000008fd00000| Complete 
| 254|0x000000008fe00000, 0x000000008ff00000, 0x000000008ff00000|100%| E|CS|TAMS 0x000000008fe00000| PB 0x000000008fe00000| Complete 
| 255|0x000000008ff00000, 0x0000000090000000, 0x0000000090000000|100%| E|CS|TAMS 0x000000008ff00000| PB 0x000000008ff00000| Complete 
| 256|0x0000000090000000, 0x0000000090100000, 0x0000000090100000|100%| E|CS|TAMS 0x0000000090000000| PB 0x0000000090000000| Complete 
| 257|0x0000000090100000, 0x0000000090200000, 0x0000000090200000|100%| E|CS|TAMS 0x0000000090100000| PB 0x0000000090100000| Complete 
| 258|0x0000000090200000, 0x0000000090300000, 0x0000000090300000|100%| E|CS|TAMS 0x0000000090200000| PB 0x0000000090200000| Complete 
| 259|0x0000000090300000, 0x0000000090400000, 0x0000000090400000|100%| E|CS|TAMS 0x0000000090300000| PB 0x0000000090300000| Complete 
| 260|0x0000000090400000, 0x0000000090500000, 0x0000000090500000|100%| E|CS|TAMS 0x0000000090400000| PB 0x0000000090400000| Complete 
| 261|0x0000000090500000, 0x0000000090600000, 0x0000000090600000|100%| E|CS|TAMS 0x0000000090500000| PB 0x0000000090500000| Complete 
| 262|0x0000000090600000, 0x0000000090700000, 0x0000000090700000|100%| E|CS|TAMS 0x0000000090600000| PB 0x0000000090600000| Complete 
| 263|0x0000000090700000, 0x0000000090800000, 0x0000000090800000|100%| E|CS|TAMS 0x0000000090700000| PB 0x0000000090700000| Complete 
| 264|0x0000000090800000, 0x0000000090900000, 0x0000000090900000|100%| E|  |TAMS 0x0000000090800000| PB 0x0000000090800000| Complete 
| 265|0x0000000090900000, 0x0000000090a00000, 0x0000000090a00000|100%| E|CS|TAMS 0x0000000090900000| PB 0x0000000090900000| Complete 
| 266|0x0000000090a00000, 0x0000000090b00000, 0x0000000090b00000|100%| E|CS|TAMS 0x0000000090a00000| PB 0x0000000090a00000| Complete 
| 267|0x0000000090b00000, 0x0000000090c00000, 0x0000000090c00000|100%| E|CS|TAMS 0x0000000090b00000| PB 0x0000000090b00000| Complete 
| 268|0x0000000090c00000, 0x0000000090d00000, 0x0000000090d00000|100%| E|CS|TAMS 0x0000000090c00000| PB 0x0000000090c00000| Complete 
| 269|0x0000000090d00000, 0x0000000090e00000, 0x0000000090e00000|100%| E|CS|TAMS 0x0000000090d00000| PB 0x0000000090d00000| Complete 
| 270|0x0000000090e00000, 0x0000000090f00000, 0x0000000090f00000|100%| E|CS|TAMS 0x0000000090e00000| PB 0x0000000090e00000| Complete 
| 271|0x0000000090f00000, 0x0000000091000000, 0x0000000091000000|100%| E|CS|TAMS 0x0000000090f00000| PB 0x0000000090f00000| Complete 
| 272|0x0000000091000000, 0x0000000091100000, 0x0000000091100000|100%| E|CS|TAMS 0x0000000091000000| PB 0x0000000091000000| Complete 
| 273|0x0000000091100000, 0x0000000091200000, 0x0000000091200000|100%| E|CS|TAMS 0x0000000091100000| PB 0x0000000091100000| Complete 
| 274|0x0000000091200000, 0x0000000091300000, 0x0000000091300000|100%| E|CS|TAMS 0x0000000091200000| PB 0x0000000091200000| Complete 
| 275|0x0000000091300000, 0x0000000091400000, 0x0000000091400000|100%| E|CS|TAMS 0x0000000091300000| PB 0x0000000091300000| Complete 
| 276|0x0000000091400000, 0x0000000091500000, 0x0000000091500000|100%| E|CS|TAMS 0x0000000091400000| PB 0x0000000091400000| Complete 
| 277|0x0000000091500000, 0x0000000091600000, 0x0000000091600000|100%| E|CS|TAMS 0x0000000091500000| PB 0x0000000091500000| Complete 
| 278|0x0000000091600000, 0x0000000091700000, 0x0000000091700000|100%| E|CS|TAMS 0x0000000091600000| PB 0x0000000091600000| Complete 
| 279|0x0000000091700000, 0x0000000091800000, 0x0000000091800000|100%| E|CS|TAMS 0x0000000091700000| PB 0x0000000091700000| Complete 
| 280|0x0000000091800000, 0x0000000091900000, 0x0000000091900000|100%| E|CS|TAMS 0x0000000091800000| PB 0x0000000091800000| Complete 
| 281|0x0000000091900000, 0x0000000091a00000, 0x0000000091a00000|100%| E|CS|TAMS 0x0000000091900000| PB 0x0000000091900000| Complete 
| 282|0x0000000091a00000, 0x0000000091a00000, 0x0000000091b00000|  0%| F|  |TAMS 0x0000000091a00000| PB 0x0000000091a00000| Untracked 
| 283|0x0000000091b00000, 0x0000000091b00000, 0x0000000091c00000|  0%| F|  |TAMS 0x0000000091b00000| PB 0x0000000091b00000| Untracked 
| 284|0x0000000091c00000, 0x0000000091c00000, 0x0000000091d00000|  0%| F|  |TAMS 0x0000000091c00000| PB 0x0000000091c00000| Untracked 
| 285|0x0000000091d00000, 0x0000000091d00000, 0x0000000091e00000|  0%| F|  |TAMS 0x0000000091d00000| PB 0x0000000091d00000| Untracked 
| 286|0x0000000091e00000, 0x0000000091e00000, 0x0000000091f00000|  0%| F|  |TAMS 0x0000000091e00000| PB 0x0000000091e00000| Untracked 
| 287|0x0000000091f00000, 0x0000000091f00000, 0x0000000092000000|  0%| F|  |TAMS 0x0000000091f00000| PB 0x0000000091f00000| Untracked 
| 288|0x0000000092000000, 0x0000000092000000, 0x0000000092100000|  0%| F|  |TAMS 0x0000000092000000| PB 0x0000000092000000| Untracked 
| 289|0x0000000092100000, 0x0000000092100000, 0x0000000092200000|  0%| F|  |TAMS 0x0000000092100000| PB 0x0000000092100000| Untracked 
| 290|0x0000000092200000, 0x0000000092200000, 0x0000000092300000|  0%| F|  |TAMS 0x0000000092200000| PB 0x0000000092200000| Untracked 
| 291|0x0000000092300000, 0x0000000092300000, 0x0000000092400000|  0%| F|  |TAMS 0x0000000092300000| PB 0x0000000092300000| Untracked 
| 292|0x0000000092400000, 0x0000000092400000, 0x0000000092500000|  0%| F|  |TAMS 0x0000000092400000| PB 0x0000000092400000| Untracked 
| 293|0x0000000092500000, 0x0000000092500000, 0x0000000092600000|  0%| F|  |TAMS 0x0000000092500000| PB 0x0000000092500000| Untracked 
| 294|0x0000000092600000, 0x0000000092600000, 0x0000000092700000|  0%| F|  |TAMS 0x0000000092600000| PB 0x0000000092600000| Untracked 
| 295|0x0000000092700000, 0x0000000092700000, 0x0000000092800000|  0%| F|  |TAMS 0x0000000092700000| PB 0x0000000092700000| Untracked 
| 296|0x0000000092800000, 0x0000000092800000, 0x0000000092900000|  0%| F|  |TAMS 0x0000000092800000| PB 0x0000000092800000| Untracked 
| 297|0x0000000092900000, 0x0000000092900000, 0x0000000092a00000|  0%| F|  |TAMS 0x0000000092900000| PB 0x0000000092900000| Untracked 
| 298|0x0000000092a00000, 0x0000000092a00000, 0x0000000092b00000|  0%| F|  |TAMS 0x0000000092a00000| PB 0x0000000092a00000| Untracked 
| 299|0x0000000092b00000, 0x0000000092b00000, 0x0000000092c00000|  0%| F|  |TAMS 0x0000000092b00000| PB 0x0000000092b00000| Untracked 
| 300|0x0000000092c00000, 0x0000000092c00000, 0x0000000092d00000|  0%| F|  |TAMS 0x0000000092c00000| PB 0x0000000092c00000| Untracked 
| 301|0x0000000092d00000, 0x0000000092d00000, 0x0000000092e00000|  0%| F|  |TAMS 0x0000000092d00000| PB 0x0000000092d00000| Untracked 
| 302|0x0000000092e00000, 0x0000000092e00000, 0x0000000092f00000|  0%| F|  |TAMS 0x0000000092e00000| PB 0x0000000092e00000| Untracked 
| 303|0x0000000092f00000, 0x0000000092f00000, 0x0000000093000000|  0%| F|  |TAMS 0x0000000092f00000| PB 0x0000000092f00000| Untracked 
| 304|0x0000000093000000, 0x0000000093000000, 0x0000000093100000|  0%| F|  |TAMS 0x0000000093000000| PB 0x0000000093000000| Untracked 
| 305|0x0000000093100000, 0x0000000093100000, 0x0000000093200000|  0%| F|  |TAMS 0x0000000093100000| PB 0x0000000093100000| Untracked 
| 306|0x0000000093200000, 0x0000000093200000, 0x0000000093300000|  0%| F|  |TAMS 0x0000000093200000| PB 0x0000000093200000| Untracked 
| 307|0x0000000093300000, 0x0000000093300000, 0x0000000093400000|  0%| F|  |TAMS 0x0000000093300000| PB 0x0000000093300000| Untracked 
| 308|0x0000000093400000, 0x0000000093400000, 0x0000000093500000|  0%| F|  |TAMS 0x0000000093400000| PB 0x0000000093400000| Untracked 
| 309|0x0000000093500000, 0x0000000093500000, 0x0000000093600000|  0%| F|  |TAMS 0x0000000093500000| PB 0x0000000093500000| Untracked 
| 310|0x0000000093600000, 0x0000000093600000, 0x0000000093700000|  0%| F|  |TAMS 0x0000000093600000| PB 0x0000000093600000| Untracked 
| 311|0x0000000093700000, 0x0000000093700000, 0x0000000093800000|  0%| F|  |TAMS 0x0000000093700000| PB 0x0000000093700000| Untracked 
| 312|0x0000000093800000, 0x0000000093800000, 0x0000000093900000|  0%| F|  |TAMS 0x0000000093800000| PB 0x0000000093800000| Untracked 
| 313|0x0000000093900000, 0x0000000093900000, 0x0000000093a00000|  0%| F|  |TAMS 0x0000000093900000| PB 0x0000000093900000| Untracked 
| 314|0x0000000093a00000, 0x0000000093a00000, 0x0000000093b00000|  0%| F|  |TAMS 0x0000000093a00000| PB 0x0000000093a00000| Untracked 
| 315|0x0000000093b00000, 0x0000000093b00000, 0x0000000093c00000|  0%| F|  |TAMS 0x0000000093b00000| PB 0x0000000093b00000| Untracked 
| 316|0x0000000093c00000, 0x0000000093c00000, 0x0000000093d00000|  0%| F|  |TAMS 0x0000000093c00000| PB 0x0000000093c00000| Untracked 
| 317|0x0000000093d00000, 0x0000000093e00000, 0x0000000093e00000|100%| E|CS|TAMS 0x0000000093d00000| PB 0x0000000093d00000| Complete 
|2015|0x00000000fdf00000, 0x00000000fdfde390, 0x00000000fe000000| 86%| O|  |TAMS 0x00000000fdf00000| PB 0x00000000fdf00000| Untracked 
|2016|0x00000000fe000000, 0x00000000fe100000, 0x00000000fe100000|100%| O|  |TAMS 0x00000000fe000000| PB 0x00000000fe000000| Untracked 
|2017|0x00000000fe100000, 0x00000000fe200000, 0x00000000fe200000|100%| O|  |TAMS 0x00000000fe100000| PB 0x00000000fe100000| Untracked 
|2018|0x00000000fe200000, 0x00000000fe300000, 0x00000000fe300000|100%| O|  |TAMS 0x00000000fe200000| PB 0x00000000fe200000| Untracked 
|2019|0x00000000fe300000, 0x00000000fe400000, 0x00000000fe400000|100%| O|  |TAMS 0x00000000fe300000| PB 0x00000000fe300000| Untracked 
|2020|0x00000000fe400000, 0x00000000fe500000, 0x00000000fe500000|100%| O|  |TAMS 0x00000000fe400000| PB 0x00000000fe400000| Untracked 
|2021|0x00000000fe500000, 0x00000000fe600000, 0x00000000fe600000|100%| O|  |TAMS 0x00000000fe500000| PB 0x00000000fe500000| Untracked 
|2022|0x00000000fe600000, 0x00000000fe700000, 0x00000000fe700000|100%| O|  |TAMS 0x00000000fe600000| PB 0x00000000fe600000| Untracked 
|2023|0x00000000fe700000, 0x00000000fe800000, 0x00000000fe800000|100%| O|  |TAMS 0x00000000fe700000| PB 0x00000000fe700000| Untracked 
|2024|0x00000000fe800000, 0x00000000fe900000, 0x00000000fe900000|100%| O|  |TAMS 0x00000000fe900000| PB 0x00000000fe900000| Updating 
|2025|0x00000000fe900000, 0x00000000fea00000, 0x00000000fea00000|100%| O|  |TAMS 0x00000000fea00000| PB 0x00000000fea00000| Updating 
|2026|0x00000000fea00000, 0x00000000feb00000, 0x00000000feb00000|100%| O|  |TAMS 0x00000000feb00000| PB 0x00000000feb00000| Updating 
|2027|0x00000000feb00000, 0x00000000fec00000, 0x00000000fec00000|100%| O|  |TAMS 0x00000000fec00000| PB 0x00000000fec00000| Untracked 
|2028|0x00000000fec00000, 0x00000000fed00000, 0x00000000fed00000|100%| O|  |TAMS 0x00000000fed00000| PB 0x00000000fed00000| Untracked 
|2029|0x00000000fed00000, 0x00000000fee00000, 0x00000000fee00000|100%| O|  |TAMS 0x00000000fee00000| PB 0x00000000fee00000| Untracked 
|2030|0x00000000fee00000, 0x00000000fef00000, 0x00000000fef00000|100%| O|  |TAMS 0x00000000fef00000| PB 0x00000000fef00000| Untracked 
|2031|0x00000000fef00000, 0x00000000ff000000, 0x00000000ff000000|100%| E|CS|TAMS 0x00000000fef00000| PB 0x00000000fef00000| Complete 
|2032|0x00000000ff000000, 0x00000000ff100000, 0x00000000ff100000|100%| E|CS|TAMS 0x00000000ff000000| PB 0x00000000ff000000| Complete 
|2033|0x00000000ff100000, 0x00000000ff200000, 0x00000000ff200000|100%| E|CS|TAMS 0x00000000ff100000| PB 0x00000000ff100000| Complete 
|2034|0x00000000ff200000, 0x00000000ff300000, 0x00000000ff300000|100%| E|CS|TAMS 0x00000000ff200000| PB 0x00000000ff200000| Complete 
|2035|0x00000000ff300000, 0x00000000ff400000, 0x00000000ff400000|100%| E|CS|TAMS 0x00000000ff300000| PB 0x00000000ff300000| Complete 
|2036|0x00000000ff400000, 0x00000000ff500000, 0x00000000ff500000|100%| E|CS|TAMS 0x00000000ff400000| PB 0x00000000ff400000| Complete 
|2037|0x00000000ff500000, 0x00000000ff600000, 0x00000000ff600000|100%| O|  |TAMS 0x00000000ff600000| PB 0x00000000ff600000| Updating 
|2038|0x00000000ff600000, 0x00000000ff700000, 0x00000000ff700000|100%| E|CS|TAMS 0x00000000ff600000| PB 0x00000000ff600000| Complete 
|2039|0x00000000ff700000, 0x00000000ff800000, 0x00000000ff800000|100%| O|  |TAMS 0x00000000ff800000| PB 0x00000000ff800000| Untracked 
|2040|0x00000000ff800000, 0x00000000ff900000, 0x00000000ff900000|100%| O|  |TAMS 0x00000000ff900000| PB 0x00000000ff900000| Updating 
|2041|0x00000000ff900000, 0x00000000ffa00000, 0x00000000ffa00000|100%| O|  |TAMS 0x00000000ffa00000| PB 0x00000000ffa00000| Updating 
|2042|0x00000000ffa00000, 0x00000000ffb00000, 0x00000000ffb00000|100%| O|  |TAMS 0x00000000ffb00000| PB 0x00000000ffb00000| Untracked 
|2043|0x00000000ffb00000, 0x00000000ffc00000, 0x00000000ffc00000|100%| O|  |TAMS 0x00000000ffc00000| PB 0x00000000ffc00000| Updating 
|2044|0x00000000ffc00000, 0x00000000ffd00000, 0x00000000ffd00000|100%| O|  |TAMS 0x00000000ffd00000| PB 0x00000000ffd00000| Untracked 
|2045|0x00000000ffd00000, 0x00000000ffe00000, 0x00000000ffe00000|100%| O|  |TAMS 0x00000000ffe00000| PB 0x00000000ffe00000| Untracked 
|2046|0x00000000ffe00000, 0x00000000fff00000, 0x00000000fff00000|100%| O|  |TAMS 0x00000000fff00000| PB 0x00000000fff00000| Untracked 
|2047|0x00000000fff00000, 0x0000000100000000, 0x0000000100000000|100%| O|  |TAMS 0x0000000100000000| PB 0x0000000100000000| Updating 

Card table byte_map: [0x00000152b73d0000,0x00000152b77d0000] _byte_map_base: 0x00000152b6fd0000

Marking Bits: (CMBitMap*) 0x00000152a25ce5d0
 Bits: [0x00000152b77d0000, 0x00000152b97d0000)

Polling page: 0x00000152a2760000

Metaspace:

Usage:
  Non-class:    124.92 MB used.
      Class:     20.51 MB used.
       Both:    145.43 MB used.

Virtual space:
  Non-class space:      128.00 MB reserved,     126.12 MB ( 99%) committed,  2 nodes.
      Class space:        1.00 GB reserved,      21.69 MB (  2%) committed,  1 nodes.
             Both:        1.12 GB reserved,     147.81 MB ( 13%) committed. 

Chunk freelists:
   Non-Class:  1.89 MB
       Class:  10.34 MB
        Both:  12.23 MB

MaxMetaspaceSize: unlimited
CompressedClassSpaceSize: 1.00 GB
Initial GC threshold: 21.00 MB
Current GC threshold: 242.94 MB
CDS: off
 - commit_granule_bytes: 65536.
 - commit_granule_words: 8192.
 - virtual_space_node_default_size: 8388608.
 - enlarge_chunks_in_place: 1.
 - use_allocation_guard: 0.


Internal statistics:

num_allocs_failed_limit: 9.
num_arena_births: 4902.
num_arena_deaths: 2.
num_vsnodes_births: 3.
num_vsnodes_deaths: 0.
num_space_committed: 2366.
num_space_uncommitted: 2.
num_chunks_returned_to_freelist: 30.
num_chunks_taken_from_freelist: 11341.
num_chunk_merges: 10.
num_chunk_splits: 7472.
num_chunks_enlarged: 4809.
num_inconsistent_stats: 0.

CodeHeap 'non-profiled nmethods': size=120000Kb used=10314Kb max_used=10656Kb free=109685Kb
 bounds [0x00000152af550000, 0x00000152affc0000, 0x00000152b6a80000]
CodeHeap 'profiled nmethods': size=120000Kb used=32080Kb max_used=32985Kb free=87919Kb
 bounds [0x00000152a7a80000, 0x00000152a9ac0000, 0x00000152aefb0000]
CodeHeap 'non-nmethods': size=5760Kb used=2082Kb max_used=2149Kb free=3677Kb
 bounds [0x00000152aefb0000, 0x00000152af220000, 0x00000152af550000]
CodeCache: size=245760Kb, used=44476Kb, max_used=45790Kb, free=201281Kb
 total_blobs=17623, nmethods=16671, adapters=853, full_count=0
Compilation: enabled, stopped_count=0, restarted_count=0

Compilation events (20 events):
Event: 21.506 Thread 0x00000152bc5da530 nmethod 19588 0x00000152affb1e10 code [0x00000152affb20a0, 0x00000152affb2c70]
Event: 21.506 Thread 0x00000152bc5da530 20844       4       com.android.tools.r8.internal.os2::put (259 bytes)
Event: 21.506 Thread 0x00000152bc5db2d0 20847   !   3       org.gradle.internal.classloader.VisitableURLClassLoader$InstrumentingVisitableURLClassLoader::findClass (36 bytes)
Event: 21.507 Thread 0x00000152bc5db2d0 nmethod 20847 0x00000152a9ab2510 code [0x00000152a9ab2800, 0x00000152a9ab37d0]
Event: 21.514 Thread 0x00000152bc5d2310 nmethod 20475% 0x00000152affb3710 code [0x00000152affb3960, 0x00000152affb4830]
Event: 21.514 Thread 0x00000152bc5d2310 20845       4       com.android.tools.r8.internal.ve0::<init> (49 bytes)
Event: 21.515 Thread 0x00000152bc5d2310 nmethod 20845 0x00000152affb4f90 code [0x00000152affb5120, 0x00000152affb5200]
Event: 21.515 Thread 0x00000152bc5d2310 20846       4       com.android.tools.r8.internal.ms2::hasNext (12 bytes)
Event: 21.515 Thread 0x00000152bc5d2310 nmethod 20846 0x00000152affb5310 code [0x00000152affb54a0, 0x00000152affb5538]
Event: 21.515 Thread 0x00000152bc5d2310 20502 %     4       com.android.tools.r8.dex.z::a @ 150 (880 bytes)
Event: 21.523 Thread 0x00000152bc5db2d0 20851       2       com.android.tools.r8.internal.sl0::hashCode (35 bytes)
Event: 21.523 Thread 0x00000152bc5db2d0 nmethod 20851 0x00000152a9ab3e10 code [0x00000152a9ab3fc0, 0x00000152a9ab4130]
Event: 21.525 Thread 0x00000152bc5da530 nmethod 20844 0x00000152affb5b90 code [0x00000152affb5e60, 0x00000152affb6f50]
Event: 21.525 Thread 0x00000152bc5da530 20848       4       com.android.tools.r8.dex.z::b (36 bytes)
Event: 21.542 Thread 0x00000152bc5db2d0 20855 % !   3       java.util.concurrent.ConcurrentHashMap::clear @ 117 (176 bytes)
Event: 21.542 Thread 0x00000152bc5db2d0 nmethod 20855% 0x00000152a9ab4210 code [0x00000152a9ab4460, 0x00000152a9ab4e70]
Event: 21.542 Thread 0x00000152bc5db2d0 20856   !   3       java.util.concurrent.ConcurrentHashMap::clear (176 bytes)
Event: 21.543 Thread 0x00000152bc5db2d0 nmethod 20856 0x00000152a9ab5210 code [0x00000152a9ab5440, 0x00000152a9ab5ce0]
Event: 21.578 Thread 0x00000152bc5db2d0 20858       3       com.android.tools.r8.internal.n23$$Lambda/0x00000001013364d0::<init> (10 bytes)
Event: 21.578 Thread 0x00000152bc5db2d0 nmethod 20858 0x00000152a9ab6090 code [0x00000152a9ab6240, 0x00000152a9ab63f8]

GC Heap History (20 events):
Event: 18.818 GC heap before
{Heap before GC invocations=60 (full 0):
 garbage-first heap   total 237568K, used 218979K [0x0000000080000000, 0x0000000100000000)
  region size 1024K, 78 young (79872K), 2 survivors (2048K)
 Metaspace       used 142255K, committed 144768K, reserved 1179648K
  class space    used 20132K, committed 21312K, reserved 1048576K
}
Event: 18.820 GC heap after
{Heap after GC invocations=61 (full 0):
 garbage-first heap   total 237568K, used 140318K [0x0000000080000000, 0x0000000100000000)
  region size 1024K, 2 young (2048K), 2 survivors (2048K)
 Metaspace       used 142255K, committed 144768K, reserved 1179648K
  class space    used 20132K, committed 21312K, reserved 1048576K
}
Event: 19.115 GC heap before
{Heap before GC invocations=61 (full 0):
 garbage-first heap   total 237568K, used 223262K [0x0000000080000000, 0x0000000100000000)
  region size 1024K, 83 young (84992K), 2 survivors (2048K)
 Metaspace       used 142412K, committed 144896K, reserved 1179648K
  class space    used 20140K, committed 21312K, reserved 1048576K
}
Event: 19.117 GC heap after
{Heap after GC invocations=62 (full 0):
 garbage-first heap   total 237568K, used 137662K [0x0000000080000000, 0x0000000100000000)
  region size 1024K, 2 young (2048K), 2 survivors (2048K)
 Metaspace       used 142412K, committed 144896K, reserved 1179648K
  class space    used 20140K, committed 21312K, reserved 1048576K
}
Event: 19.420 GC heap before
{Heap before GC invocations=62 (full 0):
 garbage-first heap   total 237568K, used 223678K [0x0000000080000000, 0x0000000100000000)
  region size 1024K, 86 young (88064K), 2 survivors (2048K)
 Metaspace       used 142518K, committed 144960K, reserved 1179648K
  class space    used 20151K, committed 21312K, reserved 1048576K
}
Event: 19.422 GC heap after
{Heap after GC invocations=63 (full 0):
 garbage-first heap   total 237568K, used 137676K [0x0000000080000000, 0x0000000100000000)
  region size 1024K, 2 young (2048K), 2 survivors (2048K)
 Metaspace       used 142518K, committed 144960K, reserved 1179648K
  class space    used 20151K, committed 21312K, reserved 1048576K
}
Event: 19.714 GC heap before
{Heap before GC invocations=64 (full 0):
 garbage-first heap   total 237568K, used 221644K [0x0000000080000000, 0x0000000100000000)
  region size 1024K, 86 young (88064K), 2 survivors (2048K)
 Metaspace       used 142585K, committed 145024K, reserved 1179648K
  class space    used 20159K, committed 21312K, reserved 1048576K
}
Event: 19.716 GC heap after
{Heap after GC invocations=65 (full 0):
 garbage-first heap   total 237568K, used 136214K [0x0000000080000000, 0x0000000100000000)
  region size 1024K, 3 young (3072K), 3 survivors (3072K)
 Metaspace       used 142585K, committed 145024K, reserved 1179648K
  class space    used 20159K, committed 21312K, reserved 1048576K
}
Event: 20.044 GC heap before
{Heap before GC invocations=65 (full 0):
 garbage-first heap   total 237568K, used 223254K [0x0000000080000000, 0x0000000100000000)
  region size 1024K, 88 young (90112K), 3 survivors (3072K)
 Metaspace       used 143469K, committed 145920K, reserved 1179648K
  class space    used 20317K, committed 21504K, reserved 1048576K
}
Event: 20.047 GC heap after
{Heap after GC invocations=66 (full 0):
 garbage-first heap   total 237568K, used 135647K [0x0000000080000000, 0x0000000100000000)
  region size 1024K, 3 young (3072K), 3 survivors (3072K)
 Metaspace       used 143469K, committed 145920K, reserved 1179648K
  class space    used 20317K, committed 21504K, reserved 1048576K
}
Event: 20.731 GC heap before
{Heap before GC invocations=66 (full 0):
 garbage-first heap   total 237568K, used 235999K [0x0000000080000000, 0x0000000100000000)
  region size 1024K, 89 young (91136K), 3 survivors (3072K)
 Metaspace       used 146181K, committed 148672K, reserved 1179648K
  class space    used 20687K, committed 21888K, reserved 1048576K
}
Event: 20.739 GC heap after
{Heap after GC invocations=67 (full 0):
 garbage-first heap   total 248832K, used 151835K [0x0000000080000000, 0x0000000100000000)
  region size 1024K, 9 young (9216K), 9 survivors (9216K)
 Metaspace       used 146181K, committed 148672K, reserved 1179648K
  class space    used 20687K, committed 21888K, reserved 1048576K
}
Event: 20.754 GC heap before
{Heap before GC invocations=67 (full 0):
 garbage-first heap   total 248832K, used 152859K [0x0000000080000000, 0x0000000100000000)
  region size 1024K, 12 young (12288K), 9 survivors (9216K)
 Metaspace       used 146313K, committed 148864K, reserved 1179648K
  class space    used 20709K, committed 21952K, reserved 1048576K
}
Event: 20.759 GC heap after
{Heap after GC invocations=68 (full 0):
 garbage-first heap   total 248832K, used 153682K [0x0000000080000000, 0x0000000100000000)
  region size 1024K, 2 young (2048K), 2 survivors (2048K)
 Metaspace       used 146313K, committed 148864K, reserved 1179648K
  class space    used 20709K, committed 21952K, reserved 1048576K
}
Event: 21.158 GC heap before
{Heap before GC invocations=69 (full 0):
 garbage-first heap   total 309248K, used 262226K [0x0000000080000000, 0x0000000100000000)
  region size 1024K, 78 young (79872K), 2 survivors (2048K)
 Metaspace       used 147516K, committed 149952K, reserved 1179648K
  class space    used 20830K, committed 22016K, reserved 1048576K
}
Event: 21.168 GC heap after
{Heap after GC invocations=70 (full 0):
 garbage-first heap   total 309248K, used 188136K [0x0000000080000000, 0x0000000100000000)
  region size 1024K, 10 young (10240K), 10 survivors (10240K)
 Metaspace       used 147516K, committed 149952K, reserved 1179648K
  class space    used 20830K, committed 22016K, reserved 1048576K
}
Event: 21.357 GC heap before
{Heap before GC invocations=70 (full 0):
 garbage-first heap   total 309248K, used 275176K [0x0000000080000000, 0x0000000100000000)
  region size 1024K, 95 young (97280K), 10 survivors (10240K)
 Metaspace       used 148284K, committed 150784K, reserved 1179648K
  class space    used 20931K, committed 22144K, reserved 1048576K
}
Event: 21.375 GC heap after
{Heap after GC invocations=71 (full 0):
 garbage-first heap   total 314368K, used 212992K [0x0000000080000000, 0x0000000100000000)
  region size 1024K, 12 young (12288K), 12 survivors (12288K)
 Metaspace       used 148284K, committed 150784K, reserved 1179648K
  class space    used 20931K, committed 22144K, reserved 1048576K
}
Event: 21.445 GC heap before
{Heap before GC invocations=71 (full 0):
 garbage-first heap   total 314368K, used 277504K [0x0000000080000000, 0x0000000100000000)
  region size 1024K, 76 young (77824K), 12 survivors (12288K)
 Metaspace       used 148557K, committed 151040K, reserved 1179648K
  class space    used 20954K, committed 22144K, reserved 1048576K
}
Event: 21.466 GC heap after
{Heap after GC invocations=72 (full 0):
 garbage-first heap   total 323584K, used 245624K [0x0000000080000000, 0x0000000100000000)
  region size 1024K, 10 young (10240K), 10 survivors (10240K)
 Metaspace       used 148557K, committed 151040K, reserved 1179648K
  class space    used 20954K, committed 22144K, reserved 1048576K
}

Dll operation events (3 events):
Event: 0.008 Loaded shared library C:\Program Files\Android\Android Studio\jbr\bin\java.dll
Event: 0.013 Loaded shared library C:\Program Files\Android\Android Studio\jbr\bin\zip.dll
Event: 0.537 Loaded shared library C:\Program Files\Android\Android Studio\jbr\bin\verify.dll

Deoptimization events (20 events):
Event: 21.347 Thread 0x00000152c824c210 DEOPT PACKING pc=0x00000152a93d86c4 sp=0x00000020cfefeb80
Event: 21.347 Thread 0x00000152c824bb80 DEOPT PACKING pc=0x00000152a93d86c4 sp=0x00000020d02fed60
Event: 21.347 Thread 0x00000152c824bb80 DEOPT UNPACKING pc=0x00000152af004b42 sp=0x00000020d02fe258 mode 0
Event: 21.348 Thread 0x00000152c824c210 DEOPT UNPACKING pc=0x00000152af004b42 sp=0x00000020cfefe078 mode 0
Event: 21.375 Thread 0x00000152c824a140 DEOPT PACKING pc=0x00000152a93d86c4 sp=0x00000020cfdfe620
Event: 21.375 Thread 0x00000152c824a140 DEOPT UNPACKING pc=0x00000152af004b42 sp=0x00000020cfdfdb18 mode 0
Event: 21.413 Thread 0x00000152c7a9e500 Uncommon trap: trap_request=0xffffffde fr.pc=0x00000152aff64f60 relative=0x0000000000000ba0
Event: 21.413 Thread 0x00000152c7a9e500 Uncommon trap: reason=class_check action=maybe_recompile pc=0x00000152aff64f60 method=org.gradle.tooling.internal.provider.runner.ClientBuildEventGenerator.started(Lorg/gradle/internal/operations/BuildOperationDescriptor;Lorg/gradle/internal/operations/Op
Event: 21.413 Thread 0x00000152c7a9e500 DEOPT PACKING pc=0x00000152aff64f60 sp=0x00000020cfafe110
Event: 21.413 Thread 0x00000152c7a9e500 DEOPT UNPACKING pc=0x00000152af0043a2 sp=0x00000020cfafe0b8 mode 2
Event: 21.495 Thread 0x00000152c7a9e500 Uncommon trap: trap_request=0xffffffde fr.pc=0x00000152af92aed0 relative=0x00000000000002f0
Event: 21.495 Thread 0x00000152c7a9e500 Uncommon trap: reason=class_check action=maybe_recompile pc=0x00000152af92aed0 method=com.google.common.collect.ComparatorOrdering.compare(Ljava/lang/Object;Ljava/lang/Object;)I @ 6 c2
Event: 21.495 Thread 0x00000152c7a9e500 DEOPT PACKING pc=0x00000152af92aed0 sp=0x00000020cfafc840
Event: 21.495 Thread 0x00000152c7a9e500 DEOPT UNPACKING pc=0x00000152af0043a2 sp=0x00000020cfafc7b8 mode 2
Event: 21.495 Thread 0x00000152c824a140 Uncommon trap: trap_request=0xffffff45 fr.pc=0x00000152afbc42a8 relative=0x0000000000000da8
Event: 21.495 Thread 0x00000152c824a140 Uncommon trap: reason=unstable_if action=reinterpret pc=0x00000152afbc42a8 method=com.android.tools.r8.dex.z.h()Lcom/android/tools/r8/graph/q6; @ 47 c2
Event: 21.495 Thread 0x00000152c824a140 DEOPT PACKING pc=0x00000152afbc42a8 sp=0x00000020cfdfe6e0
Event: 21.495 Thread 0x00000152c824a140 DEOPT UNPACKING pc=0x00000152af0043a2 sp=0x00000020cfdfe690 mode 2
Event: 21.519 Thread 0x00000152c824a140 DEOPT PACKING pc=0x00000152a92edd38 sp=0x00000020cfdfe600
Event: 21.519 Thread 0x00000152c824a140 DEOPT UNPACKING pc=0x00000152af004b42 sp=0x00000020cfdfdb20 mode 0

Classes loaded (20 events):
Event: 21.256 Loading class java/util/AbstractList$SubList done
Event: 21.256 Loading class java/util/AbstractList$RandomAccessSubList done
Event: 21.256 Loading class java/util/AbstractList$SubList$1
Event: 21.257 Loading class java/util/AbstractList$SubList$1 done
Event: 21.272 Loading class java/nio/HeapShortBuffer
Event: 21.273 Loading class java/nio/HeapShortBuffer done
Event: 21.520 Loading class java/util/concurrent/Executors$DelegatedScheduledExecutorService
Event: 21.520 Loading class java/util/concurrent/Executors$DelegatedExecutorService
Event: 21.520 Loading class java/util/concurrent/Executors$DelegatedExecutorService done
Event: 21.520 Loading class java/util/concurrent/Executors$DelegatedScheduledExecutorService done
Event: 21.523 Loading class java/lang/ProcessImpl
Event: 21.524 Loading class java/lang/ProcessImpl done
Event: 21.538 Loading class java/lang/ProcessHandleImpl
Event: 21.539 Loading class java/lang/ProcessHandleImpl done
Event: 21.539 Loading class java/lang/ProcessImpl$2
Event: 21.539 Loading class java/lang/ProcessImpl$2 done
Event: 21.539 Loading class java/lang/Process$PipeInputStream
Event: 21.539 Loading class java/lang/Process$PipeInputStream done
Event: 21.542 Loading class jdk/internal/event/ProcessStartEvent
Event: 21.542 Loading class jdk/internal/event/ProcessStartEvent done

Classes unloaded (20 events):
Event: 18.095 Thread 0x00000152bc50f030 Unloading class 0x0000000101237478 'jdk/internal/jimage/ImageHeader'
Event: 18.095 Thread 0x00000152bc50f030 Unloading class 0x0000000101237210 'jdk/internal/jimage/BasicImageReader$2'
Event: 18.095 Thread 0x00000152bc50f030 Unloading class 0x0000000101236fa8 'jdk/internal/jimage/BasicImageReader$1'
Event: 18.095 Thread 0x00000152bc50f030 Unloading class 0x0000000101236d08 'jdk/internal/jimage/ImageReader$Resource'
Event: 18.095 Thread 0x00000152bc50f030 Unloading class 0x0000000101236a68 'jdk/internal/jimage/ImageReader$LinkNode'
Event: 18.095 Thread 0x00000152bc50f030 Unloading class 0x00000001012367c8 'jdk/internal/jimage/ImageReader$Directory'
Event: 18.095 Thread 0x00000152bc50f030 Unloading class 0x0000000101236528 'jdk/internal/jimage/ImageReader$Node'
Event: 18.095 Thread 0x00000152bc50f030 Unloading class 0x00000001012362f8 'jdk/internal/jimage/ImageStrings'
Event: 18.095 Thread 0x00000152bc50f030 Unloading class 0x0000000101236000 'jdk/internal/jimage/ImageReader$SharedImageReader'
Event: 18.095 Thread 0x00000152bc50f030 Unloading class 0x0000000101235be0 'jdk/internal/jimage/BasicImageReader'
Event: 18.095 Thread 0x00000152bc50f030 Unloading class 0x0000000101235988 'jdk/internal/jimage/ImageReader'
Event: 18.095 Thread 0x00000152bc50f030 Unloading class 0x0000000101235728 'jdk/internal/jrtfs/SystemImage$2'
Event: 18.095 Thread 0x00000152bc50f030 Unloading class 0x00000001012354d8 'jdk/internal/jrtfs/SystemImage$$Lambda+0x00000001012354d8'
Event: 18.095 Thread 0x00000152bc50f030 Unloading class 0x0000000101235270 'jdk/internal/jrtfs/ExplodedImage'
Event: 18.095 Thread 0x00000152bc50f030 Unloading class 0x0000000101235000 'jdk/internal/jrtfs/SystemImage$1'
Event: 18.095 Thread 0x00000152bc50f030 Unloading class 0x0000000101234ca0 'jdk/internal/jrtfs/SystemImage'
Event: 18.095 Thread 0x00000152bc50f030 Unloading class 0x0000000101234a08 'jdk/internal/jrtfs/JrtFileStore'
Event: 18.095 Thread 0x00000152bc50f030 Unloading class 0x0000000101234658 'jdk/internal/jrtfs/JrtPath'
Event: 18.095 Thread 0x00000152bc50f030 Unloading class 0x0000000101234328 'jdk/internal/jrtfs/JrtFileSystem'
Event: 18.095 Thread 0x00000152bc50f030 Unloading class 0x0000000101234000 'jdk/internal/jrtfs/JrtFileSystemProvider'

Classes redefined (0 events):
No events

Internal exceptions (20 events):
Event: 21.515 Thread 0x00000152c7a9e500 Exception <a 'sun/nio/fs/WindowsException'{0x0000000090a26f50}> (0x0000000090a26f50) 
thrown [s\src\hotspot\share\prims\jni.cpp, line 537]
Event: 21.516 Thread 0x00000152c7a9e500 Exception <a 'sun/nio/fs/WindowsException'{0x0000000090ac1020}> (0x0000000090ac1020) 
thrown [s\src\hotspot\share\prims\jni.cpp, line 537]
Event: 21.518 Thread 0x00000152c3069840 Exception <a 'sun/nio/fs/WindowsException'{0x0000000090aae3a0}> (0x0000000090aae3a0) 
thrown [s\src\hotspot\share\prims\jni.cpp, line 537]
Event: 21.518 Thread 0x00000152c7a9e500 Exception <a 'sun/nio/fs/WindowsException'{0x000000009092ee40}> (0x000000009092ee40) 
thrown [s\src\hotspot\share\prims\jni.cpp, line 537]
Event: 21.518 Thread 0x00000152c7a9e500 Exception <a 'sun/nio/fs/WindowsException'{0x0000000090936e30}> (0x0000000090936e30) 
thrown [s\src\hotspot\share\prims\jni.cpp, line 537]
Event: 21.518 Thread 0x00000152c7a9e500 Exception <a 'sun/nio/fs/WindowsException'{0x000000009096cd10}> (0x000000009096cd10) 
thrown [s\src\hotspot\share\prims\jni.cpp, line 537]
Event: 21.519 Thread 0x00000152c7a9e500 Exception <a 'sun/nio/fs/WindowsException'{0x000000009099f2d0}> (0x000000009099f2d0) 
thrown [s\src\hotspot\share\prims\jni.cpp, line 537]
Event: 21.520 Thread 0x00000152c7a9e500 Exception <a 'sun/nio/fs/WindowsException'{0x00000000909a7590}> (0x00000000909a7590) 
thrown [s\src\hotspot\share\prims\jni.cpp, line 537]
Event: 21.520 Thread 0x00000152c7a9e500 Exception <a 'sun/nio/fs/WindowsException'{0x00000000909de208}> (0x00000000909de208) 
thrown [s\src\hotspot\share\prims\jni.cpp, line 537]
Event: 21.521 Thread 0x00000152c7a9e500 Exception <a 'sun/nio/fs/WindowsException'{0x00000000909e5320}> (0x00000000909e5320) 
thrown [s\src\hotspot\share\prims\jni.cpp, line 537]
Event: 21.521 Thread 0x00000152c7a9e500 Exception <a 'sun/nio/fs/WindowsException'{0x0000000090838760}> (0x0000000090838760) 
thrown [s\src\hotspot\share\prims\jni.cpp, line 537]
Event: 21.522 Thread 0x00000152c7a9e500 Exception <a 'sun/nio/fs/WindowsException'{0x000000009086fff0}> (0x000000009086fff0) 
thrown [s\src\hotspot\share\prims\jni.cpp, line 537]
Event: 21.522 Thread 0x00000152c7a9e500 Exception <a 'sun/nio/fs/WindowsException'{0x0000000090878240}> (0x0000000090878240) 
thrown [s\src\hotspot\share\prims\jni.cpp, line 537]
Event: 21.523 Thread 0x00000152c7a9e500 Exception <a 'sun/nio/fs/WindowsException'{0x0000000090894ff8}> (0x0000000090894ff8) 
thrown [s\src\hotspot\share\prims\jni.cpp, line 537]
Event: 21.538 Thread 0x00000152c7a9e500 Exception <a 'java/lang/NoSuchMethodError'{0x00000000908d0be8}: 'void java.lang.invoke.DirectMethodHandle$Holder.invokeStatic(java.lang.Object, long)'> (0x00000000908d0be8) 
thrown [s\src\hotspot\share\interpreter\linkResolver.cpp, line 784]
Event: 21.543 Thread 0x00000152c7a9e500 Exception <a 'sun/nio/fs/WindowsException'{0x000000009038a368}> (0x000000009038a368) 
thrown [s\src\hotspot\share\prims\jni.cpp, line 537]
Event: 21.544 Thread 0x00000152c7a9e500 Exception <a 'sun/nio/fs/WindowsException'{0x00000000903914f8}> (0x00000000903914f8) 
thrown [s\src\hotspot\share\prims\jni.cpp, line 537]
Event: 21.545 Thread 0x00000152c7a9e500 Exception <a 'sun/nio/fs/WindowsException'{0x0000000090399448}> (0x0000000090399448) 
thrown [s\src\hotspot\share\prims\jni.cpp, line 537]
Event: 21.545 Thread 0x00000152c7a9e500 Exception <a 'sun/nio/fs/WindowsException'{0x00000000903a1978}> (0x00000000903a1978) 
thrown [s\src\hotspot\share\prims\jni.cpp, line 537]
Event: 21.546 Thread 0x00000152c7a9e500 Exception <a 'sun/nio/fs/WindowsException'{0x0000000090205d08}> (0x0000000090205d08) 
thrown [s\src\hotspot\share\prims\jni.cpp, line 537]

ZGC Phase Switch (0 events):
No events

VM Operations (20 events):
Event: 20.768 Executing non-safepoint VM operation: HandshakeAllThreads (Deoptimize) done
Event: 20.845 Executing safepoint VM operation: G1PauseRemark
Event: 21.000 Executing safepoint VM operation: G1PauseRemark done
Event: 21.029 Executing safepoint VM operation: G1PauseCleanup
Event: 21.029 Executing safepoint VM operation: G1PauseCleanup done
Event: 21.157 Executing safepoint VM operation: G1CollectForAllocation (G1 Evacuation Pause)
Event: 21.168 Executing safepoint VM operation: G1CollectForAllocation (G1 Evacuation Pause) done
Event: 21.275 Executing non-safepoint VM operation: HandshakeAllThreads (Deoptimize)
Event: 21.276 Executing non-safepoint VM operation: HandshakeAllThreads (Deoptimize) done
Event: 21.278 Executing non-safepoint VM operation: HandshakeAllThreads (Deoptimize)
Event: 21.278 Executing non-safepoint VM operation: HandshakeAllThreads (Deoptimize) done
Event: 21.346 Executing non-safepoint VM operation: HandshakeAllThreads (Deoptimize)
Event: 21.357 Executing non-safepoint VM operation: HandshakeAllThreads (Deoptimize) done
Event: 21.357 Executing safepoint VM operation: G1CollectForAllocation (G1 Evacuation Pause)
Event: 21.375 Executing safepoint VM operation: G1CollectForAllocation (G1 Evacuation Pause) done
Event: 21.445 Executing safepoint VM operation: G1CollectForAllocation (G1 Evacuation Pause)
Event: 21.466 Executing safepoint VM operation: G1CollectForAllocation (G1 Evacuation Pause) done
Event: 21.542 Executing non-safepoint VM operation: HandshakeAllThreads (Deoptimize)
Event: 21.542 Executing non-safepoint VM operation: HandshakeAllThreads (Deoptimize) done
Event: 21.579 Executing safepoint VM operation: G1PauseRemark

Memory protections (0 events):
No events

Nmethod flushes (20 events):
Event: 21.584 Thread 0x00000152bc50f030 flushing  nmethod 0x00000152a8b5dd90
Event: 21.584 Thread 0x00000152bc50f030 flushing  nmethod 0x00000152a8e08210
Event: 21.584 Thread 0x00000152bc50f030 flushing  nmethod 0x00000152a8fa3610
Event: 21.584 Thread 0x00000152bc50f030 flushing  nmethod 0x00000152a900e190
Event: 21.584 Thread 0x00000152bc50f030 flushing  nmethod 0x00000152a905e290
Event: 21.584 Thread 0x00000152bc50f030 flushing  nmethod 0x00000152a918d590
Event: 21.584 Thread 0x00000152bc50f030 flushing  nmethod 0x00000152a918dc10
Event: 21.584 Thread 0x00000152bc50f030 flushing  nmethod 0x00000152a918e890
Event: 21.584 Thread 0x00000152bc50f030 flushing  nmethod 0x00000152a918ec10
Event: 21.584 Thread 0x00000152bc50f030 flushing  nmethod 0x00000152a9193990
Event: 21.584 Thread 0x00000152bc50f030 flushing  nmethod 0x00000152a9194410
Event: 21.584 Thread 0x00000152bc50f030 flushing  nmethod 0x00000152a928c510
Event: 21.584 Thread 0x00000152bc50f030 flushing  nmethod 0x00000152a928cb10
Event: 21.584 Thread 0x00000152bc50f030 flushing  nmethod 0x00000152a928d710
Event: 21.584 Thread 0x00000152bc50f030 flushing  nmethod 0x00000152a928e810
Event: 21.584 Thread 0x00000152bc50f030 flushing  nmethod 0x00000152a931ea10
Event: 21.584 Thread 0x00000152bc50f030 flushing  nmethod 0x00000152a933a590
Event: 21.584 Thread 0x00000152bc50f030 flushing  nmethod 0x00000152a9369090
Event: 21.584 Thread 0x00000152bc50f030 flushing  nmethod 0x00000152a98c6090
Event: 21.584 Thread 0x00000152bc50f030 flushing  nmethod 0x00000152a98c6b10

Events (20 events):
Event: 20.467 Thread 0x00000152c7a9f8b0 Thread added: 0x00000152c5e60fe0
Event: 20.528 Thread 0x00000152c5e60fe0 Thread added: 0x00000152c5e602c0
Event: 20.528 Thread 0x00000152c5e60fe0 Thread added: 0x00000152c5e5fc30
Event: 21.112 Thread 0x00000152c8d50370 Thread added: 0x00000152c7a9e500
Event: 21.251 Thread 0x00000152c5e602c0 Thread added: 0x00000152c7aa0c60
Event: 21.251 Thread 0x00000152c5e602c0 Thread added: 0x00000152c7a9de70
Event: 21.251 Thread 0x00000152c7aa0c60 Thread added: 0x00000152c824a140
Event: 21.251 Thread 0x00000152c7a9de70 Thread added: 0x00000152c824c210
Event: 21.251 Thread 0x00000152c824a140 Thread added: 0x00000152c8249ab0
Event: 21.251 Thread 0x00000152c824c210 Thread added: 0x00000152c824ae60
Event: 21.251 Thread 0x00000152c8249ab0 Thread added: 0x00000152c824b4f0
Event: 21.252 Thread 0x00000152c824ae60 Thread added: 0x00000152c824bb80
Event: 21.252 Thread 0x00000152c824b4f0 Thread added: 0x00000152c8248d90
Event: 21.252 Thread 0x00000152c824bb80 Thread added: 0x00000152c824cf30
Event: 21.252 Thread 0x00000152c8248d90 Thread added: 0x00000152c824f000
Event: 21.252 Thread 0x00000152c824cf30 Thread added: 0x00000152c824c8a0
Event: 21.412 Thread 0x00000152c8d50370 Thread added: 0x00000152c82503b0
Event: 21.521 Thread 0x00000152c7a9e500 Thread added: 0x00000152c824f690
Event: 21.546 Thread 0x00000152c7a9e500 Thread added: 0x00000152c824e2e0
Event: 21.546 Thread 0x00000152c7a9e500 Thread added: 0x00000152c824fd20


Dynamic libraries:
0x00007ff6b7d10000 - 0x00007ff6b7d1a000 	C:\Program Files\Android\Android Studio\jbr\bin\java.exe
0x00007ffba3ba0000 - 0x00007ffba3e07000 	C:\WINDOWS\SYSTEM32\ntdll.dll
0x00007ffba2340000 - 0x00007ffba2409000 	C:\WINDOWS\System32\KERNEL32.DLL
0x00007ffba0990000 - 0x00007ffba0d87000 	C:\WINDOWS\System32\KERNELBASE.dll
0x00007ffba0840000 - 0x00007ffba098b000 	C:\WINDOWS\System32\ucrtbase.dll
0x00007ffb8ec20000 - 0x00007ffb8ec3b000 	C:\Program Files\Android\Android Studio\jbr\bin\VCRUNTIME140.dll
0x00007ffb6ad50000 - 0x00007ffb6ad68000 	C:\Program Files\Android\Android Studio\jbr\bin\jli.dll
0x00007ffba24e0000 - 0x00007ffba26a6000 	C:\WINDOWS\System32\USER32.dll
0x00007ffba0d90000 - 0x00007ffba0db7000 	C:\WINDOWS\System32\win32u.dll
0x00007ffb8b1f0000 - 0x00007ffb8b482000 	C:\WINDOWS\WinSxS\amd64_microsoft.windows.common-controls_6595b64144ccf1df_6.0.26100.8457_none_3e0b2faee331e92d\COMCTL32.dll
0x00007ffba1cc0000 - 0x00007ffba1ceb000 	C:\WINDOWS\System32\GDI32.dll
0x00007ffba1cf0000 - 0x00007ffba1d99000 	C:\WINDOWS\System32\msvcrt.dll
0x00007ffba05d0000 - 0x00007ffba06fc000 	C:\WINDOWS\System32\gdi32full.dll
0x00007ffba0790000 - 0x00007ffba0833000 	C:\WINDOWS\System32\msvcp_win.dll
0x00007ffba1c80000 - 0x00007ffba1cb2000 	C:\WINDOWS\System32\IMM32.DLL
0x00007ffb9b8c0000 - 0x00007ffb9b8cc000 	C:\Program Files\Android\Android Studio\jbr\bin\vcruntime140_1.dll
0x00007ffb1c720000 - 0x00007ffb1c7ad000 	C:\Program Files\Android\Android Studio\jbr\bin\msvcp140.dll
0x00007ffae7e30000 - 0x00007ffae8ac6000 	C:\Program Files\Android\Android Studio\jbr\bin\server\jvm.dll
0x00007ffba2970000 - 0x00007ffba2a26000 	C:\WINDOWS\System32\ADVAPI32.dll
0x00007ffba2290000 - 0x00007ffba2337000 	C:\WINDOWS\System32\sechost.dll
0x00007ffba26e0000 - 0x00007ffba27f8000 	C:\WINDOWS\System32\RPCRT4.dll
0x00007ffba2200000 - 0x00007ffba2280000 	C:\WINDOWS\System32\WS2_32.dll
0x00007ffba0450000 - 0x00007ffba04ae000 	C:\WINDOWS\SYSTEM32\POWRPROF.dll
0x00007ffb982a0000 - 0x00007ffb982ab000 	C:\WINDOWS\SYSTEM32\VERSION.dll
0x00007ffb98260000 - 0x00007ffb98296000 	C:\WINDOWS\SYSTEM32\WINMM.dll
0x00007ffba0430000 - 0x00007ffba0444000 	C:\WINDOWS\SYSTEM32\UMPDC.dll
0x00007ffb9f330000 - 0x00007ffb9f34b000 	C:\WINDOWS\SYSTEM32\kernel.appcore.dll
0x00007ffb91d40000 - 0x00007ffb91d4a000 	C:\Program Files\Android\Android Studio\jbr\bin\jimage.dll
0x00007ffb9e600000 - 0x00007ffb9e842000 	C:\WINDOWS\SYSTEM32\DBGHELP.DLL
0x00007ffba37c0000 - 0x00007ffba3b43000 	C:\WINDOWS\System32\combase.dll
0x00007ffba2800000 - 0x00007ffba28d9000 	C:\WINDOWS\System32\OLEAUT32.dll
0x00007ffb78af0000 - 0x00007ffb78b2b000 	C:\WINDOWS\SYSTEM32\dbgcore.DLL
0x00007ffba0f40000 - 0x00007ffba0fe8000 	C:\WINDOWS\System32\bcryptPrimitives.dll
0x00007ffb6ad40000 - 0x00007ffb6ad4e000 	C:\Program Files\Android\Android Studio\jbr\bin\instrument.dll
0x00007ffb8ec00000 - 0x00007ffb8ec20000 	C:\Program Files\Android\Android Studio\jbr\bin\java.dll
0x00007ffb8ebe0000 - 0x00007ffb8ebf8000 	C:\Program Files\Android\Android Studio\jbr\bin\zip.dll
0x00007ffba2fb0000 - 0x00007ffba371e000 	C:\WINDOWS\System32\SHELL32.dll
0x00007ffba10b0000 - 0x00007ffba191c000 	C:\WINDOWS\System32\windows.storage.dll
0x00007ffba1e60000 - 0x00007ffba1f56000 	C:\WINDOWS\System32\SHCORE.dll
0x00007ffba2f40000 - 0x00007ffba2fa6000 	C:\WINDOWS\System32\shlwapi.dll
0x00007ffba04f0000 - 0x00007ffba0519000 	C:\WINDOWS\SYSTEM32\profapi.dll
0x00007ffb8ebd0000 - 0x00007ffb8ebe0000 	C:\Program Files\Android\Android Studio\jbr\bin\net.dll
0x00007ffb99540000 - 0x00007ffb99669000 	C:\WINDOWS\SYSTEM32\WINHTTP.dll
0x00007ffb9f8b0000 - 0x00007ffb9f91c000 	C:\WINDOWS\system32\mswsock.dll
0x00007ffb8ebb0000 - 0x00007ffb8ebc6000 	C:\Program Files\Android\Android Studio\jbr\bin\nio.dll
0x00007ffb8e670000 - 0x00007ffb8e680000 	C:\Program Files\Android\Android Studio\jbr\bin\verify.dll
0x00007ffb5c750000 - 0x00007ffb5c777000 	C:\Users\Anselmus\.gradle\native\660c5614fbf4a5f2a75b1949f50a0caf5cd603558e7d8a26e50b933a0cfb79d1\windows-amd64\native-platform.dll
0x00007ffb1f910000 - 0x00007ffb1f987000 	C:\Users\Anselmus\.gradle\native\0.2.8\x86_64-windows-gnu\gradle-fileevents.dll
0x00007ffb8e6c0000 - 0x00007ffb8e6c9000 	C:\Program Files\Android\Android Studio\jbr\bin\management.dll
0x00007ffb8e6b0000 - 0x00007ffb8e6bb000 	C:\Program Files\Android\Android Studio\jbr\bin\management_ext.dll
0x00007ffba1c70000 - 0x00007ffba1c78000 	C:\WINDOWS\System32\PSAPI.DLL
0x00007ffb9ed10000 - 0x00007ffb9ed42000 	C:\WINDOWS\SYSTEM32\IPHLPAPI.DLL
0x00007ffba37b0000 - 0x00007ffba37ba000 	C:\WINDOWS\System32\NSI.dll
0x00007ffb8eaa0000 - 0x00007ffb8eaa9000 	C:\Program Files\Android\Android Studio\jbr\bin\extnet.dll
0x00007ffb9fbb0000 - 0x00007ffb9fbcb000 	C:\WINDOWS\SYSTEM32\CRYPTSP.dll
0x00007ffb9f290000 - 0x00007ffb9f2c9000 	C:\WINDOWS\system32\rsaenh.dll
0x00007ffb9f980000 - 0x00007ffb9f9b3000 	C:\WINDOWS\SYSTEM32\USERENV.dll
0x00007ffba04c0000 - 0x00007ffba04ea000 	C:\WINDOWS\SYSTEM32\bcrypt.dll
0x00007ffb9fbd0000 - 0x00007ffb9fbdc000 	C:\WINDOWS\SYSTEM32\CRYPTBASE.dll
0x00007ffb5f840000 - 0x00007ffb5f848000 	C:\WINDOWS\system32\wshunix.dll

JVMTI agents:
C:\Users\Anselmus\.gradle\wrapper\dists\gradle-9.4.1-bin\arn2x92ynaizyzdaamcbpbhtj\gradle-9.4.1\lib\agents\gradle-instrumentation-agent-9.4.1.jar path:C:\Program Files\Android\Android Studio\jbr\bin\instrument.dll, loaded, initialized, instrumentlib options:none

dbghelp: loaded successfully - version: 4.0.5 - missing functions: none
symbol engine: initialized successfully - sym options: 0x614 - pdb path: .;C:\Program Files\Android\Android Studio\jbr\bin;C:\WINDOWS\SYSTEM32;C:\WINDOWS\WinSxS\amd64_microsoft.windows.common-controls_6595b64144ccf1df_6.0.26100.8457_none_3e0b2faee331e92d;C:\Program Files\Android\Android Studio\jbr\bin\server;C:\Users\Anselmus\.gradle\native\660c5614fbf4a5f2a75b1949f50a0caf5cd603558e7d8a26e50b933a0cfb79d1\windows-amd64;C:\Users\Anselmus\.gradle\native\0.2.8\x86_64-windows-gnu

VM Arguments:
jvm_args: --add-opens=java.base/java.lang=ALL-UNNAMED --add-opens=java.base/java.lang.invoke=ALL-UNNAMED --add-opens=java.base/java.util=ALL-UNNAMED --add-opens=java.prefs/java.util.prefs=ALL-UNNAMED --add-exports=jdk.compiler/com.sun.tools.javac.api=ALL-UNNAMED --add-exports=jdk.compiler/com.sun.tools.javac.util=ALL-UNNAMED --add-opens=java.base/java.util=ALL-UNNAMED --add-opens=java.prefs/java.util.prefs=ALL-UNNAMED --add-opens=java.base/java.nio.charset=ALL-UNNAMED --add-opens=java.base/java.net=ALL-UNNAMED --add-opens=java.base/java.util.concurrent=ALL-UNNAMED --add-opens=java.base/java.util.concurrent.atomic=ALL-UNNAMED --add-opens=java.xml/javax.xml.namespace=ALL-UNNAMED --add-opens=java.base/java.time=ALL-UNNAMED -Xmx2048m -Dfile.encoding=UTF-8 -Duser.country=ID -Duser.language=en -Duser.variant -javaagent:C:\Users\Anselmus\.gradle\wrapper\dists\gradle-9.4.1-bin\arn2x92ynaizyzdaamcbpbhtj\gradle-9.4.1\lib\agents\gradle-instrumentation-agent-9.4.1.jar 
java_command: org.gradle.launcher.daemon.bootstrap.GradleDaemon 9.4.1
java_class_path (initial): C:\Users\Anselmus\.gradle\wrapper\dists\gradle-9.4.1-bin\arn2x92ynaizyzdaamcbpbhtj\gradle-9.4.1\lib\gradle-daemon-main-9.4.1.jar
Launcher Type: SUN_STANDARD

[Global flags]
     intx CICompilerCount                          = 4                                         {product} {ergonomic}
     uint ConcGCThreads                            = 3                                         {product} {ergonomic}
     uint G1ConcRefinementThreads                  = 10                                        {product} {ergonomic}
   size_t G1HeapRegionSize                         = 1048576                                   {product} {ergonomic}
    uintx GCDrainStackTargetSize                   = 64                                        {product} {ergonomic}
   size_t InitialHeapSize                          = 333447168                                 {product} {ergonomic}
   size_t MarkStackSize                            = 4194304                                   {product} {ergonomic}
   size_t MaxHeapSize                              = 2147483648                                {product} {command line}
   size_t MaxNewSize                               = 1287651328                                {product} {ergonomic}
   size_t MinHeapDeltaBytes                        = 1048576                                   {product} {ergonomic}
   size_t MinHeapSize                              = 8388608                                   {product} {ergonomic}
    uintx NonNMethodCodeHeapSize                   = 5839372                                {pd product} {ergonomic}
    uintx NonProfiledCodeHeapSize                  = 122909434                              {pd product} {ergonomic}
    uintx ProfiledCodeHeapSize                     = 122909434                              {pd product} {ergonomic}
    uintx ReservedCodeCacheSize                    = 251658240                              {pd product} {ergonomic}
     bool SegmentedCodeCache                       = true                                      {product} {ergonomic}
   size_t SoftMaxHeapSize                          = 2147483648                             {manageable} {ergonomic}
     bool UseCompressedOops                        = true                           {product lp64_product} {ergonomic}
     bool UseG1GC                                  = true                                      {product} {ergonomic}
     bool UseLargePagesIndividualAllocation        = false                                  {pd product} {ergonomic}

Logging:
Log output configuration:
 #0: stdout all=warning uptime,level,tags foldmultilines=false
 #1: stderr all=off uptime,level,tags foldmultilines=false

Release file:
JAVA_VERSION="21.0.10" 
MODULES="java.base java.compiler java.datatransfer java.xml java.prefs java.desktop java.instrument java.logging java.management java.security.sasl java.naming java.rmi java.management.rmi java.net.http java.scripting java.security.jgss java.transaction.xa java.sql java.sql.rowset java.xml.crypto java.se java.smartcardio jdk.accessibility jdk.internal.jvmstat jdk.attach jdk.charsets jdk.internal.opt jdk.zipfs jdk.compiler jdk.crypto.ec jdk.crypto.cryptoki jdk.dynalink jdk.hotspot.agent jdk.httpserver jdk.internal.ed jdk.internal.le jdk.internal.vm.ci jdk.jartool jdk.javadoc jdk.jcmd jdk.jdeps jdk.jdwp.agent jdk.jdi jdk.jfr jdk.jlink jdk.jsobject jdk.localedata jdk.management jdk.management.agent jdk.management.jfr jdk.naming.dns jdk.naming.rmi jdk.net jdk.sctp jdk.security.auth jdk.security.jgss jdk.unsupported jdk.unsupported.desktop jdk.xml.dom" 
IMPLEMENTOR="JetBrains s.r.o." 
JAVA_RUNTIME_VERSION="21.0.10+-14961533-b1163.108" 
LIBC="default" 
OS_ARCH="x86_64" 
OS_NAME="Windows" 
SOURCE=".:git:1351622c2ff2" 

Environment Variables:
PATH=C:\Program Files\NVIDIA GPU Computing Toolkit\CUDA\v13.2\bin\x64;C:\Program Files\NVIDIA GPU Computing Toolkit\CUDA\v13.2\bin;C:\Program Files (x86)\Common Files\Oracle\Java\java8path;C:\Program Files (x86)\Common Files\Oracle\Java\javapath;C:\Program Files\Eclipse Adoptium\jdk-25.0.2.10-hotspot\bin;C:\Windows\system32;C:\Windows;C:\Windows\System32\Wbem;C:\Windows\System32\WindowsPowerShell\v1.0\;C:\Windows\System32\OpenSSH\;C:\WINDOWS\system32;C:\WINDOWS;C:\WINDOWS\System32\Wbem;C:\WINDOWS\System32\WindowsPowerShell\v1.0\;C:\WINDOWS\System32\OpenSSH\;C:\ProgramData\chocolatey\bin;C:\Program Files (x86)\NVIDIA Corporation\PhysX\Common;C:\MinGW\bin;C:\Program Files\NVIDIA Corporation\NVIDIA App\NvDLISR;C:\Program Files\Git\cmd;C:\Program Files\Docker\Docker\resources\bin;C:\Program Files\nodejs\;C:\Users\Anselmus\AppData\Local\Android\Sdk\platform-tools;C:\Program Files\OpenSSL-Win64;C:\Program Files\CMake\bin;C:\Users\Anselmus\.unsloth\studio\bin;C:\Program Files\NVIDIA GPU Computing Toolkit\CUDA\v13.2\bin;C:\Users\Anselmus\AppData\Local\Programs\Python\Launcher\;C:\Users\Anselmus\AppData\Local\Microsoft\WindowsApps;C:\Users\Anselmus\AppData\Local\Programs\Microsoft VS Code\bin;C:\Users\Anselmus\AppData\Local\spicetify;C:\Program Files\JetBrains\CLion 2024.1.1\bin;C:\Users\Anselmus\Downloads\Programs\mingw-w64-v11.0.0\mingw-w64-v11.0.0\mingw64\bin;C:\Users\Anselmus\AppData\Local\Microsoft\WindowsApps;D:\Ansel\Kuliah\Binus\Semester 3\2. Code - Kuliah\OOP\flutter\bin;C:\1. CODING\Semester 4 - Code\DEX2JAR\dex-tools-2.1;C:\Users\Anselmus\AppData\Roaming\npm;C:\Users\Anselmus\AppData\Local\Packages\PythonSoftwareFoundation.Python.3.13_qbz5n2kfra8p0\LocalCache\local-packages\Python313\Scripts;C:\Users\Anselmus\AppData\Local\Microsoft\WinGet\Packages\astral-sh.uv_Microsoft.Winget.Source_8wekyb3d8bbwe;
USERNAME=Anselmus
OS=Windows_NT
PROCESSOR_IDENTIFIER=AMD64 Family 25 Model 80 Stepping 0, AuthenticAMD
TMP=C:\Users\Anselmus\AppData\Local\Temp
TEMP=C:\Users\Anselmus\AppData\Local\Temp




Periodic native trim disabled

JNI global refs:
JNI global refs: 30, weak refs: 47

JNI global refs memory usage: 835, weak refs: 1465

Process memory usage:
Resident Set Size: 732428K (3% of 20820028K total physical memory with 5988012K free physical memory)

OOME stack traces (most recent first):
Classloader memory used:
Loader org.gradle.internal.classloader.VisitableURLClassLoader$InstrumentingVisitableURLClassLoader: 49804K
Loader org.gradle.internal.classloader.VisitableURLClassLoader                         : 45733K
Loader bootstrap                                                                       : 30191K
Loader org.gradle.initialization.MixInLegacyTypesClassLoader                           : 13700K
Loader jdk.internal.loader.ClassLoaders$AppClassLoader                                 : 8053K
Loader jdk.internal.loader.ClassLoaders$PlatformClassLoader                            : 628K
Loader jdk.internal.reflect.DelegatingClassLoader                                      : 476K
Loader org.gradle.internal.classloader.VisitableURLClassLoader                         : 204K
Loader org.gradle.groovy.scripts.internal.DefaultScriptCompilationHandler$ScriptClassLoader: 128K

Classes loaded by more than one classloader:
Class Program                                                                         : loaded 5 times (x 72B)
Class Build_gradle                                                                    : loaded 3 times (x 126B)
Class com.google.common.collect.RegularImmutableMap$KeySet                            : loaded 2 times (x 152B)
Class org.gradle.internal.classloader.FilteringClassLoader                            : loaded 2 times (x 105B)
Class [Lcom.google.common.base.AbstractIterator$State;                                : loaded 2 times (x 69B)
Class com.google.common.base.CharMatcher$IsEither                                     : loaded 2 times (x 111B)
Class org.gradle.internal.classloader.ClassLoaderHierarchy                            : loaded 2 times (x 70B)
Class com.google.common.collect.ImmutableEnumSet                                      : loaded 2 times (x 146B)
Class com.google.common.util.concurrent.ExecutionError                                : loaded 2 times (x 82B)
Class com.google.common.collect.ImmutableList$1                                       : loaded 2 times (x 97B)
Class com.google.common.io.ByteArrayDataOutput                                        : loaded 2 times (x 70B)
Class com.google.common.collect.RegularImmutableMap                                   : loaded 2 times (x 121B)
Class com.google.common.collect.ImmutableMap$MapViewOfValuesAsSingletonSets           : loaded 2 times (x 126B)
Class [Lorg.objectweb.asm.Symbol;                                                     : loaded 2 times (x 69B)
Class org.objectweb.asm.ClassVisitor                                                  : loaded 2 times (x 88B)
Class com.google.common.collect.UnmodifiableListIterator                              : loaded 2 times (x 95B)
Class com.google.common.base.Platform$JdkPatternCompiler                              : loaded 2 times (x 75B)
Class org.objectweb.asm.MethodTooLargeException                                       : loaded 2 times (x 83B)
Class [Lcom.google.common.cache.CacheBuilder$OneWeigher;                              : loaded 2 times (x 69B)
Class com.google.common.base.Suppliers                                                : loaded 2 times (x 71B)
Class org.gradle.internal.classloader.DefaultClassLoaderFactory                       : loaded 2 times (x 82B)
Class com.google.common.base.CharMatcher$None                                         : loaded 2 times (x 112B)
Class [Lcom.google.common.collect.ImmutableMapEntry;                                  : loaded 2 times (x 69B)
Class com.google.common.collect.ListMultimap                                          : loaded 2 times (x 70B)
Class com.google.common.collect.ImmutableEnumMap                                      : loaded 2 times (x 126B)
Class com.google.common.base.Splitter                                                 : loaded 2 times (x 72B)
Class com.google.common.collect.Sets$1                                                : loaded 2 times (x 139B)
Class org.objectweb.asm.AnnotationVisitor                                             : loaded 2 times (x 78B)
Class org.gradle.api.internal.DefaultClassPathProvider                                : loaded 2 times (x 76B)
Class com.google.common.collect.Sets$2                                                : loaded 2 times (x 139B)
Class [Lorg.gradle.api.internal.ClassPathProvider;                                    : loaded 2 times (x 69B)
Class org.gradle.api.internal.ClassPathProvider                                       : loaded 2 times (x 70B)
Class com.google.common.base.AbstractIterator$State                                   : loaded 2 times (x 79B)
Class [Lorg.objectweb.asm.AnnotationVisitor;                                          : loaded 2 times (x 69B)
Class com.google.common.collect.Sets$3                                                : loaded 2 times (x 139B)
Class com.google.common.cache.LocalCache$LocalLoadingCache                            : loaded 2 times (x 134B)
Class org.gradle.internal.service.UnknownServiceException                             : loaded 2 times (x 83B)
Class com.google.common.io.ByteArrayDataInput                                         : loaded 2 times (x 70B)
Class com.google.common.collect.Sets$4                                                : loaded 2 times (x 139B)
Class org.objectweb.asm.ModuleVisitor                                                 : loaded 2 times (x 81B)
Class com.google.common.cache.LocalCache$Strength$1                                   : loaded 2 times (x 81B)
Class com.google.common.util.concurrent.SettableFuture                                : loaded 2 times (x 114B)
Class com.google.common.cache.LocalCache$Strength$2                                   : loaded 2 times (x 81B)
Class com.google.common.base.Splitter$1                                               : loaded 2 times (x 77B)
Class com.google.common.collect.Interner                                              : loaded 2 times (x 70B)
Class com.google.common.io.ByteStreams                                                : loaded 2 times (x 71B)
Class com.google.common.cache.LocalCache$Strength$3                                   : loaded 2 times (x 81B)
Class com.google.common.collect.MapDifference                                         : loaded 2 times (x 70B)
Class org.objectweb.asm.FieldWriter                                                   : loaded 2 times (x 78B)
Class com.google.common.cache.CacheBuilder$NullListener                               : loaded 2 times (x 82B)
Class org.gradle.internal.classpath.TransformedClassPath                              : loaded 2 times (x 96B)
Class org.gradle.internal.classloader.InstrumentingClassLoader                        : loaded 2 times (x 70B)
Class com.google.common.cache.CacheLoader$FunctionToCacheLoader                       : loaded 2 times (x 75B)
Class com.google.common.collect.Iterators$ArrayItr                                    : loaded 2 times (x 97B)
Class com.google.common.collect.ImmutableCollection$Builder                           : loaded 2 times (x 76B)
Class com.google.common.base.Joiner                                                   : loaded 2 times (x 79B)
Class com.google.common.base.Equivalence$Identity                                     : loaded 2 times (x 82B)
Class com.google.common.collect.Platform                                              : loaded 2 times (x 71B)
Class [Lorg.objectweb.asm.Type;                                                       : loaded 2 times (x 69B)
Class com.google.common.collect.UnmodifiableIterator                                  : loaded 2 times (x 80B)
Class org.gradle.internal.service.ServiceLocator                                      : loaded 2 times (x 70B)
Class com.google.common.base.Ascii                                                    : loaded 2 times (x 71B)
Class com.google.common.collect.SingletonImmutableBiMap                               : loaded 2 times (x 143B)
Class com.google.common.cache.LocalCache$1                                            : loaded 2 times (x 89B)
Class com.google.common.collect.Iterators$SingletonIterator                           : loaded 2 times (x 81B)
Class com.google.common.collect.AbstractMapEntry                                      : loaded 2 times (x 81B)
Class com.google.common.collect.Sets$ImprovedAbstractSet                              : loaded 2 times (x 135B)
Class com.google.common.collect.ImmutableList$Builder                                 : loaded 2 times (x 77B)
Class com.google.common.collect.AbstractMultimap                                      : loaded 2 times (x 123B)
Class com.google.common.cache.LocalCache$2                                            : loaded 2 times (x 142B)
Class com.google.common.collect.RegularImmutableAsList                                : loaded 2 times (x 217B)
Class com.google.common.util.concurrent.AbstractFuture$Trusted                        : loaded 2 times (x 70B)
Class com.google.common.collect.Iterators                                             : loaded 2 times (x 71B)
Class com.google.common.collect.Lists$StringAsImmutableList                           : loaded 2 times (x 207B)
Class com.google.common.util.concurrent.UncheckedExecutionException                   : loaded 2 times (x 82B)
Class org.gradle.kotlin.dsl.VersionCatalogAccessorsKt                                 : loaded 2 times (x 71B)
Class ijKotlinCoroutineJvmDebugInit1_79e9bzquytwpyk0ixam11jgk$_run_closure1$_closure2 : loaded 2 times (x 139B)
Class com.google.common.collect.AbstractMapBasedMultimap$KeySet$1                     : loaded 2 times (x 82B)
Class org.objectweb.asm.ClassWriter                                                   : loaded 2 times (x 106B)
Class com.google.common.cache.CacheLoader$UnsupportedLoadingOperationException        : loaded 2 times (x 82B)
Class com.google.common.base.CharMatcher$And                                          : loaded 2 times (x 112B)
Class ijKotlinCoroutineJvmDebugInit1_79e9bzquytwpyk0ixam11jgk                         : loaded 2 times (x 171B)
Class org.objectweb.asm.FieldVisitor                                                  : loaded 2 times (x 77B)
Class com.google.common.collect.IndexedImmutableSet                                   : loaded 2 times (x 152B)
Class com.google.common.collect.ImmutableMap$1                                        : loaded 2 times (x 81B)
Class com.google.common.collect.BiMap                                                 : loaded 2 times (x 70B)
Class org.gradle.api.internal.classpath.DefaultModuleRegistry$DefaultModule           : loaded 2 times (x 82B)
Class com.google.common.primitives.Ints                                               : loaded 2 times (x 71B)
Class com.google.common.collect.AbstractIterator                                      : loaded 2 times (x 82B)
Class com.google.common.collect.ObjectArrays                                          : loaded 2 times (x 71B)
Class com.google.common.math.MathPreconditions                                        : loaded 2 times (x 71B)
Class com.google.common.collect.Multiset                                              : loaded 2 times (x 70B)
Class com.google.common.collect.ArrayListMultimapGwtSerializationDependencies         : loaded 2 times (x 172B)
Class com.google.common.collect.AbstractIndexedListIterator                           : loaded 2 times (x 96B)
Class com.google.common.collect.ImmutableMapEntrySet                                  : loaded 2 times (x 152B)
Class org.gradle.api.internal.classpath.Module                                        : loaded 2 times (x 70B)
Class com.google.common.cache.Weigher                                                 : loaded 2 times (x 70B)
Class org.gradle.api.internal.classpath.UnknownModuleException                        : loaded 2 times (x 82B)
Class com.google.common.base.Stopwatch                                                : loaded 2 times (x 72B)
Class com.google.common.cache.LocalCache$Strength                                     : loaded 2 times (x 81B)
Class com.google.common.cache.Cache                                                   : loaded 2 times (x 70B)
Class com.google.common.base.NullnessCasts                                            : loaded 2 times (x 71B)
Class com.google.common.util.concurrent.AbstractFuture$Cancellation                   : loaded 2 times (x 72B)
Class com.google.common.collect.ImmutableMap$Builder                                  : loaded 2 times (x 82B)
Class com.google.common.cache.RemovalListener                                         : loaded 2 times (x 70B)
Class org.gradle.api.internal.DefaultClassPathRegistry                                : loaded 2 times (x 76B)
Class com.google.common.primitives.IntsMethodsForWeb                                  : loaded 2 times (x 71B)
Class com.google.common.collect.Multimap                                              : loaded 2 times (x 70B)
Class ijKotlinCoroutineJvmDebugInit1_79e9bzquytwpyk0ixam11jgk$_run_closure1           : loaded 2 times (x 139B)
Class org.gradle.internal.classpath.DefaultClassPath$ImmutableUniqueList              : loaded 2 times (x 199B)
Class org.gradle.api.internal.ClassPathRegistry                                       : loaded 2 times (x 70B)
Class com.google.common.base.MoreObjects                                              : loaded 2 times (x 71B)
Class com.google.common.cache.CacheBuilder                                            : loaded 2 times (x 72B)
Class com.google.common.collect.SingletonImmutableList                                : loaded 2 times (x 207B)
Class Settings_gradle$1                                                               : loaded 2 times (x 74B)
Class org.gradle.internal.classpath.ClassPath                                         : loaded 2 times (x 70B)
Class com.google.common.base.JdkPattern                                               : loaded 2 times (x 75B)
Class com.google.common.collect.ImmutableList$ReverseImmutableList                    : loaded 2 times (x 209B)
Class org.objectweb.asm.SymbolTable$Entry                                             : loaded 2 times (x 74B)
Class org.gradle.api.internal.classpath.DefaultModuleRegistry$DefaultModuleAlias      : loaded 2 times (x 80B)
Class org.objectweb.asm.Edge                                                          : loaded 2 times (x 72B)
Class com.google.common.base.Suppliers$SupplierOfInstance                             : loaded 2 times (x 79B)
Class com.google.common.collect.Iterators$1                                           : loaded 2 times (x 81B)
Class com.google.common.cache.LocalCache$ComputingValueReference                      : loaded 2 times (x 96B)
Class com.google.common.collect.SingletonImmutableSet                                 : loaded 2 times (x 146B)
Class com.google.common.collect.ImmutableMap$IteratorBasedImmutableMap                : loaded 2 times (x 126B)
Class ijJvmDebugger1_9gnlpkvfcjvtvz71pm97wvvfb$_run_closure1                          : loaded 2 times (x 139B)
Class com.google.common.cache.LocalCache$Segment                                      : loaded 2 times (x 154B)
Class com.google.common.collect.AbstractListMultimap                                  : loaded 2 times (x 172B)
Class [Lorg.objectweb.asm.SymbolTable$Entry;                                          : loaded 2 times (x 69B)
Class com.google.common.cache.CacheLoader                                             : loaded 2 times (x 74B)
Class com.google.common.collect.Iterators$4                                           : loaded 2 times (x 82B)
Class com.google.common.collect.ImmutableBiMap                                        : loaded 2 times (x 143B)
Class org.gradle.api.internal.classpath.ModuleRegistry                                : loaded 2 times (x 70B)
Class org.gradle.internal.installation.GradleInstallation$1                           : loaded 2 times (x 75B)
Class com.google.common.base.Splitter$SplittingIterator                               : loaded 2 times (x 84B)
Class com.google.common.collect.ImmutableSet$JdkBackedSetBuilderImpl                  : loaded 2 times (x 76B)
Class com.google.common.util.concurrent.internal.InternalFutureFailureAccess          : loaded 2 times (x 72B)
Class com.google.common.collect.Iterators$5                                           : loaded 2 times (x 82B)
Class com.google.common.cache.LocalCache$LocalManualCache$1                           : loaded 2 times (x 75B)
Class com.google.common.base.CharMatcher$ForPredicate                                 : loaded 2 times (x 112B)
Class com.google.common.base.CharMatcher$AnyOf                                        : loaded 2 times (x 112B)
Class com.google.common.collect.ImmutableCollection                                   : loaded 2 times (x 125B)
Class org.gradle.api.internal.classpath.DefaultModuleRegistry                         : loaded 2 times (x 84B)
Class com.google.common.collect.Lists                                                 : loaded 2 times (x 71B)
Class com.google.common.util.concurrent.ListenableFuture                              : loaded 2 times (x 70B)
Class com.google.common.cache.ReferenceEntry                                          : loaded 2 times (x 70B)
Class com.google.common.base.Converter                                                : loaded 2 times (x 90B)
Class com.google.common.collect.ImmutableSet$CachingAsList                            : loaded 2 times (x 148B)
Class com.google.common.collect.AbstractMapBasedMultimap                              : loaded 2 times (x 139B)
Class com.google.common.util.concurrent.AbstractFuture                                : loaded 2 times (x 106B)
Class com.google.common.base.FunctionalEquivalence                                    : loaded 2 times (x 83B)
Class com.google.common.collect.Iterators$9                                           : loaded 2 times (x 81B)
Class com.google.common.collect.ImmutableAsList                                       : loaded 2 times (x 209B)
Class org.objectweb.asm.RecordComponentVisitor                                        : loaded 2 times (x 77B)
Class com.google.common.cache.CacheLoader$SupplierToCacheLoader                       : loaded 2 times (x 75B)
Class com.google.common.collect.Maps$EntryTransformer                                 : loaded 2 times (x 70B)
Class org.gradle.internal.service.ServiceLookupException                              : loaded 2 times (x 82B)
Class com.google.common.collect.Lists$ReverseList                                     : loaded 2 times (x 200B)
Class [Lcom.google.common.cache.LocalCache$EntryFactory;                              : loaded 2 times (x 69B)
Class org.gradle.internal.classloader.ClassLoaderFactory                              : loaded 2 times (x 70B)
Class com.google.common.base.CommonPattern                                            : loaded 2 times (x 74B)
Class com.google.common.cache.LocalCache$LocalManualCache                             : loaded 2 times (x 99B)
Class com.google.common.base.CharMatcher$IsNot                                        : loaded 2 times (x 111B)
Class org.gradle.internal.service.CachingServiceLocator                               : loaded 2 times (x 82B)
Class com.google.common.collect.AbstractMapBasedMultimap$KeySet                       : loaded 2 times (x 137B)
Class com.google.common.math.IntMath                                                  : loaded 2 times (x 71B)
Class com.google.common.collect.ImmutableMapEntry                                     : loaded 2 times (x 85B)
Class com.google.common.base.Equivalence                                              : loaded 2 times (x 82B)
Class com.google.common.base.Function                                                 : loaded 2 times (x 70B)
Class com.google.common.collect.ImmutableMapEntry$NonTerminalImmutableMapEntry        : loaded 2 times (x 85B)
Class com.google.common.cache.CacheBuilder$OneWeigher                                 : loaded 2 times (x 82B)
Class com.google.common.collect.RegularImmutableList                                  : loaded 2 times (x 213B)
Class org.gradle.internal.classloader.ClasspathUtil                                   : loaded 2 times (x 71B)
Class com.google.common.util.concurrent.Uninterruptibles                              : loaded 2 times (x 71B)
Class com.google.common.util.concurrent.LazyLogger                                    : loaded 2 times (x 72B)
Class com.google.common.collect.Maps                                                  : loaded 2 times (x 71B)
Class org.gradle.api.specs.Spec                                                       : loaded 2 times (x 70B)
Class [Lcom.google.common.collect.ImmutableEntry;                                     : loaded 2 times (x 69B)
Class com.google.common.cache.LocalCache$LoadingValueReference                        : loaded 2 times (x 96B)
Class com.google.common.base.Platform                                                 : loaded 2 times (x 71B)
Class [Lorg.objectweb.asm.AnnotationWriter;                                           : loaded 2 times (x 69B)
Class com.google.common.collect.Maps$8                                                : loaded 2 times (x 82B)
Class com.google.common.collect.Lists$ReverseList$1                                   : loaded 2 times (x 99B)
Class com.google.common.collect.Sets$SetView                                          : loaded 2 times (x 138B)
Class com.google.common.cache.LocalCache$StrongValueReference                         : loaded 2 times (x 90B)
Class org.objectweb.asm.Type                                                          : loaded 2 times (x 72B)
Class org.gradle.internal.classloader.VisitableURLClassLoader$InstrumentingVisitableURLClassLoader: loaded 2 times (x 123B)
Class com.google.common.math.IntMath$1                                                : loaded 2 times (x 71B)
Class org.objectweb.asm.ByteVector                                                    : loaded 2 times (x 79B)
Class [Lcom.google.common.cache.CacheBuilder$NullListener;                            : loaded 2 times (x 69B)
Class org.gradle.internal.classloader.VisitableURLClassLoader$Spec                    : loaded 2 times (x 74B)
Class org.gradle.internal.classpath.DefaultClassPath                                  : loaded 2 times (x 90B)
Class com.google.common.base.AbstractIterator                                         : loaded 2 times (x 80B)
Class org.objectweb.asm.Symbol                                                        : loaded 2 times (x 73B)
Class com.google.common.io.Closer                                                     : loaded 2 times (x 78B)
Class com.google.common.base.CharMatcher$BitSetMatcher                                : loaded 2 times (x 112B)
Class com.google.common.collect.RegularImmutableMap$Values                            : loaded 2 times (x 207B)
Class com.google.common.collect.ImmutableSet                                          : loaded 2 times (x 145B)
Class org.gradle.internal.classloader.ClassLoaderSpec                                 : loaded 2 times (x 71B)
Class org.objectweb.asm.AnnotationWriter                                              : loaded 2 times (x 79B)
Class com.google.common.cache.CacheStats                                              : loaded 2 times (x 71B)
Class com.google.common.io.Closer$Suppressor                                          : loaded 2 times (x 70B)
Class org.objectweb.asm.RecordComponentWriter                                         : loaded 2 times (x 78B)
Class com.google.common.util.concurrent.AbstractFuture$Listener                       : loaded 2 times (x 72B)
Class com.google.common.base.CharMatcher$Or                                           : loaded 2 times (x 112B)
Class Settings_gradle$1$1                                                             : loaded 2 times (x 74B)
Class org.gradle.api.internal.classpath.Module$ModuleAlias                            : loaded 2 times (x 70B)
Class org.objectweb.asm.Attribute                                                     : loaded 2 times (x 77B)
Class com.google.common.base.Supplier                                                 : loaded 2 times (x 70B)
Class org.gradle.internal.classloader.VisitableURLClassLoader                         : loaded 2 times (x 117B)
Class com.google.common.collect.ImmutableList$SerializedForm                          : loaded 2 times (x 73B)
Class Settings_gradle                                                                 : loaded 2 times (x 124B)
Class org.gradle.internal.Cast                                                        : loaded 2 times (x 71B)
Class org.gradle.api.Action                                                           : loaded 2 times (x 70B)
Class com.google.common.base.Strings                                                  : loaded 2 times (x 71B)
Class com.google.common.collect.Sets                                                  : loaded 2 times (x 71B)
Class org.objectweb.asm.Handler                                                       : loaded 2 times (x 72B)
Class com.google.common.base.Ticker                                                   : loaded 2 times (x 72B)
Class com.google.common.base.CharMatcher$FastMatcher                                  : loaded 2 times (x 111B)
Class [Lcom.google.common.cache.LocalCache$Segment;                                   : loaded 2 times (x 69B)
Class [Lcom.google.common.cache.LocalCache$Strength;                                  : loaded 2 times (x 69B)
Class com.google.common.cache.CacheBuilder$1                                          : loaded 2 times (x 85B)
Class com.google.common.base.Predicate                                                : loaded 2 times (x 70B)
Class com.google.common.collect.ImmutableMap                                          : loaded 2 times (x 120B)
Class org.gradle.internal.classpath.DefaultClassPath$ImmutableUniqueList$Builder      : loaded 2 times (x 75B)
Class com.google.common.cache.LocalCache                                              : loaded 2 times (x 187B)
Class com.google.common.cache.CacheBuilder$2                                          : loaded 2 times (x 79B)
Class com.google.common.base.CharMatcher$NegatedFastMatcher                           : loaded 2 times (x 113B)
Class com.google.common.collect.ArrayListMultimap                                     : loaded 2 times (x 172B)
Class com.google.common.cache.CacheBuilder$3                                          : loaded 2 times (x 72B)
Class [Lcom.google.common.collect.AbstractMapEntry;                                   : loaded 2 times (x 69B)
Class com.google.common.collect.ImmutableEntry                                        : loaded 2 times (x 82B)
Class org.gradle.api.GradleException                                                  : loaded 2 times (x 82B)
Class com.google.common.base.Suppliers$MemoizingSupplier                              : loaded 2 times (x 79B)
Class com.google.common.collect.CollectPreconditions                                  : loaded 2 times (x 71B)
Class com.google.common.collect.SortedMapDifference                                   : loaded 2 times (x 70B)
Class com.google.common.cache.LocalCache$EntryFactory                                 : loaded 2 times (x 83B)
Class com.google.common.base.CharMatcher$Whitespace                                   : loaded 2 times (x 112B)
Class com.google.common.cache.LocalCache$AbstractReferenceEntry                       : loaded 2 times (x 107B)
Class org.gradle.internal.IoActions                                                   : loaded 2 times (x 71B)
Class org.objectweb.asm.SymbolTable                                                   : loaded 2 times (x 72B)
Class com.google.common.cache.CacheLoader$InvalidCacheLoadException                   : loaded 2 times (x 82B)
Class com.google.common.collect.ImmutableSet$RegularSetBuilderImpl                    : loaded 2 times (x 77B)
Class com.google.common.cache.LocalCache$StrongEntry                                  : loaded 2 times (x 108B)
Class com.google.common.util.concurrent.AbstractFuture$TrustedFuture                  : loaded 2 times (x 114B)
Class com.google.common.cache.LoadingCache                                            : loaded 2 times (x 70B)
Class com.google.common.io.ByteStreams$LimitedInputStream                             : loaded 2 times (x 92B)
Class com.google.common.base.Suppliers$NonSerializableMemoizingSupplier               : loaded 2 times (x 79B)
Class org.objectweb.asm.MethodWriter                                                  : loaded 2 times (x 106B)
Class [Lcom.google.common.cache.Weigher;                                              : loaded 2 times (x 69B)
Class com.google.common.collect.RegularImmutableMap$BucketOverflowException           : loaded 2 times (x 82B)
Class com.google.common.collect.RegularImmutableBiMap                                 : loaded 2 times (x 149B)
Class com.google.common.cache.LocalCache$ValueReference                               : loaded 2 times (x 70B)
Class com.google.common.base.CharMatcher$Negated                                      : loaded 2 times (x 113B)
Class com.google.common.base.CharMatcher$Is                                           : loaded 2 times (x 111B)
Class com.google.common.base.PatternCompiler                                          : loaded 2 times (x 70B)
Class com.google.common.util.concurrent.AbstractFuture$Failure                        : loaded 2 times (x 72B)
Class com.google.common.base.Equivalence$Equals                                       : loaded 2 times (x 82B)
Class com.google.common.collect.Hashing                                               : loaded 2 times (x 71B)
Class com.google.common.base.Preconditions                                            : loaded 2 times (x 71B)
Class com.google.common.base.Joiner$1                                                 : loaded 2 times (x 80B)
Class org.objectweb.asm.Label                                                         : loaded 2 times (x 73B)
Class org.objectweb.asm.CurrentFrame                                                  : loaded 2 times (x 73B)
Class org.objectweb.asm.ClassTooLargeException                                        : loaded 2 times (x 83B)
Class com.google.common.base.CharMatcher                                              : loaded 2 times (x 111B)
Class com.google.common.collect.PeekingIterator                                       : loaded 2 times (x 70B)
Class ijJvmDebugger1_9gnlpkvfcjvtvz71pm97wvvfb$_run_closure1$_closure2                : loaded 2 times (x 140B)
Class com.google.common.base.Joiner$2                                                 : loaded 2 times (x 79B)
Class org.objectweb.asm.Frame                                                         : loaded 2 times (x 73B)
Class org.objectweb.asm.MethodVisitor                                                 : loaded 2 times (x 105B)
Class com.google.common.cache.LocalCache$EntryFactory$1                               : loaded 2 times (x 83B)
Class [Lcom.google.common.cache.RemovalListener;                                      : loaded 2 times (x 69B)
Class com.google.common.base.CharMatcher$NamedFastMatcher                             : loaded 2 times (x 112B)
Class com.google.common.base.CharMatcher$1                                            : loaded 2 times (x 113B)
Class com.google.common.cache.LocalCache$EntryFactory$2                               : loaded 2 times (x 83B)
Class org.objectweb.asm.ModuleWriter                                                  : loaded 2 times (x 82B)
Class com.google.common.cache.LocalCache$EntryFactory$3                               : loaded 2 times (x 83B)
Class com.google.common.base.Ticker$1                                                 : loaded 2 times (x 72B)
Class com.google.common.collect.Maps$BiMapConverter                                   : loaded 2 times (x 90B)
Class com.google.common.collect.ImmutableMapEntrySet$RegularEntrySet                  : loaded 2 times (x 152B)
Class com.google.common.collect.ImmutableSet$Builder                                  : loaded 2 times (x 85B)
Class com.google.common.cache.LocalCache$EntryFactory$4                               : loaded 2 times (x 83B)
Class com.google.common.base.CharMatcher$InRange                                      : loaded 2 times (x 111B)
Class com.google.common.io.ByteStreams$1                                              : loaded 2 times (x 85B)
Class com.google.common.cache.LocalCache$EntryFactory$5                               : loaded 2 times (x 83B)
Class com.google.common.base.PairwiseEquivalence                                      : loaded 2 times (x 83B)
Class com.google.common.cache.LocalCache$EntryFactory$6                               : loaded 2 times (x 83B)
Class org.gradle.internal.installation.CurrentGradleInstallationLocator               : loaded 2 times (x 71B)
Class com.google.common.collect.Maps$KeySet                                           : loaded 2 times (x 137B)
Class com.google.common.collect.ImmutableSet$EmptySetBuilderImpl                      : loaded 2 times (x 76B)
Class com.google.common.cache.LocalCache$EntryFactory$7                               : loaded 2 times (x 83B)
Class com.google.common.collect.ImmutableList                                         : loaded 2 times (x 206B)
Class org.gradle.internal.service.DefaultServiceLocator                               : loaded 2 times (x 83B)
Class com.google.common.cache.LocalCache$EntryFactory$8                               : loaded 2 times (x 83B)
Class com.google.common.collect.ImmutableSet$SetBuilderImpl                           : loaded 2 times (x 76B)
Class org.gradle.internal.installation.CurrentGradleInstallation                      : loaded 2 times (x 73B)
Class com.google.common.cache.CacheLoader$1                                           : loaded 2 times (x 75B)
Class com.google.common.collect.ForwardingObject                                      : loaded 2 times (x 72B)
Class com.google.common.collect.ImmutableList$SubList                                 : loaded 2 times (x 209B)
Class org.gradle.util.internal.GUtil                                                  : loaded 2 times (x 71B)
Class com.google.common.cache.AbstractCache$StatsCounter                              : loaded 2 times (x 70B)
Class com.google.common.collect.Iterators$MergingIterator                             : loaded 2 times (x 81B)
Class com.google.common.collect.RegularImmutableSet                                   : loaded 2 times (x 149B)
Class org.gradle.internal.installation.GradleInstallation                             : loaded 2 times (x 75B)
Class com.google.common.base.Splitter$Strategy                                        : loaded 2 times (x 70B)
Class com.google.common.collect.Iterables                                             : loaded 2 times (x 71B)
Class com.google.common.collect.Lists$RandomAccessReverseList                         : loaded 2 times (x 200B)
Class ijJvmDebugger1_9gnlpkvfcjvtvz71pm97wvvfb                                        : loaded 2 times (x 171B)

---------------  S Y S T E M  ---------------

OS:
 Windows 11 , 64 bit Build 26100 (10.0.26100.8328)
OS uptime: 0 days 8:40 hours
Hyper-V role detected

CPU: total 12 (initial active 12) (12 cores per cpu, 2 threads per core) family 25 model 80 stepping 0 microcode 0xa50000d, cx8, cmov, fxsr, ht, mmx, 3dnowpref, sse, sse2, sse3, ssse3, sse4a, sse4.1, sse4.2, popcnt, lzcnt, tsc, tscinvbit, avx, avx2, aes, erms, clmul, bmi1, bmi2, adx, sha, fma, vzeroupper, clflush, clflushopt, hv, rdtscp, rdpid, fsrm, f16c, cet_ss
Processor Information for the first 12 processors :
  Max Mhz: 3301, Current Mhz: 3301, Mhz Limit: 3301

Memory: 4k page, system-wide physical 20332M (5845M free)
TotalPageFile size 20332M (AvailPageFile size 28M)
current process WorkingSet (physical memory assigned to process): 716M, peak: 716M
current process commit charge ("private bytes"): 792M, peak: 843M

vm_info: OpenJDK 64-Bit Server VM (21.0.10+-14961533-b1163.108) for windows-amd64 JRE (21.0.10+-14961533-b1163.108), built on 2026-03-02T19:58:50Z by "builder" with MS VC++ 16.10 / 16.11 (VS2019)

END.
